epoch,symbol,price,spread,direction,vol_proxy
1785306164.0,R_100,840.8,0.0,0,0.0
1785306165.0,R_100,840.81,0.0049999999999954525,1,1.0
1785306166.0,R_100,840.89,0.040000000000020464,1,1.0
1785306167.0,R_100,840.86,0.014999999999986358,-1,1.0
1785306168.0,R_100,840.9,0.01999999999998181,1,1.0
1785306169.0,R_100,840.82,0.03999999999996362,-1,1.0
1785306170.0,R_100,840.99,0.08499999999997954,1,1.0
1785306171.0,R_100,841.05,0.029999999999972715,1,1.0
1785306172.0,R_100,840.92,0.06499999999999773,-1,1.0
1785306173.0,R_100,840.79,0.06499999999999773,-1,1.0
1785306174.0,R_100,840.92,0.06499999999999773,1,1.0
1785306175.0,R_100,841.03,0.05500000000000682,1,1.0
1785306176.0,R_100,841.19,0.08000000000004093,1,1.0
1785306177.0,R_100,841.22,0.014999999999986358,1,1.0
1785306178.0,R_100,841.18,0.020000000000038654,-1,1.0
1785306179.0,R_100,841.22,0.020000000000038654,1,1.0
1785306180.0,R_100,841.45,0.1150000000000091,1,1.0
1785306181.0,R_100,841.57,0.060000000000002274,1,1.0
1785306182.0,R_100,841.65,0.03999999999996362,1,1.0
1785306183.0,R_100,841.84,0.09500000000002728,1,1.0
1785306184.0,R_100,841.66,0.09000000000003183,-1,1.0
1785306185.0,R_100,841.45,0.10499999999996135,-1,1.0
1785306186.0,R_100,841.58,0.06499999999999773,1,1.0
1785306187.0,R_100,841.58,0.0,0,1.0
1785306188.0,R_100,841.71,0.06499999999999773,1,1.0
1785306189.0,R_100,841.68,0.015000000000043201,-1,1.0
1785306190.0,R_100,841.56,0.060000000000002274,-1,1.0
1785306191.0,R_100,841.81,0.125,1,1.0
1785306192.0,R_100,841.96,0.07500000000004547,1,1.0
1785306193.0,R_100,841.78,0.09000000000003183,-1,1.0
1785306194.0,R_100,841.74,0.01999999999998181,-1,1.0
1785306195.0,R_100,841.66,0.040000000000020464,-1,1.0
1785306196.0,R_100,841.56,0.05000000000001137,-1,1.0
1785306197.0,R_100,841.67,0.05500000000000682,1,1.0
1785306198.0,R_100,841.48,0.09499999999997044,-1,1.0
1785306199.0,R_100,841.36,0.060000000000002274,-1,1.0
1785306200.0,R_100,841.63,0.1349999999999909,1,1.0
1785306201.0,R_100,841.9,0.1349999999999909,1,1.0
1785306202.0,R_100,842.02,0.060000000000002274,1,1.0
1785306203.0,R_100,842.03,0.0049999999999954525,1,1.0
1785306204.0,R_100,841.96,0.03499999999996817,-1,1.0
1785306205.0,R_100,841.68,0.1400000000000432,-1,1.0
1785306206.0,R_100,841.57,0.05499999999994998,-1,1.0
1785306207.0,R_100,841.41,0.08000000000004093,-1,1.0
1785306208.0,R_100,841.33,0.03999999999996362,-1,1.0
1785306209.0,R_100,841.15,0.09000000000003183,-1,1.0
1785306210.0,R_100,841.16,0.0049999999999954525,1,1.0
1785306211.0,R_100,840.95,0.10499999999996135,-1,1.0
1785306212.0,R_100,841.14,0.09499999999997044,1,1.0
1785306213.0,R_100,841.2,0.03000000000002956,1,1.0
1785306214.0,R_100,841.19,0.0049999999999954525,-1,1.0
1785306215.0,R_100,841.2,0.0049999999999954525,1,1.0
1785306216.0,R_100,841.13,0.03500000000002501,-1,1.0
1785306217.0,R_100,840.9,0.1150000000000091,-1,1.0
1785306218.0,R_100,840.87,0.014999999999986358,-1,1.0
1785306219.0,R_100,841.04,0.08499999999997954,1,1.0
1785306220.0,R_100,840.89,0.07499999999998863,-1,1.0
1785306221.0,R_100,840.66,0.1150000000000091,-1,1.0
1785306222.0,R_100,840.89,0.1150000000000091,1,1.0
1785306223.0,R_100,840.86,0.014999999999986358,-1,1.0
1785306224.0,R_100,840.68,0.09000000000003183,-1,1.0
1785306225.0,R_100,840.83,0.07500000000004547,1,1.0
1785306226.0,R_100,840.94,0.05500000000000682,1,1.0
1785306227.0,R_100,840.86,0.040000000000020464,-1,1.0
1785306228.0,R_100,840.76,0.05000000000001137,-1,1.0
1785306229.0,R_100,840.81,0.024999999999977263,1,1.0
1785306230.0,R_100,840.91,0.05000000000001137,1,1.0
1785306231.0,R_100,841.02,0.05500000000000682,1,1.0
1785306232.0,R_100,841.24,0.11000000000001364,1,1.0
1785306233.0,R_100,841.28,0.01999999999998181,1,1.0
1785306234.0,R_100,841.49,0.10500000000001819,1,1.0
1785306235.0,R_100,841.2,0.1449999999999818,-1,1.0
1785306236.0,R_100,840.94,0.12999999999999545,-1,1.0
1785306237.0,R_100,840.79,0.07500000000004547,-1,1.0
1785306238.0,R_100,840.76,0.014999999999986358,-1,1.0
1785306239.0,R_100,840.59,0.08499999999997954,-1,1.0
1785306240.0,R_100,840.43,0.08000000000004093,-1,1.0
1785306241.0,R_100,840.29,0.06999999999999318,-1,1.0
1785306242.0,R_100,840.16,0.06499999999999773,-1,1.0
1785306243.0,R_100,840.27,0.05500000000000682,1,1.0
1785306244.0,R_100,840.18,0.045000000000015916,-1,1.0
1785306245.0,R_100,840.06,0.060000000000002274,-1,1.0
1785306246.0,R_100,840.24,0.09000000000003183,1,1.0
1785306247.0,R_100,840.31,0.03499999999996817,1,1.0
1785306248.0,R_100,840.42,0.05500000000000682,1,1.0
1785306249.0,R_100,840.36,0.029999999999972715,-1,1.0
1785306250.0,R_100,840.48,0.060000000000002274,1,1.0
1785306251.0,R_100,840.44,0.01999999999998181,-1,1.0
1785306252.0,R_100,840.31,0.06500000000005457,-1,1.0
1785306253.0,R_100,840.3,0.0049999999999954525,-1,1.0
1785306254.0,R_100,840.49,0.09500000000002728,1,1.0
1785306255.0,R_100,840.36,0.06499999999999773,-1,1.0
1785306256.0,R_100,840.7,0.17000000000001592,1,1.0
1785306257.0,R_100,840.73,0.014999999999986358,1,1.0
1785306258.0,R_100,840.5,0.1150000000000091,-1,1.0
1785306259.0,R_100,840.76,0.12999999999999545,1,1.0
1785306260.0,R_100,840.79,0.014999999999986358,1,1.0
1785306261.0,R_100,840.99,0.10000000000002274,1,1.0
1785306262.0,R_100,841.09,0.05000000000001137,1,1.0
1785306263.0,R_100,841.29,0.0999999999999659,1,1.0
1785306264.0,R_100,841.28,0.0049999999999954525,-1,1.0
1785306265.0,R_100,841.29,0.0049999999999954525,1,1.0
1785306266.0,R_100,841.25,0.01999999999998181,-1,1.0
1785306267.0,R_100,841.1,0.07499999999998863,-1,1.0
1785306268.0,R_100,841.0,0.05000000000001137,-1,1.0
1785306269.0,R_100,841.01,0.0049999999999954525,1,1.0
1785306270.0,R_100,841.1,0.045000000000015916,1,1.0
1785306271.0,R_100,841.36,0.12999999999999545,1,1.0
1785306272.0,R_100,841.09,0.1349999999999909,-1,1.0
1785306273.0,R_100,840.86,0.1150000000000091,-1,1.0
1785306274.0,R_100,840.95,0.045000000000015916,1,1.0
1785306275.0,R_100,840.83,0.060000000000002274,-1,1.0
1785306276.0,R_100,840.96,0.06499999999999773,1,1.0
1785306277.0,R_100,840.76,0.10000000000002274,-1,1.0
1785306278.0,R_100,840.73,0.014999999999986358,-1,1.0
1785306279.0,R_100,840.85,0.060000000000002274,1,1.0
1785306280.0,R_100,840.94,0.045000000000015916,1,1.0
1785306281.0,R_100,840.63,0.15500000000002956,-1,1.0
1785306282.0,R_100,840.56,0.03500000000002501,-1,1.0
1785306283.0,R_100,840.73,0.08500000000003638,1,1.0
1785306284.0,R_100,840.55,0.09000000000003183,-1,1.0
1785306285.0,R_100,840.41,0.06999999999999318,-1,1.0
1785306286.0,R_100,840.17,0.12000000000000455,-1,1.0
1785306287.0,R_100,840.19,0.010000000000047748,1,1.0
1785306288.0,R_100,840.01,0.09000000000003183,-1,1.0
1785306289.0,R_100,840.21,0.10000000000002274,1,1.0
1785306290.0,R_100,840.2,0.0049999999999954525,-1,1.0
1785306291.0,R_100,840.06,0.07000000000005002,-1,1.0
1785306292.0,R_100,840.07,0.005000000000052296,1,1.0
1785306293.0,R_100,840.24,0.08499999999997954,1,1.0
1785306294.0,R_100,840.28,0.01999999999998181,1,1.0
1785306295.0,R_100,840.09,0.09499999999997044,-1,1.0
1785306296.0,R_100,839.86,0.1150000000000091,-1,1.0
1785306297.0,R_100,839.91,0.024999999999977263,1,1.0
1785306298.0,R_100,839.94,0.015000000000043201,1,1.0
1785306299.0,R_100,839.92,0.010000000000047748,-1,1.0
1785306300.0,R_100,840.0,0.040000000000020464,1,1.0
1785306301.0,R_100,839.99,0.0049999999999954525,-1,1.0
1785306302.0,R_100,840.21,0.11000000000001364,1,1.0
1785306303.0,R_100,840.09,0.060000000000002274,-1,1.0
1785306304.0,R_100,839.98,0.05500000000000682,-1,1.0
1785306305.0,R_100,839.96,0.009999999999990905,-1,1.0
1785306306.0,R_100,840.02,0.029999999999972715,1,1.0
1785306307.0,R_100,839.91,0.05500000000000682,-1,1.0
1785306308.0,R_100,839.77,0.06999999999999318,-1,1.0
1785306309.0,R_100,839.87,0.05000000000001137,1,1.0
1785306310.0,R_100,839.85,0.009999999999990905,-1,1.0
1785306311.0,R_100,839.97,0.060000000000002274,1,1.0
1785306312.0,R_100,840.18,0.10499999999996135,1,1.0
1785306313.0,R_100,840.02,0.07999999999998408,-1,1.0
1785306314.0,R_100,839.75,0.1349999999999909,-1,1.0
1785306315.0,R_100,839.73,0.009999999999990905,-1,1.0
1785306316.0,R_100,839.37,0.18000000000000682,-1,1.0
1785306317.0,R_100,839.43,0.029999999999972715,1,1.0
1785306318.0,R_100,839.58,0.07500000000004547,1,1.0
1785306319.0,R_100,839.61,0.014999999999986358,1,1.0
1785306320.0,R_100,839.56,0.025000000000034106,-1,1.0
1785306321.0,R_100,839.61,0.025000000000034106,1,1.0
1785306322.0,R_100,839.46,0.07499999999998863,-1,1.0
1785306323.0,R_100,839.5,0.01999999999998181,1,1.0
1785306324.0,R_100,839.38,0.060000000000002274,-1,1.0
1785306325.0,R_100,839.22,0.07999999999998408,-1,1.0
1785306326.0,R_100,839.15,0.03500000000002501,-1,1.0
1785306327.0,R_100,838.95,0.0999999999999659,-1,1.0
1785306328.0,R_100,838.95,0.0,0,1.0
1785306329.0,R_100,839.16,0.10499999999996135,1,1.0
1785306330.0,R_100,839.13,0.014999999999986358,-1,1.0
1785306331.0,R_100,839.22,0.045000000000015916,1,1.0
1785306332.0,R_100,839.29,0.03499999999996817,1,1.0
1785306333.0,R_100,839.22,0.03499999999996817,-1,1.0
1785306334.0,R_100,839.17,0.025000000000034106,-1,1.0
1785306335.0,R_100,838.84,0.16499999999996362,-1,1.0
1785306336.0,R_100,839.03,0.09499999999997044,1,1.0
1785306337.0,R_100,838.98,0.024999999999977263,-1,1.0
1785306338.0,R_100,839.01,0.014999999999986358,1,1.0
1785306339.0,R_100,839.05,0.01999999999998181,1,1.0
1785306340.0,R_100,839.08,0.015000000000043201,1,1.0
1785306341.0,R_100,838.72,0.18000000000000682,-1,1.0
1785306342.0,R_100,838.51,0.10500000000001819,-1,1.0
1785306343.0,R_100,838.47,0.01999999999998181,-1,1.0
1785306344.0,R_100,838.53,0.029999999999972715,1,1.0
1785306345.0,R_100,838.49,0.01999999999998181,-1,1.0
1785306346.0,R_100,838.46,0.014999999999986358,-1,1.0
1785306347.0,R_100,838.54,0.03999999999996362,1,1.0
1785306348.0,R_100,838.52,0.009999999999990905,-1,1.0
1785306349.0,R_100,838.34,0.08999999999997499,-1,1.0
1785306350.0,R_100,838.52,0.08999999999997499,1,1.0
1785306351.0,R_100,838.4,0.060000000000002274,-1,1.0
1785306352.0,R_100,838.18,0.11000000000001364,-1,1.0
1785306353.0,R_100,838.3,0.060000000000002274,1,1.0
1785306354.0,R_100,838.27,0.014999999999986358,-1,1.0
1785306355.0,R_100,838.25,0.009999999999990905,-1,1.0
1785306356.0,R_100,838.46,0.10500000000001819,1,1.0
1785306357.0,R_100,838.73,0.1349999999999909,1,1.0
1785306358.0,R_100,838.77,0.01999999999998181,1,1.0
1785306359.0,R_100,838.92,0.07499999999998863,1,1.0
1785306360.0,R_100,838.91,0.0049999999999954525,-1,1.0
1785306361.0,R_100,839.05,0.06999999999999318,1,1.0
1785306362.0,R_100,839.11,0.03000000000002956,1,1.0
1785306363.0,R_100,839.01,0.05000000000001137,-1,1.0
1785306364.0,R_100,839.22,0.10500000000001819,1,1.0
1785306365.0,R_100,839.05,0.08500000000003638,-1,1.0
1785306366.0,R_100,839.08,0.015000000000043201,1,1.0
1785306367.0,R_100,838.9,0.09000000000003183,-1,1.0
1785306368.0,R_100,838.83,0.03499999999996817,-1,1.0
1785306369.0,R_100,838.63,0.10000000000002274,-1,1.0
1785306370.0,R_100,838.56,0.03500000000002501,-1,1.0
1785306371.0,R_100,838.49,0.03499999999996817,-1,1.0
1785306372.0,R_100,838.61,0.060000000000002274,1,1.0
1785306373.0,R_100,838.62,0.0049999999999954525,1,1.0
1785306374.0,R_100,838.76,0.06999999999999318,1,1.0
1785306375.0,R_100,838.46,0.14999999999997726,-1,1.0
1785306376.0,R_100,838.57,0.05500000000000682,1,1.0
1785306377.0,R_100,838.43,0.07000000000005002,-1,1.0
1785306378.0,R_100,838.33,0.049999999999954525,-1,1.0
1785306379.0,R_100,838.26,0.03500000000002501,-1,1.0
1785306380.0,R_100,838.11,0.07499999999998863,-1,1.0
1785306381.0,R_100,838.09,0.009999999999990905,-1,1.0
1785306382.0,R_100,837.84,0.125,-1,1.0
1785306383.0,R_100,837.92,0.03999999999996362,1,1.0
1785306384.0,R_100,838.03,0.05500000000000682,1,1.0
1785306385.0,R_100,838.01,0.009999999999990905,-1,1.0
1785306386.0,R_100,838.18,0.08499999999997954,1,1.0
1785306387.0,R_100,838.23,0.025000000000034106,1,1.0
1785306388.0,R_100,838.2,0.014999999999986358,-1,1.0
1785306389.0,R_100,838.34,0.06999999999999318,1,1.0
1785306390.0,R_100,838.3,0.020000000000038654,-1,1.0
1785306391.0,R_100,838.21,0.04499999999995907,-1,1.0
1785306392.0,R_100,838.09,0.060000000000002274,-1,1.0
1785306393.0,R_100,838.2,0.05500000000000682,1,1.0
1785306394.0,R_100,838.25,0.024999999999977263,1,1.0
1785306395.0,R_100,838.2,0.024999999999977263,-1,1.0
1785306396.0,R_100,838.3,0.049999999999954525,1,1.0
1785306397.0,R_100,838.3,0.0,0,1.0
1785306398.0,R_100,838.4,0.05000000000001137,1,1.0
1785306399.0,R_100,838.48,0.040000000000020464,1,1.0
1785306400.0,R_100,838.46,0.009999999999990905,-1,1.0
1785306401.0,R_100,838.43,0.015000000000043201,-1,1.0
1785306402.0,R_100,838.57,0.07000000000005002,1,1.0
1785306403.0,R_100,838.63,0.029999999999972715,1,1.0
1785306404.0,R_100,838.85,0.11000000000001364,1,1.0
1785306405.0,R_100,838.8,0.025000000000034106,-1,1.0
1785306406.0,R_100,838.66,0.06999999999999318,-1,1.0
1785306407.0,R_100,838.8,0.06999999999999318,1,1.0
1785306408.0,R_100,838.93,0.06499999999999773,1,1.0
1785306409.0,R_100,839.23,0.1500000000000341,1,1.0
1785306410.0,R_100,839.3,0.03499999999996817,1,1.0
1785306411.0,R_100,839.51,0.10500000000001819,1,1.0
1785306412.0,R_100,839.35,0.07999999999998408,-1,1.0
1785306413.0,R_100,839.52,0.08499999999997954,1,1.0
1785306414.0,R_100,839.66,0.06999999999999318,1,1.0
1785306415.0,R_100,839.72,0.03000000000002956,1,1.0
1785306416.0,R_100,839.81,0.04499999999995907,1,1.0
1785306417.0,R_100,839.92,0.05500000000000682,1,1.0
1785306418.0,R_100,839.69,0.11499999999995225,-1,1.0
1785306419.0,R_100,839.93,0.1199999999999477,1,1.0
1785306420.0,R_100,839.9,0.014999999999986358,-1,1.0
1785306421.0,R_100,840.01,0.05500000000000682,1,1.0
1785306422.0,R_100,840.21,0.10000000000002274,1,1.0
1785306423.0,R_100,840.23,0.009999999999990905,1,1.0
1785306424.0,R_100,840.3,0.03499999999996817,1,1.0
1785306425.0,R_100,840.17,0.06499999999999773,-1,1.0
1785306426.0,R_100,839.91,0.12999999999999545,-1,1.0
1785306427.0,R_100,839.93,0.009999999999990905,1,1.0
1785306428.0,R_100,839.76,0.08499999999997954,-1,1.0
1785306429.0,R_100,839.74,0.009999999999990905,-1,1.0
1785306430.0,R_100,839.78,0.01999999999998181,1,1.0
1785306431.0,R_100,839.73,0.024999999999977263,-1,1.0
1785306432.0,R_100,839.83,0.05000000000001137,1,1.0
1785306433.0,R_100,839.93,0.049999999999954525,1,1.0
1785306434.0,R_100,840.15,0.11000000000001364,1,1.0
1785306435.0,R_100,840.3,0.07499999999998863,1,1.0
1785306436.0,R_100,840.1,0.0999999999999659,-1,1.0
1785306437.0,R_100,840.03,0.03500000000002501,-1,1.0
1785306438.0,R_100,839.72,0.15499999999997272,-1,1.0
1785306439.0,R_100,839.67,0.025000000000034106,-1,1.0
1785306440.0,R_100,839.8,0.06499999999999773,1,1.0
1785306441.0,R_100,839.82,0.010000000000047748,1,1.0
1785306442.0,R_100,839.7,0.060000000000002274,-1,1.0
1785306443.0,R_100,839.83,0.06499999999999773,1,1.0
1785306444.0,R_100,839.97,0.06999999999999318,1,1.0
1785306445.0,R_100,839.82,0.07499999999998863,-1,1.0
1785306446.0,R_100,839.97,0.07499999999998863,1,1.0
1785306447.0,R_100,840.05,0.03999999999996362,1,1.0
1785306448.0,R_100,839.98,0.03499999999996817,-1,1.0
1785306449.0,R_100,839.97,0.0049999999999954525,-1,1.0
1785306450.0,R_100,839.8,0.08500000000003638,-1,1.0
1785306451.0,R_100,839.71,0.04499999999995907,-1,1.0
1785306452.0,R_100,839.65,0.03000000000002956,-1,1.0
1785306453.0,R_100,839.69,0.020000000000038654,1,1.0
1785306454.0,R_100,839.7,0.0049999999999954525,1,1.0
1785306455.0,R_100,839.75,0.024999999999977263,1,1.0
1785306456.0,R_100,839.74,0.0049999999999954525,-1,1.0
1785306457.0,R_100,839.66,0.040000000000020464,-1,1.0
1785306458.0,R_100,839.7,0.020000000000038654,1,1.0
1785306459.0,R_100,839.46,0.12000000000000455,-1,1.0
1785306460.0,R_100,839.53,0.03499999999996817,1,1.0
1785306461.0,R_100,839.64,0.05500000000000682,1,1.0
1785306462.0,R_100,839.77,0.06499999999999773,1,1.0
1785306463.0,R_100,839.6,0.08499999999997954,-1,1.0
1785306464.0,R_100,839.69,0.045000000000015916,1,1.0
1785306465.0,R_100,839.71,0.009999999999990905,1,1.0
1785306466.0,R_100,839.82,0.05500000000000682,1,1.0
1785306467.0,R_100,839.79,0.015000000000043201,-1,1.0
1785306468.0,R_100,840.04,0.125,1,1.0
1785306469.0,R_100,839.7,0.16999999999995907,-1,1.0
1785306470.0,R_100,839.62,0.040000000000020464,-1,1.0
1785306471.0,R_100,839.74,0.060000000000002274,1,1.0
1785306472.0,R_100,839.67,0.03500000000002501,-1,1.0
1785306473.0,R_100,839.61,0.029999999999972715,-1,1.0
1785306474.0,R_100,839.57,0.01999999999998181,-1,1.0
1785306475.0,R_100,839.53,0.020000000000038654,-1,1.0
1785306476.0,R_100,839.67,0.06999999999999318,1,1.0
1785306477.0,R_100,839.62,0.024999999999977263,-1,1.0
1785306478.0,R_100,839.49,0.06499999999999773,-1,1.0
1785306479.0,R_100,839.56,0.03499999999996817,1,1.0
1785306480.0,R_100,839.34,0.1099999999999568,-1,1.0
1785306481.0,R_100,839.18,0.08000000000004093,-1,1.0
1785306482.0,R_100,838.99,0.09499999999997044,-1,1.0
1785306483.0,R_100,839.06,0.03499999999996817,1,1.0
1785306484.0,R_100,838.82,0.1199999999999477,-1,1.0
1785306485.0,R_100,838.9,0.03999999999996362,1,1.0
1785306486.0,R_100,838.79,0.05500000000000682,-1,1.0
1785306487.0,R_100,838.52,0.1349999999999909,-1,1.0
1785306488.0,R_100,838.52,0.0,0,1.0
1785306489.0,R_100,838.39,0.06499999999999773,-1,1.0
1785306490.0,R_100,838.4,0.0049999999999954525,1,1.0
1785306491.0,R_100,838.53,0.06499999999999773,1,1.0
1785306492.0,R_100,838.78,0.125,1,1.0
1785306493.0,R_100,838.82,0.020000000000038654,1,1.0
1785306494.0,R_100,838.78,0.020000000000038654,-1,1.0
1785306495.0,R_100,838.55,0.1150000000000091,-1,1.0
1785306496.0,R_100,838.45,0.049999999999954525,-1,1.0
1785306497.0,R_100,838.48,0.014999999999986358,1,1.0
1785306498.0,R_100,838.26,0.11000000000001364,-1,1.0
1785306499.0,R_100,838.05,0.10500000000001819,-1,1.0
1785306500.0,R_100,837.91,0.06999999999999318,-1,1.0
1785306501.0,R_100,837.77,0.06999999999999318,-1,1.0
1785306502.0,R_100,837.75,0.009999999999990905,-1,1.0
1785306503.0,R_100,837.81,0.029999999999972715,1,1.0
1785306504.0,R_100,837.73,0.03999999999996362,-1,1.0
1785306505.0,R_100,837.86,0.06499999999999773,1,1.0
1785306506.0,R_100,837.63,0.1150000000000091,-1,1.0
1785306507.0,R_100,837.58,0.024999999999977263,-1,1.0
1785306508.0,R_100,837.67,0.04499999999995907,1,1.0
1785306509.0,R_100,837.38,0.1449999999999818,-1,1.0
1785306510.0,R_100,837.38,0.0,0,1.0
1785306511.0,R_100,837.5,0.060000000000002274,1,1.0
1785306512.0,R_100,837.73,0.1150000000000091,1,1.0
1785306513.0,R_100,838.02,0.1449999999999818,1,1.0
1785306514.0,R_100,837.8,0.11000000000001364,-1,1.0
1785306515.0,R_100,837.69,0.05499999999994998,-1,1.0
1785306516.0,R_100,837.78,0.04499999999995907,1,1.0
1785306517.0,R_100,837.85,0.03500000000002501,1,1.0
1785306518.0,R_100,838.01,0.07999999999998408,1,1.0
1785306519.0,R_100,837.87,0.06999999999999318,-1,1.0
1785306520.0,R_100,837.98,0.05500000000000682,1,1.0
1785306521.0,R_100,837.84,0.06999999999999318,-1,1.0
1785306522.0,R_100,837.96,0.060000000000002274,1,1.0
1785306523.0,R_100,838.07,0.05500000000000682,1,1.0
1785306524.0,R_100,838.14,0.03499999999996817,1,1.0
1785306525.0,R_100,838.32,0.09000000000003183,1,1.0
1785306526.0,R_100,838.3,0.010000000000047748,-1,1.0
1785306527.0,R_100,838.33,0.015000000000043201,1,1.0
1785306528.0,R_100,838.38,0.024999999999977263,1,1.0
1785306529.0,R_100,838.39,0.0049999999999954525,1,1.0
1785306530.0,R_100,838.51,0.060000000000002274,1,1.0
1785306531.0,R_100,838.55,0.01999999999998181,1,1.0
1785306532.0,R_100,838.56,0.0049999999999954525,1,1.0
1785306533.0,R_100,838.31,0.125,-1,1.0
1785306534.0,R_100,838.31,0.0,0,1.0
1785306535.0,R_100,838.27,0.01999999999998181,-1,1.0
1785306536.0,R_100,838.18,0.045000000000015916,-1,1.0
1785306537.0,R_100,838.2,0.010000000000047748,1,1.0
1785306538.0,R_100,838.13,0.03500000000002501,-1,1.0
1785306539.0,R_100,838.01,0.060000000000002274,-1,1.0
1785306540.0,R_100,838.16,0.07499999999998863,1,1.0
1785306541.0,R_100,837.93,0.1150000000000091,-1,1.0
1785306542.0,R_100,837.7,0.11499999999995225,-1,1.0
1785306543.0,R_100,837.76,0.029999999999972715,1,1.0
1785306544.0,R_100,837.86,0.05000000000001137,1,1.0
1785306545.0,R_100,837.84,0.009999999999990905,-1,1.0
1785306546.0,R_100,837.88,0.01999999999998181,1,1.0
1785306547.0,R_100,838.02,0.06999999999999318,1,1.0
1785306548.0,R_100,837.96,0.029999999999972715,-1,1.0
1785306549.0,R_100,838.19,0.1150000000000091,1,1.0
1785306550.0,R_100,838.05,0.07000000000005002,-1,1.0
1785306551.0,R_100,838.0,0.024999999999977263,-1,1.0
1785306552.0,R_100,838.07,0.03500000000002501,1,1.0
1785306553.0,R_100,838.17,0.049999999999954525,1,1.0
1785306554.0,R_100,837.85,0.15999999999996817,-1,1.0
1785306555.0,R_100,837.72,0.06499999999999773,-1,1.0
1785306556.0,R_100,837.62,0.05000000000001137,-1,1.0
1785306557.0,R_100,837.64,0.009999999999990905,1,1.0
1785306558.0,R_100,837.68,0.01999999999998181,1,1.0
1785306559.0,R_100,837.68,0.0,0,1.0
1785306560.0,R_100,837.55,0.06499999999999773,-1,1.0
1785306561.0,R_100,837.63,0.040000000000020464,1,1.0
1785306562.0,R_100,837.81,0.08999999999997499,1,1.0
1785306563.0,R_100,837.75,0.029999999999972715,-1,1.0
1785306564.0,R_100,838.03,0.13999999999998636,1,1.0
1785306565.0,R_100,838.08,0.025000000000034106,1,1.0
1785306566.0,R_100,838.06,0.010000000000047748,-1,1.0
1785306567.0,R_100,838.2,0.07000000000005002,1,1.0
1785306568.0,R_100,838.32,0.060000000000002274,1,1.0
1785306569.0,R_100,838.58,0.12999999999999545,1,1.0
1785306570.0,R_100,838.58,0.0,0,1.0
1785306571.0,R_100,838.5,0.040000000000020464,-1,1.0
1785306572.0,R_100,838.4,0.05000000000001137,-1,1.0
1785306573.0,R_100,838.39,0.0049999999999954525,-1,1.0
1785306574.0,R_100,838.69,0.1500000000000341,1,1.0
1785306575.0,R_100,838.77,0.03999999999996362,1,1.0
1785306576.0,R_100,838.86,0.045000000000015916,1,1.0
1785306577.0,R_100,838.83,0.014999999999986358,-1,1.0
1785306578.0,R_100,839.02,0.09499999999997044,1,1.0
1785306579.0,R_100,838.98,0.01999999999998181,-1,1.0
1785306580.0,R_100,838.84,0.06999999999999318,-1,1.0
1785306581.0,R_100,838.88,0.01999999999998181,1,1.0
1785306582.0,R_100,839.11,0.1150000000000091,1,1.0
1785306583.0,R_100,839.17,0.029999999999972715,1,1.0
1785306584.0,R_100,839.64,0.23500000000001364,1,1.0
1785306585.0,R_100,839.65,0.0049999999999954525,1,1.0
1785306586.0,R_100,839.47,0.08999999999997499,-1,1.0
1785306587.0,R_100,839.53,0.029999999999972715,1,1.0
1785306588.0,R_100,839.32,0.10499999999996135,-1,1.0
1785306589.0,R_100,839.23,0.045000000000015916,-1,1.0
1785306590.0,R_100,839.19,0.01999999999998181,-1,1.0
1785306591.0,R_100,839.12,0.03500000000002501,-1,1.0
1785306592.0,R_100,839.27,0.07499999999998863,1,1.0
1785306593.0,R_100,839.14,0.06499999999999773,-1,1.0
1785306594.0,R_100,839.01,0.06499999999999773,-1,1.0
1785306595.0,R_100,839.0,0.0049999999999954525,-1,1.0
1785306596.0,R_100,839.18,0.08999999999997499,1,1.0
1785306597.0,R_100,838.97,0.10499999999996135,-1,1.0
1785306598.0,R_100,838.97,0.0,0,1.0
1785306599.0,R_100,839.16,0.09499999999997044,1,1.0
1785306600.0,R_100,839.08,0.03999999999996362,-1,1.0
1785306601.0,R_100,838.98,0.05000000000001137,-1,1.0
1785306602.0,R_100,839.15,0.08499999999997954,1,1.0
1785306603.0,R_100,839.21,0.03000000000002956,1,1.0
1785306604.0,R_100,839.16,0.025000000000034106,-1,1.0
1785306605.0,R_100,839.05,0.05500000000000682,-1,1.0
1785306606.0,R_100,838.82,0.11499999999995225,-1,1.0
1785306607.0,R_100,838.65,0.08500000000003638,-1,1.0
1785306608.0,R_100,838.71,0.03000000000002956,1,1.0
1785306609.0,R_100,838.91,0.0999999999999659,1,1.0
1785306610.0,R_100,838.9,0.0049999999999954525,-1,1.0
1785306611.0,R_100,838.88,0.009999999999990905,-1,1.0
1785306612.0,R_100,838.95,0.03500000000002501,1,1.0
1785306613.0,R_100,838.77,0.09000000000003183,-1,1.0
1785306614.0,R_100,838.68,0.045000000000015916,-1,1.0
1785306615.0,R_100,838.54,0.06999999999999318,-1,1.0
1785306616.0,R_100,838.58,0.020000000000038654,1,1.0
1785306617.0,R_100,838.65,0.03499999999996817,1,1.0
1785306618.0,R_100,838.45,0.0999999999999659,-1,1.0
1785306619.0,R_100,838.53,0.03999999999996362,1,1.0
1785306620.0,R_100,838.48,0.024999999999977263,-1,1.0
1785306621.0,R_100,838.42,0.03000000000002956,-1,1.0
1785306622.0,R_100,838.31,0.05500000000000682,-1,1.0
1785306623.0,R_100,837.91,0.19999999999998863,-1,1.0
1785306624.0,R_100,837.83,0.03999999999996362,-1,1.0
1785306625.0,R_100,837.81,0.010000000000047748,-1,1.0
1785306626.0,R_100,837.91,0.05000000000001137,1,1.0
1785306627.0,R_100,838.02,0.05500000000000682,1,1.0
1785306628.0,R_100,838.16,0.06999999999999318,1,1.0
1785306629.0,R_100,838.17,0.0049999999999954525,1,1.0
1785306630.0,R_100,838.1,0.03499999999996817,-1,1.0
1785306631.0,R_100,838.22,0.060000000000002274,1,1.0
1785306632.0,R_100,838.12,0.05000000000001137,-1,1.0
1785306633.0,R_100,838.42,0.14999999999997726,1,1.0
1785306634.0,R_100,838.25,0.08499999999997954,-1,1.0
1785306635.0,R_100,838.04,0.10500000000001819,-1,1.0
1785306636.0,R_100,837.88,0.07999999999998408,-1,1.0
1785306637.0,R_100,837.91,0.014999999999986358,1,1.0
1785306638.0,R_100,837.76,0.07499999999998863,-1,1.0
1785306639.0,R_100,837.68,0.040000000000020464,-1,1.0
1785306640.0,R_100,837.56,0.060000000000002274,-1,1.0
1785306641.0,R_100,837.67,0.05500000000000682,1,1.0
1785306642.0,R_100,837.65,0.009999999999990905,-1,1.0
1785306643.0,R_100,837.56,0.045000000000015916,-1,1.0
1785306644.0,R_100,837.62,0.03000000000002956,1,1.0
1785306645.0,R_100,837.43,0.09500000000002728,-1,1.0
1785306646.0,R_100,837.39,0.01999999999998181,-1,1.0
1785306647.0,R_100,837.49,0.05000000000001137,1,1.0
1785306648.0,R_100,837.53,0.01999999999998181,1,1.0
1785306649.0,R_100,837.48,0.024999999999977263,-1,1.0
1785306650.0,R_100,837.66,0.08999999999997499,1,1.0
1785306651.0,R_100,837.65,0.0049999999999954525,-1,1.0
1785306652.0,R_100,837.6,0.024999999999977263,-1,1.0
1785306653.0,R_100,837.69,0.045000000000015916,1,1.0
1785306654.0,R_100,837.48,0.10500000000001819,-1,1.0
1785306655.0,R_100,837.33,0.07499999999998863,-1,1.0
1785306656.0,R_100,837.22,0.05500000000000682,-1,1.0
1785306657.0,R_100,837.41,0.09499999999997044,1,1.0
1785306658.0,R_100,837.41,0.0,0,1.0
1785306659.0,R_100,837.44,0.015000000000043201,1,1.0
1785306660.0,R_100,837.26,0.09000000000003183,-1,1.0
1785306661.0,R_100,837.22,0.01999999999998181,-1,1.0
1785306662.0,R_100,837.18,0.020000000000038654,-1,1.0
1785306663.0,R_100,837.48,0.1500000000000341,1,1.0
1785306664.0,R_100,837.36,0.060000000000002274,-1,1.0
1785306665.0,R_100,837.47,0.05500000000000682,1,1.0
1785306666.0,R_100,837.44,0.014999999999986358,-1,1.0
1785306667.0,R_100,837.54,0.049999999999954525,1,1.0
1785306668.0,R_100,837.5,0.01999999999998181,-1,1.0
1785306669.0,R_100,837.74,0.12000000000000455,1,1.0
1785306670.0,R_100,837.69,0.024999999999977263,-1,1.0
1785306671.0,R_100,837.85,0.07999999999998408,1,1.0
1785306672.0,R_100,837.6,0.125,-1,1.0
1785306673.0,R_100,837.57,0.014999999999986358,-1,1.0
1785306674.0,R_100,837.78,0.10499999999996135,1,1.0
1785306675.0,R_100,837.84,0.03000000000002956,1,1.0
1785306676.0,R_100,837.98,0.06999999999999318,1,1.0
1785306677.0,R_100,837.98,0.0,0,1.0
1785306678.0,R_100,837.95,0.014999999999986358,-1,1.0
1785306679.0,R_100,837.84,0.05500000000000682,-1,1.0
1785306680.0,R_100,837.64,0.10000000000002274,-1,1.0
1785306681.0,R_100,837.67,0.014999999999986358,1,1.0
1785306682.0,R_100,837.65,0.009999999999990905,-1,1.0
1785306683.0,R_100,837.65,0.0,0,1.0
1785306684.0,R_100,837.47,0.08999999999997499,-1,1.0
1785306685.0,R_100,837.51,0.01999999999998181,1,1.0
1785306686.0,R_100,837.47,0.01999999999998181,-1,1.0
1785306687.0,R_100,837.44,0.014999999999986358,-1,1.0
1785306688.0,R_100,837.56,0.05999999999994543,1,1.0
1785306689.0,R_100,837.57,0.005000000000052296,1,1.0
1785306690.0,R_100,837.71,0.06999999999999318,1,1.0
1785306691.0,R_100,837.85,0.06999999999999318,1,1.0
1785306692.0,R_100,837.7,0.07499999999998863,-1,1.0
1785306693.0,R_100,837.71,0.0049999999999954525,1,1.0
1785306694.0,R_100,837.77,0.029999999999972715,1,1.0
1785306695.0,R_100,837.73,0.01999999999998181,-1,1.0
1785306696.0,R_100,837.67,0.03000000000002956,-1,1.0
1785306697.0,R_100,837.65,0.009999999999990905,-1,1.0
1785306698.0,R_100,837.68,0.014999999999986358,1,1.0
1785306699.0,R_100,837.64,0.01999999999998181,-1,1.0
1785306700.0,R_100,837.67,0.014999999999986358,1,1.0
1785306701.0,R_100,837.6,0.03499999999996817,-1,1.0
1785306702.0,R_100,837.5,0.05000000000001137,-1,1.0
1785306703.0,R_100,837.51,0.0049999999999954525,1,1.0
1785306704.0,R_100,837.59,0.040000000000020464,1,1.0
1785306705.0,R_100,837.49,0.05000000000001137,-1,1.0
1785306706.0,R_100,837.14,0.17500000000001137,-1,1.0
1785306707.0,R_100,837.04,0.05000000000001137,-1,1.0
1785306708.0,R_100,837.05,0.0049999999999954525,1,1.0
1785306709.0,R_100,836.85,0.0999999999999659,-1,1.0
1785306710.0,R_100,836.99,0.06999999999999318,1,1.0
1785306711.0,R_100,837.14,0.07499999999998863,1,1.0
1785306712.0,R_100,837.16,0.009999999999990905,1,1.0
1785306713.0,R_100,837.22,0.03000000000002956,1,1.0
1785306714.0,R_100,837.15,0.03500000000002501,-1,1.0
1785306715.0,R_100,837.14,0.0049999999999954525,-1,1.0
1785306716.0,R_100,837.11,0.014999999999986358,-1,1.0
1785306717.0,R_100,836.9,0.10500000000001819,-1,1.0
1785306718.0,R_100,836.75,0.07499999999998863,-1,1.0
1785306719.0,R_100,836.72,0.014999999999986358,-1,1.0
1785306720.0,R_100,836.87,0.07499999999998863,1,1.0
1785306721.0,R_100,836.9,0.014999999999986358,1,1.0
1785306722.0,R_100,837.18,0.13999999999998636,1,1.0
1785306723.0,R_100,837.0,0.08999999999997499,-1,1.0
1785306724.0,R_100,837.03,0.014999999999986358,1,1.0
1785306725.0,R_100,836.98,0.024999999999977263,-1,1.0
1785306726.0,R_100,836.93,0.025000000000034106,-1,1.0
1785306727.0,R_100,836.55,0.18999999999999773,-1,1.0
1785306728.0,R_100,836.76,0.10500000000001819,1,1.0
1785306729.0,R_100,837.01,0.125,1,1.0
1785306730.0,R_100,837.19,0.09000000000003183,1,1.0
1785306731.0,R_100,837.24,0.024999999999977263,1,1.0
1785306732.0,R_100,837.27,0.014999999999986358,1,1.0
1785306733.0,R_100,837.39,0.060000000000002274,1,1.0
1785306734.0,R_100,837.28,0.05500000000000682,-1,1.0
1785306735.0,R_100,837.13,0.07499999999998863,-1,1.0
1785306736.0,R_100,837.27,0.06999999999999318,1,1.0
1785306737.0,R_100,837.27,0.0,0,1.0
1785306738.0,R_100,837.43,0.07999999999998408,1,1.0
1785306739.0,R_100,837.23,0.0999999999999659,-1,1.0
1785306740.0,R_100,837.08,0.07499999999998863,-1,1.0
1785306741.0,R_100,836.72,0.18000000000000682,-1,1.0
1785306742.0,R_100,836.62,0.05000000000001137,-1,1.0
1785306743.0,R_100,836.72,0.05000000000001137,1,1.0
1785306744.0,R_100,836.99,0.1349999999999909,1,1.0
1785306745.0,R_100,837.16,0.08499999999997954,1,1.0
1785306746.0,R_100,837.3,0.06999999999999318,1,1.0
1785306747.0,R_100,837.34,0.020000000000038654,1,1.0
1785306748.0,R_100,837.42,0.03999999999996362,1,1.0
1785306749.0,R_100,837.46,0.020000000000038654,1,1.0
1785306750.0,R_100,837.73,0.1349999999999909,1,1.0
1785306751.0,R_100,837.75,0.009999999999990905,1,1.0
1785306752.0,R_100,837.9,0.07499999999998863,1,1.0
1785306753.0,R_100,837.83,0.03499999999996817,-1,1.0
1785306754.0,R_100,837.84,0.0049999999999954525,1,1.0
1785306755.0,R_100,837.79,0.025000000000034106,-1,1.0
1785306756.0,R_100,837.6,0.09499999999997044,-1,1.0
1785306757.0,R_100,837.35,0.125,-1,1.0
1785306758.0,R_100,837.55,0.0999999999999659,1,1.0
1785306759.0,R_100,837.72,0.08500000000003638,1,1.0
1785306760.0,R_100,837.78,0.029999999999972715,1,1.0
1785306761.0,R_100,837.98,0.10000000000002274,1,1.0
1785306762.0,R_100,837.76,0.11000000000001364,-1,1.0
1785306763.0,R_100,837.44,0.15999999999996817,-1,1.0
1785306764.0,R_100,837.33,0.05500000000000682,-1,1.0
1785306765.0,R_100,837.21,0.060000000000002274,-1,1.0
1785306766.0,R_100,836.97,0.12000000000000455,-1,1.0
1785306767.0,R_100,837.15,0.08999999999997499,1,1.0
1785306768.0,R_100,837.26,0.05500000000000682,1,1.0
1785306769.0,R_100,837.06,0.10000000000002274,-1,1.0
1785306770.0,R_100,837.26,0.10000000000002274,1,1.0
1785306771.0,R_100,837.61,0.17500000000001137,1,1.0
1785306772.0,R_100,837.52,0.045000000000015916,-1,1.0
1785306773.0,R_100,837.58,0.03000000000002956,1,1.0
1785306774.0,R_100,837.67,0.04499999999995907,1,1.0
1785306775.0,R_100,837.53,0.06999999999999318,-1,1.0
1785306776.0,R_100,837.28,0.125,-1,1.0
1785306777.0,R_100,837.21,0.03499999999996817,-1,1.0
1785306778.0,R_100,837.25,0.01999999999998181,1,1.0
1785306779.0,R_100,837.34,0.045000000000015916,1,1.0
1785306780.0,R_100,837.21,0.06499999999999773,-1,1.0
1785306781.0,R_100,837.28,0.03499999999996817,1,1.0
1785306782.0,R_100,837.31,0.014999999999986358,1,1.0
1785306783.0,R_100,837.29,0.009999999999990905,-1,1.0
1785306784.0,R_100,837.32,0.015000000000043201,1,1.0
1785306785.0,R_100,837.39,0.03499999999996817,1,1.0
1785306786.0,R_100,837.41,0.009999999999990905,1,1.0
1785306787.0,R_100,837.46,0.025000000000034106,1,1.0
1785306788.0,R_100,837.22,0.12000000000000455,-1,1.0
1785306789.0,R_100,836.99,0.1150000000000091,-1,1.0
1785306790.0,R_100,836.8,0.09500000000002728,-1,1.0
1785306791.0,R_100,836.7,0.049999999999954525,-1,1.0
1785306792.0,R_100,836.86,0.07999999999998408,1,1.0
1785306793.0,R_100,836.95,0.045000000000015916,1,1.0
1785306794.0,R_100,837.04,0.04499999999995907,1,1.0
1785306795.0,R_100,836.92,0.060000000000002274,-1,1.0
1785306796.0,R_100,836.86,0.029999999999972715,-1,1.0
1785306797.0,R_100,836.82,0.01999999999998181,-1,1.0
1785306798.0,R_100,836.66,0.08000000000004093,-1,1.0
1785306799.0,R_100,836.8,0.06999999999999318,1,1.0
1785306800.0,R_100,836.71,0.04499999999995907,-1,1.0
1785306801.0,R_100,836.6,0.05500000000000682,-1,1.0
1785306802.0,R_100,836.61,0.0049999999999954525,1,1.0
1785306803.0,R_100,836.51,0.05000000000001137,-1,1.0
1785306804.0,R_100,836.8,0.1449999999999818,1,1.0
1785306805.0,R_100,836.5,0.14999999999997726,-1,1.0
1785306806.0,R_100,836.57,0.03500000000002501,1,1.0
1785306807.0,R_100,836.46,0.05500000000000682,-1,1.0
1785306808.0,R_100,836.73,0.1349999999999909,1,1.0
1785306809.0,R_100,836.89,0.07999999999998408,1,1.0
1785306810.0,R_100,836.93,0.01999999999998181,1,1.0
1785306811.0,R_100,836.98,0.025000000000034106,1,1.0
1785306812.0,R_100,836.82,0.07999999999998408,-1,1.0
1785306813.0,R_100,837.04,0.1099999999999568,1,1.0
1785306814.0,R_100,836.97,0.03499999999996817,-1,1.0
1785306815.0,R_100,837.0,0.014999999999986358,1,1.0
1785306816.0,R_100,836.84,0.07999999999998408,-1,1.0
1785306817.0,R_100,836.75,0.045000000000015916,-1,1.0
1785306818.0,R_100,836.69,0.029999999999972715,-1,1.0
1785306819.0,R_100,836.69,0.0,0,1.0
1785306820.0,R_100,836.8,0.05499999999994998,1,1.0
1785306821.0,R_100,836.51,0.1449999999999818,-1,1.0
1785306822.0,R_100,836.27,0.12000000000000455,-1,1.0
1785306823.0,R_100,836.28,0.0049999999999954525,1,1.0
1785306824.0,R_100,836.14,0.06999999999999318,-1,1.0
1785306825.0,R_100,836.31,0.08499999999997954,1,1.0
1785306826.0,R_100,836.2,0.05499999999994998,-1,1.0
1785306827.0,R_100,836.16,0.020000000000038654,-1,1.0
1785306828.0,R_100,836.19,0.015000000000043201,1,1.0
1785306829.0,R_100,835.93,0.1300000000000523,-1,1.0
1785306830.0,R_100,835.96,0.015000000000043201,1,1.0
1785306831.0,R_100,835.93,0.015000000000043201,-1,1.0
1785306832.0,R_100,835.68,0.125,-1,1.0
1785306833.0,R_100,835.91,0.1150000000000091,1,1.0
1785306834.0,R_100,836.03,0.060000000000002274,1,1.0
1785306835.0,R_100,835.9,0.06499999999999773,-1,1.0
1785306836.0,R_100,836.0,0.05000000000001137,1,1.0
1785306837.0,R_100,836.1,0.05000000000001137,1,1.0
1785306838.0,R_100,835.94,0.07999999999998408,-1,1.0
1785306839.0,R_100,836.0,0.029999999999972715,1,1.0
1785306840.0,R_100,836.29,0.1449999999999818,1,1.0
1785306841.0,R_100,836.17,0.060000000000002274,-1,1.0
1785306842.0,R_100,836.31,0.06999999999999318,1,1.0
1785306843.0,R_100,836.61,0.1500000000000341,1,1.0
1785306844.0,R_100,836.55,0.03000000000002956,-1,1.0
1785306845.0,R_100,836.37,0.08999999999997499,-1,1.0
1785306846.0,R_100,836.48,0.05500000000000682,1,1.0
1785306847.0,R_100,836.46,0.009999999999990905,-1,1.0
1785306848.0,R_100,836.39,0.03500000000002501,-1,1.0
1785306849.0,R_100,836.37,0.009999999999990905,-1,1.0
1785306850.0,R_100,836.18,0.09500000000002728,-1,1.0
1785306851.0,R_100,836.15,0.014999999999986358,-1,1.0
1785306852.0,R_100,836.36,0.10500000000001819,1,1.0
1785306853.0,R_100,836.39,0.014999999999986358,1,1.0
1785306854.0,R_100,836.29,0.05000000000001137,-1,1.0
1785306855.0,R_100,836.4,0.05500000000000682,1,1.0
1785306856.0,R_100,836.42,0.009999999999990905,1,1.0
1785306857.0,R_100,836.55,0.06499999999999773,1,1.0
1785306858.0,R_100,836.76,0.10500000000001819,1,1.0
1785306859.0,R_100,836.99,0.1150000000000091,1,1.0
1785306860.0,R_100,837.06,0.03499999999996817,1,1.0
1785306861.0,R_100,837.04,0.009999999999990905,-1,1.0
1785306862.0,R_100,836.97,0.03499999999996817,-1,1.0
1785306863.0,R_100,836.96,0.0049999999999954525,-1,1.0
1785306864.0,R_100,836.69,0.1349999999999909,-1,1.0
1785306865.0,R_100,836.9,0.10499999999996135,1,1.0
1785306866.0,R_100,837.0,0.05000000000001137,1,1.0
1785306867.0,R_100,837.17,0.08499999999997954,1,1.0
1785306868.0,R_100,837.54,0.18500000000000227,1,1.0
1785306869.0,R_100,837.51,0.014999999999986358,-1,1.0
1785306870.0,R_100,837.5,0.0049999999999954525,-1,1.0
1785306871.0,R_100,837.47,0.014999999999986358,-1,1.0
1785306872.0,R_100,837.49,0.009999999999990905,1,1.0
1785306873.0,R_100,837.55,0.029999999999972715,1,1.0
1785306874.0,R_100,837.44,0.05499999999994998,-1,1.0
1785306875.0,R_100,837.45,0.0049999999999954525,1,1.0
1785306876.0,R_100,837.3,0.07500000000004547,-1,1.0
1785306877.0,R_100,837.16,0.06999999999999318,-1,1.0
1785306878.0,R_100,837.04,0.060000000000002274,-1,1.0
1785306879.0,R_100,836.88,0.07999999999998408,-1,1.0
1785306880.0,R_100,836.82,0.029999999999972715,-1,1.0
1785306881.0,R_100,837.1,0.13999999999998636,1,1.0
1785306882.0,R_100,836.8,0.1500000000000341,-1,1.0
1785306883.0,R_100,836.87,0.03500000000002501,1,1.0
1785306884.0,R_100,836.92,0.024999999999977263,1,1.0
1785306885.0,R_100,836.73,0.09499999999997044,-1,1.0
1785306886.0,R_100,836.8,0.03499999999996817,1,1.0
1785306887.0,R_100,836.77,0.014999999999986358,-1,1.0
1785306888.0,R_100,836.78,0.0049999999999954525,1,1.0
1785306889.0,R_100,836.69,0.04499999999995907,-1,1.0
1785306890.0,R_100,836.65,0.020000000000038654,-1,1.0
1785306891.0,R_100,836.66,0.0049999999999954525,1,1.0
1785306892.0,R_100,836.81,0.07499999999998863,1,1.0
1785306893.0,R_100,836.75,0.029999999999972715,-1,1.0
1785306894.0,R_100,836.77,0.009999999999990905,1,1.0
1785306895.0,R_100,836.96,0.09500000000002728,1,1.0
1785306896.0,R_100,836.83,0.06499999999999773,-1,1.0
1785306897.0,R_100,837.09,0.12999999999999545,1,1.0
1785306898.0,R_100,837.21,0.060000000000002274,1,1.0
1785306899.0,R_100,837.22,0.0049999999999954525,1,1.0
1785306900.0,R_100,836.98,0.12000000000000455,-1,1.0
1785306901.0,R_100,837.05,0.03499999999996817,1,1.0
1785306902.0,R_100,837.14,0.045000000000015916,1,1.0
1785306903.0,R_100,837.14,0.0,0,1.0
1785306904.0,R_100,837.22,0.040000000000020464,1,1.0
1785306905.0,R_100,837.36,0.06999999999999318,1,1.0
1785306906.0,R_100,837.08,0.13999999999998636,-1,1.0
1785306907.0,R_100,837.17,0.04499999999995907,1,1.0
1785306908.0,R_100,837.06,0.05500000000000682,-1,1.0
1785306909.0,R_100,836.92,0.06999999999999318,-1,1.0
1785306910.0,R_100,836.84,0.03999999999996362,-1,1.0
1785306911.0,R_100,836.88,0.01999999999998181,1,1.0
1785306912.0,R_100,836.9,0.009999999999990905,1,1.0
1785306913.0,R_100,836.69,0.10499999999996135,-1,1.0
1785306914.0,R_100,836.64,0.025000000000034106,-1,1.0
1785306915.0,R_100,836.67,0.014999999999986358,1,1.0
1785306916.0,R_100,836.64,0.014999999999986358,-1,1.0
1785306917.0,R_100,836.54,0.05000000000001137,-1,1.0
1785306918.0,R_100,836.42,0.060000000000002274,-1,1.0
1785306919.0,R_100,836.6,0.09000000000003183,1,1.0
1785306920.0,R_100,836.94,0.17000000000001592,1,1.0
1785306921.0,R_100,836.61,0.16500000000002046,-1,1.0
1785306922.0,R_100,836.44,0.08499999999997954,-1,1.0
1785306923.0,R_100,836.23,0.10500000000001819,-1,1.0
1785306924.0,R_100,836.28,0.024999999999977263,1,1.0
1785306925.0,R_100,836.41,0.06499999999999773,1,1.0
1785306926.0,R_100,836.48,0.03500000000002501,1,1.0
1785306927.0,R_100,836.13,0.17500000000001137,-1,1.0
1785306928.0,R_100,836.03,0.05000000000001137,-1,1.0
1785306929.0,R_100,835.9,0.06499999999999773,-1,1.0
1785306930.0,R_100,835.75,0.07499999999998863,-1,1.0
1785306931.0,R_100,835.8,0.024999999999977263,1,1.0
1785306932.0,R_100,835.86,0.03000000000002956,1,1.0
1785306933.0,R_100,835.75,0.05500000000000682,-1,1.0
1785306934.0,R_100,835.57,0.08999999999997499,-1,1.0
1785306935.0,R_100,835.82,0.125,1,1.0
1785306936.0,R_100,835.84,0.009999999999990905,1,1.0
1785306937.0,R_100,836.04,0.0999999999999659,1,1.0
1785306938.0,R_100,836.17,0.06499999999999773,1,1.0
1785306939.0,R_100,836.13,0.01999999999998181,-1,1.0
1785306940.0,R_100,836.11,0.009999999999990905,-1,1.0
1785306941.0,R_100,836.07,0.01999999999998181,-1,1.0
1785306942.0,R_100,836.1,0.014999999999986358,1,1.0
1785306943.0,R_100,836.13,0.014999999999986358,1,1.0
1785306944.0,R_100,836.28,0.07499999999998863,1,1.0
1785306945.0,R_100,836.09,0.09499999999997044,-1,1.0
1785306946.0,R_100,836.01,0.040000000000020464,-1,1.0
1785306947.0,R_100,836.0,0.0049999999999954525,-1,1.0
1785306948.0,R_100,836.0,0.0,0,1.0
1785306949.0,R_100,836.13,0.06499999999999773,1,1.0
1785306950.0,R_100,836.08,0.024999999999977263,-1,1.0
1785306951.0,R_100,835.89,0.09500000000002728,-1,1.0
1785306952.0,R_100,835.6,0.1449999999999818,-1,1.0
1785306953.0,R_100,835.67,0.03499999999996817,1,1.0
1785306954.0,R_100,835.72,0.025000000000034106,1,1.0
1785306955.0,R_100,835.63,0.045000000000015916,-1,1.0
1785306956.0,R_100,835.59,0.01999999999998181,-1,1.0
1785306957.0,R_100,835.28,0.15500000000002956,-1,1.0
1785306958.0,R_100,835.06,0.11000000000001364,-1,1.0
1785306959.0,R_100,835.05,0.0049999999999954525,-1,1.0
1785306960.0,R_100,835.18,0.06499999999999773,1,1.0
1785306961.0,R_100,835.4,0.11000000000001364,1,1.0
1785306962.0,R_100,835.24,0.07999999999998408,-1,1.0
1785306963.0,R_100,835.39,0.07499999999998863,1,1.0
1785306964.0,R_100,835.17,0.11000000000001364,-1,1.0
1785306965.0,R_100,835.11,0.029999999999972715,-1,1.0
1785306966.0,R_100,834.89,0.11000000000001364,-1,1.0
1785306967.0,R_100,835.0,0.05500000000000682,1,1.0
1785306968.0,R_100,835.11,0.05500000000000682,1,1.0
1785306969.0,R_100,835.12,0.0049999999999954525,1,1.0
1785306970.0,R_100,835.01,0.05500000000000682,-1,1.0
1785306971.0,R_100,835.17,0.07999999999998408,1,1.0
1785306972.0,R_100,835.21,0.020000000000038654,1,1.0
1785306973.0,R_100,835.24,0.014999999999986358,1,1.0
1785306974.0,R_100,835.25,0.0049999999999954525,1,1.0
1785306975.0,R_100,835.11,0.06999999999999318,-1,1.0
1785306976.0,R_100,835.25,0.06999999999999318,1,1.0
1785306977.0,R_100,835.25,0.0,0,1.0
1785306978.0,R_100,835.42,0.08499999999997954,1,1.0
1785306979.0,R_100,835.38,0.01999999999998181,-1,1.0
1785306980.0,R_100,835.32,0.029999999999972715,-1,1.0
1785306981.0,R_100,835.41,0.04499999999995907,1,1.0
1785306982.0,R_100,835.54,0.06499999999999773,1,1.0
1785306983.0,R_100,835.41,0.06499999999999773,-1,1.0
1785306984.0,R_100,835.41,0.0,0,1.0
1785306985.0,R_100,835.41,0.0,0,1.0
1785306986.0,R_100,835.51,0.05000000000001137,1,1.0
1785306987.0,R_100,835.24,0.1349999999999909,-1,1.0
1785306988.0,R_100,835.21,0.014999999999986358,-1,1.0
1785306989.0,R_100,835.38,0.08499999999997954,1,1.0
1785306990.0,R_100,835.67,0.1449999999999818,1,1.0
1785306991.0,R_100,835.67,0.0,0,1.0
1785306992.0,R_100,835.75,0.040000000000020464,1,1.0
1785306993.0,R_100,835.78,0.014999999999986358,1,1.0
1785306994.0,R_100,835.65,0.06499999999999773,-1,1.0
1785306995.0,R_100,835.74,0.045000000000015916,1,1.0
1785306996.0,R_100,835.78,0.01999999999998181,1,1.0
1785306997.0,R_100,835.45,0.16499999999996362,-1,1.0
1785306998.0,R_100,835.37,0.040000000000020464,-1,1.0
1785306999.0,R_100,835.54,0.08499999999997954,1,1.0
1785307000.0,R_100,835.4,0.06999999999999318,-1,1.0
1785307001.0,R_100,835.35,0.024999999999977263,-1,1.0
1785307002.0,R_100,835.39,0.01999999999998181,1,1.0
1785307003.0,R_100,835.41,0.009999999999990905,1,1.0
1785307004.0,R_100,835.84,0.21500000000003183,1,1.0
1785307005.0,R_100,835.88,0.01999999999998181,1,1.0
1785307006.0,R_100,835.81,0.03500000000002501,-1,1.0
1785307007.0,R_100,835.98,0.08500000000003638,1,1.0
1785307008.0,R_100,836.11,0.06499999999999773,1,1.0
1785307009.0,R_100,836.02,0.045000000000015916,-1,1.0
1785307010.0,R_100,836.12,0.05000000000001137,1,1.0
1785307011.0,R_100,835.95,0.08499999999997954,-1,1.0
1785307012.0,R_100,835.95,0.0,0,1.0
1785307013.0,R_100,835.89,0.03000000000002956,-1,1.0
1785307014.0,R_100,835.89,0.0,0,1.0
1785307015.0,R_100,835.96,0.03500000000002501,1,1.0
1785307016.0,R_100,835.72,0.12000000000000455,-1,1.0
1785307017.0,R_100,835.85,0.06499999999999773,1,1.0
1785307018.0,R_100,835.82,0.014999999999986358,-1,1.0
1785307019.0,R_100,835.91,0.04499999999995907,1,1.0
1785307020.0,R_100,835.96,0.025000000000034106,1,1.0
1785307021.0,R_100,835.62,0.17000000000001592,-1,1.0
1785307022.0,R_100,835.46,0.07999999999998408,-1,1.0
1785307023.0,R_100,835.26,0.10000000000002274,-1,1.0
1785307024.0,R_100,835.14,0.060000000000002274,-1,1.0
1785307025.0,R_100,835.16,0.009999999999990905,1,1.0
1785307026.0,R_100,834.98,0.08999999999997499,-1,1.0
1785307027.0,R_100,835.01,0.014999999999986358,1,1.0
1785307028.0,R_100,835.09,0.040000000000020464,1,1.0
1785307029.0,R_100,835.31,0.1099999999999568,1,1.0
1785307030.0,R_100,835.09,0.1099999999999568,-1,1.0
1785307031.0,R_100,835.01,0.040000000000020464,-1,1.0
1785307032.0,R_100,834.99,0.009999999999990905,-1,1.0
1785307033.0,R_100,835.23,0.12000000000000455,1,1.0
1785307034.0,R_100,835.18,0.025000000000034106,-1,1.0
1785307035.0,R_100,834.79,0.19499999999999318,-1,1.0
1785307036.0,R_100,834.75,0.01999999999998181,-1,1.0
1785307037.0,R_100,834.84,0.045000000000015916,1,1.0
1785307038.0,R_100,834.74,0.05000000000001137,-1,1.0
1785307039.0,R_100,834.67,0.03500000000002501,-1,1.0
1785307040.0,R_100,834.84,0.08500000000003638,1,1.0
1785307041.0,R_100,834.84,0.0,0,1.0
1785307042.0,R_100,834.91,0.03499999999996817,1,1.0
1785307043.0,R_100,834.84,0.03499999999996817,-1,1.0
1785307044.0,R_100,834.72,0.060000000000002274,-1,1.0
1785307045.0,R_100,834.77,0.024999999999977263,1,1.0
1785307046.0,R_100,834.93,0.07999999999998408,1,1.0
1785307047.0,R_100,835.11,0.09000000000003183,1,1.0
1785307048.0,R_100,835.26,0.07499999999998863,1,1.0
1785307049.0,R_100,835.23,0.014999999999986358,-1,1.0
1785307050.0,R_100,835.08,0.07499999999998863,-1,1.0
1785307051.0,R_100,835.09,0.0049999999999954525,1,1.0
1785307052.0,R_100,835.11,0.009999999999990905,1,1.0
1785307053.0,R_100,834.95,0.07999999999998408,-1,1.0
1785307054.0,R_100,835.06,0.05499999999994998,1,1.0
1785307055.0,R_100,835.41,0.17500000000001137,1,1.0
1785307056.0,R_100,835.52,0.05500000000000682,1,1.0
1785307057.0,R_100,835.66,0.06999999999999318,1,1.0
1785307058.0,R_100,835.48,0.08999999999997499,-1,1.0
1785307059.0,R_100,835.3,0.09000000000003183,-1,1.0
1785307060.0,R_100,835.2,0.049999999999954525,-1,1.0
1785307061.0,R_100,835.27,0.03499999999996817,1,1.0
1785307062.0,R_100,835.34,0.03500000000002501,1,1.0
1785307063.0,R_100,835.41,0.03499999999996817,1,1.0
1785307064.0,R_100,835.38,0.014999999999986358,-1,1.0
1785307065.0,R_100,835.59,0.10500000000001819,1,1.0
1785307066.0,R_100,835.63,0.01999999999998181,1,1.0
1785307067.0,R_100,835.53,0.05000000000001137,-1,1.0
1785307068.0,R_100,835.12,0.20499999999998408,-1,1.0
1785307069.0,R_100,835.16,0.01999999999998181,1,1.0
1785307070.0,R_100,835.01,0.07499999999998863,-1,1.0
1785307071.0,R_100,835.15,0.06999999999999318,1,1.0
1785307072.0,R_100,835.31,0.07999999999998408,1,1.0
1785307073.0,R_100,835.15,0.07999999999998408,-1,1.0
1785307074.0,R_100,835.28,0.06499999999999773,1,1.0
1785307075.0,R_100,835.33,0.025000000000034106,1,1.0
1785307076.0,R_100,835.01,0.160000000000025,-1,1.0
1785307077.0,R_100,835.07,0.03000000000002956,1,1.0
1785307078.0,R_100,835.1,0.014999999999986358,1,1.0
1785307079.0,R_100,835.15,0.024999999999977263,1,1.0
1785307080.0,R_100,835.35,0.10000000000002274,1,1.0
1785307081.0,R_100,835.59,0.12000000000000455,1,1.0
1785307082.0,R_100,835.89,0.14999999999997726,1,1.0
1785307083.0,R_100,835.79,0.05000000000001137,-1,1.0
1785307084.0,R_100,835.61,0.08999999999997499,-1,1.0
1785307085.0,R_100,835.6,0.0049999999999954525,-1,1.0
1785307086.0,R_100,835.78,0.08999999999997499,1,1.0
1785307087.0,R_100,835.5,0.13999999999998636,-1,1.0
1785307088.0,R_100,835.78,0.13999999999998636,1,1.0
1785307089.0,R_100,836.0,0.11000000000001364,1,1.0
1785307090.0,R_100,836.09,0.045000000000015916,1,1.0
1785307091.0,R_100,836.24,0.07499999999998863,1,1.0
1785307092.0,R_100,836.22,0.009999999999990905,-1,1.0
1785307093.0,R_100,836.21,0.0049999999999954525,-1,1.0
1785307094.0,R_100,836.41,0.0999999999999659,1,1.0
1785307095.0,R_100,836.2,0.10499999999996135,-1,1.0
1785307096.0,R_100,836.07,0.06499999999999773,-1,1.0
1785307097.0,R_100,836.06,0.005000000000052296,-1,1.0
1785307098.0,R_100,835.99,0.03499999999996817,-1,1.0
1785307099.0,R_100,835.93,0.03000000000002956,-1,1.0
1785307100.0,R_100,835.86,0.03499999999996817,-1,1.0
1785307101.0,R_100,835.93,0.03499999999996817,1,1.0
1785307102.0,R_100,836.23,0.1500000000000341,1,1.0
1785307103.0,R_100,836.41,0.08999999999997499,1,1.0
1785307104.0,R_100,836.49,0.040000000000020464,1,1.0
1785307105.0,R_100,836.55,0.029999999999972715,1,1.0
1785307106.0,R_100,836.64,0.045000000000015916,1,1.0
1785307107.0,R_100,836.57,0.03499999999996817,-1,1.0
1785307108.0,R_100,836.36,0.10500000000001819,-1,1.0
1785307109.0,R_100,836.26,0.05000000000001137,-1,1.0
1785307110.0,R_100,836.22,0.01999999999998181,-1,1.0
1785307111.0,R_100,836.16,0.03000000000002956,-1,1.0
1785307112.0,R_100,836.19,0.015000000000043201,1,1.0
1785307113.0,R_100,836.13,0.03000000000002956,-1,1.0
1785307114.0,R_100,836.28,0.07499999999998863,1,1.0
1785307115.0,R_100,836.53,0.125,1,1.0
1785307116.0,R_100,836.5,0.014999999999986358,-1,1.0
1785307117.0,R_100,836.5,0.0,0,1.0
1785307118.0,R_100,836.27,0.1150000000000091,-1,1.0
1785307119.0,R_100,836.06,0.10500000000001819,-1,1.0
1785307120.0,R_100,835.68,0.18999999999999773,-1,1.0
1785307121.0,R_100,835.78,0.05000000000001137,1,1.0
1785307122.0,R_100,835.72,0.029999999999972715,-1,1.0
1785307123.0,R_100,835.66,0.03000000000002956,-1,1.0
1785307124.0,R_100,835.41,0.125,-1,1.0
1785307125.0,R_100,835.4,0.0049999999999954525,-1,1.0
1785307126.0,R_100,835.21,0.09499999999997044,-1,1.0
1785307127.0,R_100,835.27,0.029999999999972715,1,1.0
1785307128.0,R_100,835.49,0.11000000000001364,1,1.0
1785307129.0,R_100,835.34,0.07499999999998863,-1,1.0
1785307130.0,R_100,835.69,0.17500000000001137,1,1.0
1785307131.0,R_100,835.64,0.025000000000034106,-1,1.0
1785307132.0,R_100,835.5,0.06999999999999318,-1,1.0
1785307133.0,R_100,835.55,0.024999999999977263,1,1.0
1785307134.0,R_100,835.4,0.07499999999998863,-1,1.0
1785307135.0,R_100,835.55,0.07499999999998863,1,1.0
1785307136.0,R_100,835.54,0.0049999999999954525,-1,1.0
1785307137.0,R_100,835.44,0.049999999999954525,-1,1.0
1785307138.0,R_100,835.26,0.09000000000003183,-1,1.0
1785307139.0,R_100,835.34,0.040000000000020464,1,1.0
1785307140.0,R_100,835.21,0.06499999999999773,-1,1.0
1785307141.0,R_100,834.98,0.1150000000000091,-1,1.0
1785307142.0,R_100,835.02,0.01999999999998181,1,1.0
1785307143.0,R_100,835.09,0.03500000000002501,1,1.0
1785307144.0,R_100,835.18,0.04499999999995907,1,1.0
1785307145.0,R_100,835.33,0.07500000000004547,1,1.0
1785307146.0,R_100,835.4,0.03499999999996817,1,1.0
1785307147.0,R_100,835.64,0.12000000000000455,1,1.0
1785307148.0,R_100,835.69,0.025000000000034106,1,1.0
1785307149.0,R_100,835.63,0.03000000000002956,-1,1.0
1785307150.0,R_100,835.71,0.040000000000020464,1,1.0
1785307151.0,R_100,835.57,0.06999999999999318,-1,1.0
1785307152.0,R_100,835.74,0.08499999999997954,1,1.0
1785307153.0,R_100,835.81,0.03499999999996817,1,1.0
1785307154.0,R_100,835.78,0.014999999999986358,-1,1.0
1785307155.0,R_100,835.93,0.07499999999998863,1,1.0
1785307156.0,R_100,836.02,0.045000000000015916,1,1.0
1785307157.0,R_100,836.22,0.10000000000002274,1,1.0
1785307158.0,R_100,836.47,0.125,1,1.0
1785307159.0,R_100,836.66,0.09499999999997044,1,1.0
1785307160.0,R_100,836.7,0.020000000000038654,1,1.0
1785307161.0,R_100,836.53,0.08500000000003638,-1,1.0
1785307162.0,R_100,836.44,0.04499999999995907,-1,1.0
1785307163.0,R_100,836.34,0.05000000000001137,-1,1.0
1785307164.0,R_100,836.31,0.015000000000043201,-1,1.0
1785307165.0,R_100,836.14,0.08499999999997954,-1,1.0
1785307166.0,R_100,836.32,0.09000000000003183,1,1.0
1785307167.0,R_100,836.27,0.025000000000034106,-1,1.0
1785307168.0,R_100,836.66,0.19499999999999318,1,1.0
1785307169.0,R_100,836.5,0.07999999999998408,-1,1.0
1785307170.0,R_100,836.66,0.07999999999998408,1,1.0
1785307171.0,R_100,836.43,0.1150000000000091,-1,1.0
1785307172.0,R_100,836.44,0.005000000000052296,1,1.0
1785307173.0,R_100,836.78,0.16999999999995907,1,1.0
1785307174.0,R_100,836.53,0.125,-1,1.0
1785307175.0,R_100,836.73,0.10000000000002274,1,1.0
1785307176.0,R_100,836.92,0.09499999999997044,1,1.0
1785307177.0,R_100,836.83,0.04499999999995907,-1,1.0
1785307178.0,R_100,836.68,0.07500000000004547,-1,1.0
1785307179.0,R_100,836.51,0.08499999999997954,-1,1.0
1785307180.0,R_100,836.9,0.19499999999999318,1,1.0
1785307181.0,R_100,836.89,0.0049999999999954525,-1,1.0
1785307182.0,R_100,837.04,0.07499999999998863,1,1.0
1785307183.0,R_100,837.0,0.01999999999998181,-1,1.0
1785307184.0,R_100,837.01,0.0049999999999954525,1,1.0
1785307185.0,R_100,837.09,0.040000000000020464,1,1.0
1785307186.0,R_100,837.16,0.03499999999996817,1,1.0
1785307187.0,R_100,836.94,0.1099999999999568,-1,1.0
1785307188.0,R_100,836.94,0.0,0,1.0
1785307189.0,R_100,836.89,0.025000000000034106,-1,1.0
1785307190.0,R_100,836.84,0.024999999999977263,-1,1.0
1785307191.0,R_100,836.9,0.029999999999972715,1,1.0
1785307192.0,R_100,837.04,0.06999999999999318,1,1.0
1785307193.0,R_100,837.25,0.10500000000001819,1,1.0
1785307194.0,R_100,836.97,0.13999999999998636,-1,1.0
1785307195.0,R_100,837.02,0.024999999999977263,1,1.0
1785307196.0,R_100,837.12,0.05000000000001137,1,1.0
1785307197.0,R_100,837.09,0.014999999999986358,-1,1.0
1785307198.0,R_100,837.19,0.05000000000001137,1,1.0
1785307199.0,R_100,837.33,0.06999999999999318,1,1.0
1785307200.0,R_100,837.34,0.0049999999999954525,1,1.0
1785307201.0,R_100,837.3,0.020000000000038654,-1,1.0
1785307202.0,R_100,837.47,0.08500000000003638,1,1.0
1785307203.0,R_100,837.31,0.08000000000004093,-1,1.0
1785307204.0,R_100,837.27,0.01999999999998181,-1,1.0
1785307205.0,R_100,837.3,0.014999999999986358,1,1.0
1785307206.0,R_100,837.27,0.014999999999986358,-1,1.0
1785307207.0,R_100,837.32,0.025000000000034106,1,1.0
1785307208.0,R_100,837.32,0.0,0,1.0
1785307209.0,R_100,837.17,0.07500000000004547,-1,1.0
1785307210.0,R_100,836.96,0.10499999999996135,-1,1.0
1785307211.0,R_100,836.82,0.06999999999999318,-1,1.0
1785307212.0,R_100,836.6,0.11000000000001364,-1,1.0
1785307213.0,R_100,836.52,0.040000000000020464,-1,1.0
1785307214.0,R_100,836.61,0.045000000000015916,1,1.0
1785307215.0,R_100,836.5,0.05500000000000682,-1,1.0
1785307216.0,R_100,836.41,0.045000000000015916,-1,1.0
1785307217.0,R_100,836.66,0.125,1,1.0
1785307218.0,R_100,836.48,0.08999999999997499,-1,1.0
1785307219.0,R_100,836.41,0.03500000000002501,-1,1.0
1785307220.0,R_100,836.43,0.009999999999990905,1,1.0
1785307221.0,R_100,836.57,0.07000000000005002,1,1.0
1785307222.0,R_100,836.37,0.10000000000002274,-1,1.0
1785307223.0,R_100,836.38,0.0049999999999954525,1,1.0
1785307224.0,R_100,836.72,0.17000000000001592,1,1.0
1785307225.0,R_100,836.64,0.040000000000020464,-1,1.0
1785307226.0,R_100,836.41,0.1150000000000091,-1,1.0
1785307227.0,R_100,836.43,0.009999999999990905,1,1.0
1785307228.0,R_100,836.35,0.03999999999996362,-1,1.0
1785307229.0,R_100,836.19,0.07999999999998408,-1,1.0
1785307230.0,R_100,835.98,0.10500000000001819,-1,1.0
1785307231.0,R_100,836.29,0.15499999999997272,1,1.0
1785307232.0,R_100,836.45,0.08000000000004093,1,1.0
1785307233.0,R_100,836.21,0.12000000000000455,-1,1.0
1785307234.0,R_100,835.89,0.160000000000025,-1,1.0
1785307235.0,R_100,835.91,0.009999999999990905,1,1.0
1785307236.0,R_100,836.08,0.08500000000003638,1,1.0
1785307237.0,R_100,836.2,0.060000000000002274,1,1.0
1785307238.0,R_100,836.43,0.11499999999995225,1,1.0
1785307239.0,R_100,836.51,0.040000000000020464,1,1.0
1785307240.0,R_100,836.61,0.05000000000001137,1,1.0
1785307241.0,R_100,836.37,0.12000000000000455,-1,1.0
1785307242.0,R_100,836.3,0.03500000000002501,-1,1.0
1785307243.0,R_100,836.39,0.045000000000015916,1,1.0
1785307244.0,R_100,836.47,0.040000000000020464,1,1.0
1785307245.0,R_100,836.54,0.03499999999996817,1,1.0
1785307246.0,R_100,836.4,0.06999999999999318,-1,1.0
1785307247.0,R_100,836.42,0.009999999999990905,1,1.0
1785307248.0,R_100,836.42,0.0,0,1.0
1785307249.0,R_100,836.61,0.09500000000002728,1,1.0
1785307250.0,R_100,836.83,0.11000000000001364,1,1.0
1785307251.0,R_100,836.84,0.0049999999999954525,1,1.0
1785307252.0,R_100,836.8,0.020000000000038654,-1,1.0
1785307253.0,R_100,836.86,0.03000000000002956,1,1.0
1785307254.0,R_100,836.79,0.03500000000002501,-1,1.0
1785307255.0,R_100,836.79,0.0,0,1.0
1785307256.0,R_100,836.79,0.0,0,1.0
1785307257.0,R_100,836.72,0.03499999999996817,-1,1.0
1785307258.0,R_100,836.6,0.060000000000002274,-1,1.0
1785307259.0,R_100,836.44,0.07999999999998408,-1,1.0
1785307260.0,R_100,836.52,0.03999999999996362,1,1.0
1785307261.0,R_100,836.3,0.11000000000001364,-1,1.0
1785307262.0,R_100,836.29,0.0049999999999954525,-1,1.0
1785307263.0,R_100,836.15,0.06999999999999318,-1,1.0
1785307264.0,R_100,836.1,0.024999999999977263,-1,1.0
1785307265.0,R_100,835.81,0.14500000000003865,-1,1.0
1785307266.0,R_100,835.82,0.005000000000052296,1,1.0
1785307267.0,R_100,835.91,0.04499999999995907,1,1.0
1785307268.0,R_100,835.89,0.009999999999990905,-1,1.0
1785307269.0,R_100,835.95,0.03000000000002956,1,1.0
1785307270.0,R_100,835.85,0.05000000000001137,-1,1.0
1785307271.0,R_100,835.63,0.11000000000001364,-1,1.0
1785307272.0,R_100,835.52,0.05500000000000682,-1,1.0
1785307273.0,R_100,835.49,0.014999999999986358,-1,1.0
1785307274.0,R_100,835.53,0.01999999999998181,1,1.0
1785307275.0,R_100,835.39,0.06999999999999318,-1,1.0
1785307276.0,R_100,835.39,0.0,0,1.0
1785307277.0,R_100,835.2,0.09499999999997044,-1,1.0
1785307278.0,R_100,835.17,0.015000000000043201,-1,1.0
1785307279.0,R_100,835.24,0.03500000000002501,1,1.0
1785307280.0,R_100,835.25,0.0049999999999954525,1,1.0
1785307281.0,R_100,835.32,0.03500000000002501,1,1.0
1785307282.0,R_100,835.36,0.01999999999998181,1,1.0
1785307283.0,R_100,835.11,0.125,-1,1.0
1785307284.0,R_100,835.07,0.01999999999998181,-1,1.0
1785307285.0,R_100,834.95,0.060000000000002274,-1,1.0
1785307286.0,R_100,835.03,0.03999999999996362,1,1.0
1785307287.0,R_100,835.19,0.08000000000004093,1,1.0
1785307288.0,R_100,835.29,0.049999999999954525,1,1.0
1785307289.0,R_100,835.22,0.03499999999996817,-1,1.0
1785307290.0,R_100,835.31,0.04499999999995907,1,1.0
1785307291.0,R_100,835.52,0.10500000000001819,1,1.0
1785307292.0,R_100,835.46,0.029999999999972715,-1,1.0
1785307293.0,R_100,835.33,0.06499999999999773,-1,1.0
1785307294.0,R_100,835.18,0.07500000000004547,-1,1.0
1785307295.0,R_100,835.31,0.06499999999999773,1,1.0
1785307296.0,R_100,835.18,0.06499999999999773,-1,1.0
1785307297.0,R_100,835.17,0.0049999999999954525,-1,1.0
1785307298.0,R_100,835.2,0.015000000000043201,1,1.0
1785307299.0,R_100,835.2,0.0,0,1.0
1785307300.0,R_100,835.24,0.01999999999998181,1,1.0
1785307301.0,R_100,835.28,0.01999999999998181,1,1.0
1785307302.0,R_100,835.27,0.0049999999999954525,-1,1.0
1785307303.0,R_100,835.3,0.014999999999986358,1,1.0
1785307304.0,R_100,835.24,0.029999999999972715,-1,1.0
1785307305.0,R_100,835.02,0.11000000000001364,-1,1.0
1785307306.0,R_100,835.08,0.03000000000002956,1,1.0
1785307307.0,R_100,835.18,0.049999999999954525,1,1.0
1785307308.0,R_100,835.15,0.014999999999986358,-1,1.0
1785307309.0,R_100,835.14,0.0049999999999954525,-1,1.0
1785307310.0,R_100,834.96,0.08999999999997499,-1,1.0
1785307311.0,R_100,834.91,0.025000000000034106,-1,1.0
1785307312.0,R_100,834.95,0.020000000000038654,1,1.0
1785307313.0,R_100,834.93,0.010000000000047748,-1,1.0
1785307314.0,R_100,834.96,0.015000000000043201,1,1.0
1785307315.0,R_100,834.68,0.1400000000000432,-1,1.0
1785307316.0,R_100,834.63,0.024999999999977263,-1,1.0
1785307317.0,R_100,834.96,0.16500000000002046,1,1.0
1785307318.0,R_100,835.07,0.05500000000000682,1,1.0
1785307319.0,R_100,835.14,0.03499999999996817,1,1.0
1785307320.0,R_100,834.93,0.10500000000001819,-1,1.0
1785307321.0,R_100,835.02,0.045000000000015916,1,1.0
1785307322.0,R_100,835.03,0.0049999999999954525,1,1.0
1785307323.0,R_100,834.85,0.08999999999997499,-1,1.0
1785307324.0,R_100,834.66,0.09500000000002728,-1,1.0
1785307325.0,R_100,834.64,0.009999999999990905,-1,1.0
1785307326.0,R_100,834.59,0.024999999999977263,-1,1.0
1785307327.0,R_100,834.47,0.060000000000002274,-1,1.0
1785307328.0,R_100,834.63,0.07999999999998408,1,1.0
1785307329.0,R_100,834.56,0.03500000000002501,-1,1.0
1785307330.0,R_100,834.63,0.03500000000002501,1,1.0
1785307331.0,R_100,834.42,0.10500000000001819,-1,1.0
1785307332.0,R_100,834.34,0.03999999999996362,-1,1.0
1785307333.0,R_100,834.28,0.03000000000002956,-1,1.0
1785307334.0,R_100,834.35,0.03500000000002501,1,1.0
1785307335.0,R_100,834.71,0.18000000000000682,1,1.0
1785307336.0,R_100,834.7,0.0049999999999954525,-1,1.0
1785307337.0,R_100,834.58,0.060000000000002274,-1,1.0
1785307338.0,R_100,834.66,0.03999999999996362,1,1.0
1785307339.0,R_100,834.59,0.03499999999996817,-1,1.0
1785307340.0,R_100,834.56,0.015000000000043201,-1,1.0
1785307341.0,R_100,834.6,0.020000000000038654,1,1.0
1785307342.0,R_100,834.35,0.125,-1,1.0
1785307343.0,R_100,834.11,0.12000000000000455,-1,1.0
1785307344.0,R_100,834.04,0.03500000000002501,-1,1.0
1785307345.0,R_100,834.05,0.0049999999999954525,1,1.0
1785307346.0,R_100,834.1,0.025000000000034106,1,1.0
1785307347.0,R_100,834.25,0.07499999999998863,1,1.0
1785307348.0,R_100,834.14,0.05500000000000682,-1,1.0
1785307349.0,R_100,834.2,0.03000000000002956,1,1.0
1785307350.0,R_100,834.32,0.060000000000002274,1,1.0
1785307351.0,R_100,834.23,0.045000000000015916,-1,1.0
1785307352.0,R_100,834.2,0.014999999999986358,-1,1.0
1785307353.0,R_100,834.28,0.03999999999996362,1,1.0
1785307354.0,R_100,834.12,0.07999999999998408,-1,1.0
1785307355.0,R_100,834.36,0.12000000000000455,1,1.0
1785307356.0,R_100,834.09,0.1349999999999909,-1,1.0
1785307357.0,R_100,834.0,0.045000000000015916,-1,1.0
1785307358.0,R_100,833.8,0.10000000000002274,-1,1.0
1785307359.0,R_100,833.73,0.03499999999996817,-1,1.0
1785307360.0,R_100,833.81,0.03999999999996362,1,1.0
1785307361.0,R_100,833.79,0.009999999999990905,-1,1.0
1785307362.0,R_100,834.1,0.15500000000002956,1,1.0
1785307363.0,R_100,834.17,0.03499999999996817,1,1.0
1785307364.0,R_100,834.07,0.049999999999954525,-1,1.0
1785307365.0,R_100,834.03,0.020000000000038654,-1,1.0
1785307366.0,R_100,834.08,0.025000000000034106,1,1.0
1785307367.0,R_100,834.12,0.01999999999998181,1,1.0
1785307368.0,R_100,834.14,0.009999999999990905,1,1.0
1785307369.0,R_100,833.87,0.1349999999999909,-1,1.0
1785307370.0,R_100,833.68,0.09500000000002728,-1,1.0
1785307371.0,R_100,833.43,0.125,-1,1.0
1785307372.0,R_100,833.37,0.029999999999972715,-1,1.0
1785307373.0,R_100,833.32,0.024999999999977263,-1,1.0
1785307374.0,R_100,833.43,0.05499999999994998,1,1.0
1785307375.0,R_100,833.32,0.05499999999994998,-1,1.0
1785307376.0,R_100,833.28,0.020000000000038654,-1,1.0
1785307377.0,R_100,833.16,0.060000000000002274,-1,1.0
1785307378.0,R_100,833.26,0.05000000000001137,1,1.0
1785307379.0,R_100,833.52,0.12999999999999545,1,1.0
1785307380.0,R_100,833.66,0.06999999999999318,1,1.0
1785307381.0,R_100,833.66,0.0,0,1.0
1785307382.0,R_100,833.58,0.03999999999996362,-1,1.0
1785307383.0,R_100,833.82,0.12000000000000455,1,1.0
1785307384.0,R_100,833.71,0.05500000000000682,-1,1.0
1785307385.0,R_100,833.63,0.040000000000020464,-1,1.0
1785307386.0,R_100,833.59,0.01999999999998181,-1,1.0
1785307387.0,R_100,833.69,0.05000000000001137,1,1.0
1785307388.0,R_100,833.91,0.1099999999999568,1,1.0
1785307389.0,R_100,833.72,0.09499999999997044,-1,1.0
1785307390.0,R_100,833.58,0.06999999999999318,-1,1.0
1785307391.0,R_100,833.82,0.12000000000000455,1,1.0
1785307392.0,R_100,833.82,0.0,0,1.0
1785307393.0,R_100,833.89,0.03499999999996817,1,1.0
1785307394.0,R_100,834.0,0.05500000000000682,1,1.0
1785307395.0,R_100,833.93,0.03500000000002501,-1,1.0
1785307396.0,R_100,833.79,0.06999999999999318,-1,1.0
1785307397.0,R_100,833.44,0.17499999999995453,-1,1.0
1785307398.0,R_100,833.54,0.049999999999954525,1,1.0
1785307399.0,R_100,833.47,0.03499999999996817,-1,1.0
1785307400.0,R_100,833.43,0.020000000000038654,-1,1.0
1785307401.0,R_100,833.65,0.11000000000001364,1,1.0
1785307402.0,R_100,833.52,0.06499999999999773,-1,1.0
1785307403.0,R_100,833.66,0.06999999999999318,1,1.0
1785307404.0,R_100,833.93,0.1349999999999909,1,1.0
1785307405.0,R_100,833.96,0.015000000000043201,1,1.0
1785307406.0,R_100,834.08,0.060000000000002274,1,1.0
1785307407.0,R_100,833.91,0.08500000000003638,-1,1.0
1785307408.0,R_100,833.97,0.03000000000002956,1,1.0
1785307409.0,R_100,833.96,0.0049999999999954525,-1,1.0
1785307410.0,R_100,834.02,0.029999999999972715,1,1.0
1785307411.0,R_100,833.84,0.08999999999997499,-1,1.0
1785307412.0,R_100,833.78,0.03000000000002956,-1,1.0
1785307413.0,R_100,833.78,0.0,0,1.0
1785307414.0,R_100,833.66,0.060000000000002274,-1,1.0
1785307415.0,R_100,833.72,0.03000000000002956,1,1.0
1785307416.0,R_100,833.57,0.07499999999998863,-1,1.0
1785307417.0,R_100,833.56,0.005000000000052296,-1,1.0
1785307418.0,R_100,833.5,0.029999999999972715,-1,1.0
1785307419.0,R_100,833.6,0.05000000000001137,1,1.0
1785307420.0,R_100,833.7,0.05000000000001137,1,1.0
1785307421.0,R_100,833.66,0.020000000000038654,-1,1.0
1785307422.0,R_100,833.63,0.014999999999986358,-1,1.0
1785307423.0,R_100,833.89,0.12999999999999545,1,1.0
1785307424.0,R_100,834.14,0.125,1,1.0
1785307425.0,R_100,834.25,0.05500000000000682,1,1.0
1785307426.0,R_100,834.37,0.060000000000002274,1,1.0
1785307427.0,R_100,834.14,0.1150000000000091,-1,1.0
1785307428.0,R_100,834.44,0.1500000000000341,1,1.0
1785307429.0,R_100,834.56,0.05999999999994543,1,1.0
1785307430.0,R_100,834.56,0.0,0,1.0
1785307431.0,R_100,834.57,0.005000000000052296,1,1.0
1785307432.0,R_100,834.47,0.05000000000001137,-1,1.0
1785307433.0,R_100,834.58,0.05500000000000682,1,1.0
1785307434.0,R_100,834.52,0.03000000000002956,-1,1.0
1785307435.0,R_100,834.72,0.10000000000002274,1,1.0
1785307436.0,R_100,834.68,0.020000000000038654,-1,1.0
1785307437.0,R_100,834.61,0.03499999999996817,-1,1.0
1785307438.0,R_100,834.59,0.009999999999990905,-1,1.0
1785307439.0,R_100,834.37,0.11000000000001364,-1,1.0
1785307440.0,R_100,834.33,0.01999999999998181,-1,1.0
1785307441.0,R_100,834.35,0.009999999999990905,1,1.0
1785307442.0,R_100,834.25,0.05000000000001137,-1,1.0
1785307443.0,R_100,834.16,0.045000000000015916,-1,1.0
1785307444.0,R_100,834.28,0.060000000000002274,1,1.0
1785307445.0,R_100,834.07,0.10499999999996135,-1,1.0
1785307446.0,R_100,834.18,0.05499999999994998,1,1.0
1785307447.0,R_100,834.11,0.03499999999996817,-1,1.0
1785307448.0,R_100,833.85,0.12999999999999545,-1,1.0
1785307449.0,R_100,833.9,0.024999999999977263,1,1.0
1785307450.0,R_100,834.16,0.12999999999999545,1,1.0
1785307451.0,R_100,834.43,0.1349999999999909,1,1.0
1785307452.0,R_100,834.43,0.0,0,1.0
1785307453.0,R_100,834.46,0.015000000000043201,1,1.0
1785307454.0,R_100,834.63,0.08499999999997954,1,1.0
1785307455.0,R_100,834.64,0.0049999999999954525,1,1.0
1785307456.0,R_100,834.4,0.12000000000000455,-1,1.0
1785307457.0,R_100,834.59,0.09500000000002728,1,1.0
1785307458.0,R_100,834.47,0.060000000000002274,-1,1.0
1785307459.0,R_100,834.37,0.05000000000001137,-1,1.0
1785307460.0,R_100,834.16,0.10500000000001819,-1,1.0
1785307461.0,R_100,834.09,0.03499999999996817,-1,1.0
1785307462.0,R_100,834.21,0.060000000000002274,1,1.0
1785307463.0,R_100,834.16,0.025000000000034106,-1,1.0
1785307464.0,R_100,834.17,0.0049999999999954525,1,1.0
1785307465.0,R_100,834.25,0.040000000000020464,1,1.0
1785307466.0,R_100,834.19,0.029999999999972715,-1,1.0
1785307467.0,R_100,834.35,0.07999999999998408,1,1.0
1785307468.0,R_100,834.09,0.12999999999999545,-1,1.0
1785307469.0,R_100,833.85,0.12000000000000455,-1,1.0
1785307470.0,R_100,833.88,0.014999999999986358,1,1.0
1785307471.0,R_100,834.02,0.06999999999999318,1,1.0
1785307472.0,R_100,834.16,0.06999999999999318,1,1.0
1785307473.0,R_100,834.17,0.0049999999999954525,1,1.0
1785307474.0,R_100,834.14,0.014999999999986358,-1,1.0
1785307475.0,R_100,834.07,0.03499999999996817,-1,1.0
1785307476.0,R_100,833.9,0.08500000000003638,-1,1.0
1785307477.0,R_100,833.97,0.03500000000002501,1,1.0
1785307478.0,R_100,834.03,0.029999999999972715,1,1.0
1785307479.0,R_100,834.14,0.05500000000000682,1,1.0
1785307480.0,R_100,834.23,0.045000000000015916,1,1.0
1785307481.0,R_100,834.2,0.014999999999986358,-1,1.0
1785307482.0,R_100,834.33,0.06499999999999773,1,1.0
1785307483.0,R_100,834.29,0.020000000000038654,-1,1.0
1785307484.0,R_100,834.29,0.0,0,1.0
1785307485.0,R_100,834.41,0.060000000000002274,1,1.0
1785307486.0,R_100,834.55,0.06999999999999318,1,1.0
1785307487.0,R_100,834.53,0.009999999999990905,-1,1.0
1785307488.0,R_100,834.42,0.05500000000000682,-1,1.0
1785307489.0,R_100,834.45,0.015000000000043201,1,1.0
1785307490.0,R_100,834.59,0.06999999999999318,1,1.0
1785307491.0,R_100,834.68,0.04499999999995907,1,1.0
1785307492.0,R_100,834.61,0.03499999999996817,-1,1.0
1785307493.0,R_100,834.87,0.12999999999999545,1,1.0
1785307494.0,R_100,834.93,0.029999999999972715,1,1.0
1785307495.0,R_100,834.84,0.04499999999995907,-1,1.0
1785307496.0,R_100,834.93,0.04499999999995907,1,1.0
1785307497.0,R_100,834.88,0.024999999999977263,-1,1.0
1785307498.0,R_100,835.07,0.09500000000002728,1,1.0
1785307499.0,R_100,835.27,0.0999999999999659,1,1.0
1785307500.0,R_100,835.35,0.040000000000020464,1,1.0
1785307501.0,R_100,835.41,0.029999999999972715,1,1.0
1785307502.0,R_100,835.37,0.01999999999998181,-1,1.0
1785307503.0,R_100,835.27,0.05000000000001137,-1,1.0
1785307504.0,R_100,835.43,0.07999999999998408,1,1.0
1785307505.0,R_100,835.28,0.07499999999998863,-1,1.0
1785307506.0,R_100,835.1,0.08999999999997499,-1,1.0
1785307507.0,R_100,834.88,0.11000000000001364,-1,1.0
1785307508.0,R_100,835.06,0.08999999999997499,1,1.0
1785307509.0,R_100,835.32,0.1300000000000523,1,1.0
1785307510.0,R_100,835.19,0.06499999999999773,-1,1.0
1785307511.0,R_100,835.35,0.07999999999998408,1,1.0
1785307512.0,R_100,835.31,0.020000000000038654,-1,1.0
1785307513.0,R_100,835.38,0.03500000000002501,1,1.0
1785307514.0,R_100,835.38,0.0,0,1.0
1785307515.0,R_100,835.38,0.0,0,1.0
1785307516.0,R_100,835.35,0.014999999999986358,-1,1.0
1785307517.0,R_100,835.49,0.06999999999999318,1,1.0
1785307518.0,R_100,835.51,0.009999999999990905,1,1.0
1785307519.0,R_100,835.72,0.10500000000001819,1,1.0
1785307520.0,R_100,835.54,0.09000000000003183,-1,1.0
1785307521.0,R_100,835.38,0.07999999999998408,-1,1.0
1785307522.0,R_100,835.55,0.08499999999997954,1,1.0
1785307523.0,R_100,835.6,0.025000000000034106,1,1.0
1785307524.0,R_100,835.52,0.040000000000020464,-1,1.0
1785307525.0,R_100,835.51,0.0049999999999954525,-1,1.0
1785307526.0,R_100,835.75,0.12000000000000455,1,1.0
1785307527.0,R_100,835.73,0.009999999999990905,-1,1.0
1785307528.0,R_100,836.02,0.1449999999999818,1,1.0
1785307529.0,R_100,836.18,0.07999999999998408,1,1.0
1785307530.0,R_100,836.51,0.16500000000002046,1,1.0
1785307531.0,R_100,836.52,0.0049999999999954525,1,1.0
1785307532.0,R_100,836.56,0.01999999999998181,1,1.0
1785307533.0,R_100,836.59,0.015000000000043201,1,1.0
1785307534.0,R_100,836.96,0.18500000000000227,1,1.0
1785307535.0,R_100,837.12,0.07999999999998408,1,1.0
1785307536.0,R_100,837.29,0.08499999999997954,1,1.0
1785307537.0,R_100,837.23,0.029999999999972715,-1,1.0
1785307538.0,R_100,837.19,0.01999999999998181,-1,1.0
1785307539.0,R_100,837.22,0.014999999999986358,1,1.0
1785307540.0,R_100,837.09,0.06499999999999773,-1,1.0
1785307541.0,R_100,837.15,0.029999999999972715,1,1.0
1785307542.0,R_100,837.25,0.05000000000001137,1,1.0
1785307543.0,R_100,836.94,0.15499999999997272,-1,1.0
1785307544.0,R_100,836.97,0.014999999999986358,1,1.0
1785307545.0,R_100,837.08,0.05500000000000682,1,1.0
1785307546.0,R_100,836.99,0.045000000000015916,-1,1.0
1785307547.0,R_100,837.09,0.05000000000001137,1,1.0
1785307548.0,R_100,837.29,0.0999999999999659,1,1.0
1785307549.0,R_100,837.25,0.01999999999998181,-1,1.0
1785307550.0,R_100,837.24,0.0049999999999954525,-1,1.0
1785307551.0,R_100,837.35,0.05500000000000682,1,1.0
1785307552.0,R_100,837.5,0.07499999999998863,1,1.0
1785307553.0,R_100,837.52,0.009999999999990905,1,1.0
1785307554.0,R_100,837.54,0.009999999999990905,1,1.0
1785307555.0,R_100,837.45,0.04499999999995907,-1,1.0
1785307556.0,R_100,837.41,0.020000000000038654,-1,1.0
1785307557.0,R_100,837.66,0.125,1,1.0
1785307558.0,R_100,837.71,0.025000000000034106,1,1.0
1785307559.0,R_100,837.69,0.009999999999990905,-1,1.0
1785307560.0,R_100,837.67,0.010000000000047748,-1,1.0
1785307561.0,R_100,837.61,0.029999999999972715,-1,1.0
1785307562.0,R_100,837.54,0.03500000000002501,-1,1.0
1785307563.0,R_100,837.29,0.125,-1,1.0
1785307564.0,R_100,837.09,0.0999999999999659,-1,1.0
1785307565.0,R_100,837.28,0.09499999999997044,1,1.0
1785307566.0,R_100,837.39,0.05500000000000682,1,1.0
1785307567.0,R_100,836.88,0.25499999999999545,-1,1.0
1785307568.0,R_100,837.04,0.07999999999998408,1,1.0
1785307569.0,R_100,836.88,0.07999999999998408,-1,1.0
1785307570.0,R_100,837.09,0.10500000000001819,1,1.0
1785307571.0,R_100,836.74,0.17500000000001137,-1,1.0
1785307572.0,R_100,836.78,0.01999999999998181,1,1.0
1785307573.0,R_100,836.8,0.009999999999990905,1,1.0
1785307574.0,R_100,836.77,0.014999999999986358,-1,1.0
1785307575.0,R_100,837.01,0.12000000000000455,1,1.0
1785307576.0,R_100,837.2,0.09500000000002728,1,1.0
1785307577.0,R_100,837.26,0.029999999999972715,1,1.0
1785307578.0,R_100,837.33,0.03500000000002501,1,1.0
1785307579.0,R_100,837.37,0.01999999999998181,1,1.0
1785307580.0,R_100,837.72,0.17500000000001137,1,1.0
1785307581.0,R_100,837.66,0.03000000000002956,-1,1.0
1785307582.0,R_100,837.76,0.05000000000001137,1,1.0
1785307583.0,R_100,837.88,0.060000000000002274,1,1.0
1785307584.0,R_100,837.77,0.05500000000000682,-1,1.0
1785307585.0,R_100,837.77,0.0,0,1.0
1785307586.0,R_100,837.61,0.07999999999998408,-1,1.0
1785307587.0,R_100,837.63,0.009999999999990905,1,1.0
1785307588.0,R_100,837.39,0.12000000000000455,-1,1.0
1785307589.0,R_100,837.14,0.125,-1,1.0
1785307590.0,R_100,837.32,0.09000000000003183,1,1.0
1785307591.0,R_100,837.62,0.14999999999997726,1,1.0
1785307592.0,R_100,837.81,0.09499999999997044,1,1.0
1785307593.0,R_100,837.57,0.1199999999999477,-1,1.0
1785307594.0,R_100,837.51,0.03000000000002956,-1,1.0
1785307595.0,R_100,837.76,0.125,1,1.0
1785307596.0,R_100,837.84,0.040000000000020464,1,1.0
1785307597.0,R_100,837.55,0.14500000000003865,-1,1.0
1785307598.0,R_100,837.59,0.020000000000038654,1,1.0
1785307599.0,R_100,837.7,0.05500000000000682,1,1.0
1785307600.0,R_100,837.89,0.09499999999997044,1,1.0
1785307601.0,R_100,838.02,0.06499999999999773,1,1.0
1785307602.0,R_100,837.97,0.024999999999977263,-1,1.0
1785307603.0,R_100,837.72,0.125,-1,1.0
1785307604.0,R_100,837.74,0.009999999999990905,1,1.0
1785307605.0,R_100,837.61,0.06499999999999773,-1,1.0
1785307606.0,R_100,837.65,0.01999999999998181,1,1.0
1785307607.0,R_100,837.65,0.0,0,1.0
1785307608.0,R_100,837.8,0.07499999999998863,1,1.0
1785307609.0,R_100,837.81,0.0049999999999954525,1,1.0
1785307610.0,R_100,837.58,0.11499999999995225,-1,1.0
1785307611.0,R_100,837.39,0.09500000000002728,-1,1.0
1785307612.0,R_100,837.63,0.12000000000000455,1,1.0
1785307613.0,R_100,837.56,0.03500000000002501,-1,1.0
1785307614.0,R_100,837.38,0.08999999999997499,-1,1.0
1785307615.0,R_100,837.35,0.014999999999986358,-1,1.0
1785307616.0,R_100,837.28,0.03500000000002501,-1,1.0
1785307617.0,R_100,837.33,0.025000000000034106,1,1.0
1785307618.0,R_100,837.21,0.060000000000002274,-1,1.0
1785307619.0,R_100,837.14,0.03500000000002501,-1,1.0
1785307620.0,R_100,837.24,0.05000000000001137,1,1.0
1785307621.0,R_100,837.27,0.014999999999986358,1,1.0
1785307622.0,R_100,837.43,0.07999999999998408,1,1.0
1785307623.0,R_100,837.39,0.01999999999998181,-1,1.0
1785307624.0,R_100,837.42,0.014999999999986358,1,1.0
1785307625.0,R_100,837.06,0.18000000000000682,-1,1.0
1785307626.0,R_100,836.93,0.06499999999999773,-1,1.0
1785307627.0,R_100,836.82,0.05499999999994998,-1,1.0
1785307628.0,R_100,836.88,0.029999999999972715,1,1.0
1785307629.0,R_100,836.79,0.045000000000015916,-1,1.0
1785307630.0,R_100,836.76,0.014999999999986358,-1,1.0
1785307631.0,R_100,836.8,0.01999999999998181,1,1.0
1785307632.0,R_100,836.67,0.06499999999999773,-1,1.0
1785307633.0,R_100,836.58,0.04499999999995907,-1,1.0
1785307634.0,R_100,836.4,0.09000000000003183,-1,1.0
1785307635.0,R_100,836.39,0.0049999999999954525,-1,1.0
1785307636.0,R_100,836.34,0.024999999999977263,-1,1.0
1785307637.0,R_100,836.35,0.0049999999999954525,1,1.0
1785307638.0,R_100,836.8,0.2249999999999659,1,1.0
1785307639.0,R_100,836.84,0.020000000000038654,1,1.0
1785307640.0,R_100,836.92,0.03999999999996362,1,1.0
1785307641.0,R_100,836.97,0.025000000000034106,1,1.0
1785307642.0,R_100,837.0,0.014999999999986358,1,1.0
1785307643.0,R_100,836.92,0.040000000000020464,-1,1.0
1785307644.0,R_100,837.01,0.045000000000015916,1,1.0
1785307645.0,R_100,837.03,0.009999999999990905,1,1.0
1785307646.0,R_100,837.09,0.03000000000002956,1,1.0
1785307647.0,R_100,837.23,0.06999999999999318,1,1.0
1785307648.0,R_100,837.31,0.03999999999996362,1,1.0
1785307649.0,R_100,837.03,0.13999999999998636,-1,1.0
1785307650.0,R_100,837.04,0.0049999999999954525,1,1.0
1785307651.0,R_100,837.01,0.014999999999986358,-1,1.0
1785307652.0,R_100,836.91,0.05000000000001137,-1,1.0
1785307653.0,R_100,837.1,0.09500000000002728,1,1.0
1785307654.0,R_100,837.1,0.0,0,1.0
1785307655.0,R_100,837.22,0.060000000000002274,1,1.0
1785307656.0,R_100,837.1,0.060000000000002274,-1,1.0
1785307657.0,R_100,837.34,0.12000000000000455,1,1.0
1785307658.0,R_100,837.25,0.045000000000015916,-1,1.0
1785307659.0,R_100,837.07,0.08999999999997499,-1,1.0
1785307660.0,R_100,837.1,0.014999999999986358,1,1.0
1785307661.0,R_100,837.36,0.12999999999999545,1,1.0
1785307662.0,R_100,837.11,0.125,-1,1.0
1785307663.0,R_100,836.96,0.07499999999998863,-1,1.0
1785307664.0,R_100,836.78,0.09000000000003183,-1,1.0
1785307665.0,R_100,836.59,0.09499999999997044,-1,1.0
1785307666.0,R_100,836.54,0.025000000000034106,-1,1.0
1785307667.0,R_100,836.63,0.045000000000015916,1,1.0
1785307668.0,R_100,836.43,0.10000000000002274,-1,1.0
1785307669.0,R_100,836.43,0.0,0,1.0
1785307670.0,R_100,836.36,0.03499999999996817,-1,1.0
1785307671.0,R_100,836.29,0.03500000000002501,-1,1.0
1785307672.0,R_100,836.53,0.12000000000000455,1,1.0
1785307673.0,R_100,836.58,0.025000000000034106,1,1.0
1785307674.0,R_100,836.56,0.010000000000047748,-1,1.0
1785307675.0,R_100,836.81,0.125,1,1.0
1785307676.0,R_100,836.56,0.125,-1,1.0
1785307677.0,R_100,836.54,0.009999999999990905,-1,1.0
1785307678.0,R_100,836.61,0.03500000000002501,1,1.0
1785307679.0,R_100,836.69,0.040000000000020464,1,1.0
1785307680.0,R_100,836.55,0.07000000000005002,-1,1.0
1785307681.0,R_100,836.56,0.0049999999999954525,1,1.0
1785307682.0,R_100,836.81,0.125,1,1.0
1785307683.0,R_100,836.83,0.010000000000047748,1,1.0
1785307684.0,R_100,836.72,0.05500000000000682,-1,1.0
1785307685.0,R_100,836.91,0.09499999999997044,1,1.0
1785307686.0,R_100,837.07,0.08000000000004093,1,1.0
1785307687.0,R_100,837.26,0.09499999999997044,1,1.0
1785307688.0,R_100,837.36,0.05000000000001137,1,1.0
1785307689.0,R_100,837.45,0.045000000000015916,1,1.0
1785307690.0,R_100,837.29,0.08000000000004093,-1,1.0
1785307691.0,R_100,837.31,0.009999999999990905,1,1.0
1785307692.0,R_100,837.25,0.029999999999972715,-1,1.0
1785307693.0,R_100,837.02,0.1150000000000091,-1,1.0
1785307694.0,R_100,836.97,0.024999999999977263,-1,1.0
1785307695.0,R_100,836.91,0.03000000000002956,-1,1.0
1785307696.0,R_100,837.19,0.1400000000000432,1,1.0
1785307697.0,R_100,837.22,0.014999999999986358,1,1.0
1785307698.0,R_100,836.91,0.15500000000002956,-1,1.0
1785307699.0,R_100,836.93,0.009999999999990905,1,1.0
1785307700.0,R_100,836.9,0.014999999999986358,-1,1.0
1785307701.0,R_100,837.18,0.13999999999998636,1,1.0
1785307702.0,R_100,837.21,0.015000000000043201,1,1.0
1785307703.0,R_100,837.32,0.05500000000000682,1,1.0
1785307704.0,R_100,837.45,0.06499999999999773,1,1.0
1785307705.0,R_100,837.44,0.0049999999999954525,-1,1.0
1785307706.0,R_100,837.45,0.0049999999999954525,1,1.0
1785307707.0,R_100,837.34,0.05500000000000682,-1,1.0
1785307708.0,R_100,837.24,0.05000000000001137,-1,1.0
1785307709.0,R_100,837.29,0.024999999999977263,1,1.0
1785307710.0,R_100,837.37,0.040000000000020464,1,1.0
1785307711.0,R_100,837.52,0.07499999999998863,1,1.0
1785307712.0,R_100,837.43,0.045000000000015916,-1,1.0
1785307713.0,R_100,837.7,0.13500000000004775,1,1.0
1785307714.0,R_100,837.66,0.020000000000038654,-1,1.0
1785307715.0,R_100,837.35,0.15499999999997272,-1,1.0
1785307716.0,R_100,837.53,0.08999999999997499,1,1.0
1785307717.0,R_100,837.73,0.10000000000002274,1,1.0
1785307718.0,R_100,837.69,0.01999999999998181,-1,1.0
1785307719.0,R_100,837.73,0.01999999999998181,1,1.0
1785307720.0,R_100,837.73,0.0,0,1.0
1785307721.0,R_100,837.85,0.060000000000002274,1,1.0
1785307722.0,R_100,838.2,0.17500000000001137,1,1.0
1785307723.0,R_100,838.01,0.09500000000002728,-1,1.0
1785307724.0,R_100,837.76,0.125,-1,1.0
1785307725.0,R_100,837.68,0.040000000000020464,-1,1.0
1785307726.0,R_100,837.84,0.08000000000004093,1,1.0
1785307727.0,R_100,837.53,0.15500000000002956,-1,1.0
1785307728.0,R_100,837.73,0.10000000000002274,1,1.0
1785307729.0,R_100,837.74,0.0049999999999954525,1,1.0
1785307730.0,R_100,837.69,0.024999999999977263,-1,1.0
1785307731.0,R_100,837.63,0.03000000000002956,-1,1.0
1785307732.0,R_100,837.39,0.12000000000000455,-1,1.0
1785307733.0,R_100,837.3,0.045000000000015916,-1,1.0
1785307734.0,R_100,837.22,0.03999999999996362,-1,1.0
1785307735.0,R_100,837.17,0.025000000000034106,-1,1.0
1785307736.0,R_100,837.42,0.125,1,1.0
1785307737.0,R_100,837.19,0.11499999999995225,-1,1.0
1785307738.0,R_100,837.63,0.21999999999997044,1,1.0
1785307739.0,R_100,837.79,0.07999999999998408,1,1.0
1785307740.0,R_100,837.68,0.05500000000000682,-1,1.0
1785307741.0,R_100,837.59,0.04499999999995907,-1,1.0
1785307742.0,R_100,837.57,0.009999999999990905,-1,1.0
1785307743.0,R_100,837.47,0.05000000000001137,-1,1.0
1785307744.0,R_100,837.58,0.05500000000000682,1,1.0
1785307745.0,R_100,837.53,0.025000000000034106,-1,1.0
1785307746.0,R_100,837.76,0.1150000000000091,1,1.0
1785307747.0,R_100,837.93,0.08499999999997954,1,1.0
1785307748.0,R_100,838.21,0.1400000000000432,1,1.0
1785307749.0,R_100,838.22,0.0049999999999954525,1,1.0
1785307750.0,R_100,838.18,0.020000000000038654,-1,1.0
1785307751.0,R_100,838.36,0.09000000000003183,1,1.0
1785307752.0,R_100,838.2,0.07999999999998408,-1,1.0
1785307753.0,R_100,837.97,0.1150000000000091,-1,1.0
1785307754.0,R_100,837.98,0.0049999999999954525,1,1.0
1785307755.0,R_100,837.91,0.03500000000002501,-1,1.0
1785307756.0,R_100,837.72,0.09499999999997044,-1,1.0
1785307757.0,R_100,837.51,0.10500000000001819,-1,1.0
1785307758.0,R_100,837.51,0.0,0,1.0
1785307759.0,R_100,837.55,0.01999999999998181,1,1.0
1785307760.0,R_100,837.47,0.03999999999996362,-1,1.0
1785307761.0,R_100,837.35,0.060000000000002274,-1,1.0
1785307762.0,R_100,837.31,0.020000000000038654,-1,1.0
1785307763.0,R_100,837.34,0.015000000000043201,1,1.0
1785307764.0,R_100,837.7,0.18000000000000682,1,1.0
1785307765.0,R_100,837.59,0.05500000000000682,-1,1.0
1785307766.0,R_100,837.6,0.0049999999999954525,1,1.0
1785307767.0,R_100,837.69,0.045000000000015916,1,1.0
1785307768.0,R_100,837.6,0.045000000000015916,-1,1.0
1785307769.0,R_100,837.64,0.01999999999998181,1,1.0
1785307770.0,R_100,837.73,0.045000000000015916,1,1.0
1785307771.0,R_100,837.95,0.11000000000001364,1,1.0
1785307772.0,R_100,838.15,0.0999999999999659,1,1.0
1785307773.0,R_100,838.03,0.060000000000002274,-1,1.0
1785307774.0,R_100,837.79,0.12000000000000455,-1,1.0
1785307775.0,R_100,837.64,0.07499999999998863,-1,1.0
1785307776.0,R_100,837.58,0.029999999999972715,-1,1.0
1785307777.0,R_100,837.52,0.03000000000002956,-1,1.0
1785307778.0,R_100,837.52,0.0,0,1.0
1785307779.0,R_100,837.52,0.0,0,1.0
1785307780.0,R_100,837.52,0.0,0,1.0
1785307781.0,R_100,837.76,0.12000000000000455,1,1.0
1785307782.0,R_100,837.59,0.08499999999997954,-1,1.0
1785307783.0,R_100,837.73,0.06999999999999318,1,1.0
1785307784.0,R_100,837.77,0.01999999999998181,1,1.0
1785307785.0,R_100,837.94,0.08500000000003638,1,1.0
1785307786.0,R_100,838.11,0.08499999999997954,1,1.0
1785307787.0,R_100,838.14,0.014999999999986358,1,1.0
1785307788.0,R_100,838.45,0.15500000000002956,1,1.0
1785307789.0,R_100,838.45,0.0,0,1.0
1785307790.0,R_100,838.47,0.009999999999990905,1,1.0
1785307791.0,R_100,838.58,0.05500000000000682,1,1.0
1785307792.0,R_100,838.82,0.12000000000000455,1,1.0
1785307793.0,R_100,838.65,0.08500000000003638,-1,1.0
1785307794.0,R_100,838.34,0.15499999999997272,-1,1.0
1785307795.0,R_100,838.29,0.025000000000034106,-1,1.0
1785307796.0,R_100,838.39,0.05000000000001137,1,1.0
1785307797.0,R_100,838.31,0.040000000000020464,-1,1.0
1785307798.0,R_100,838.18,0.06499999999999773,-1,1.0
1785307799.0,R_100,838.15,0.014999999999986358,-1,1.0
1785307800.0,R_100,838.38,0.1150000000000091,1,1.0
1785307801.0,R_100,838.32,0.029999999999972715,-1,1.0
1785307802.0,R_100,838.08,0.12000000000000455,-1,1.0
1785307803.0,R_100,838.11,0.014999999999986358,1,1.0
1785307804.0,R_100,838.08,0.014999999999986358,-1,1.0
1785307805.0,R_100,837.92,0.08000000000004093,-1,1.0
1785307806.0,R_100,837.71,0.10499999999996135,-1,1.0
1785307807.0,R_100,837.73,0.009999999999990905,1,1.0
1785307808.0,R_100,837.74,0.0049999999999954525,1,1.0
1785307809.0,R_100,837.46,0.13999999999998636,-1,1.0
1785307810.0,R_100,837.38,0.040000000000020464,-1,1.0
1785307811.0,R_100,837.2,0.08999999999997499,-1,1.0
1785307812.0,R_100,837.24,0.01999999999998181,1,1.0
1785307813.0,R_100,837.07,0.08499999999997954,-1,1.0
1785307814.0,R_100,837.1,0.014999999999986358,1,1.0
1785307815.0,R_100,837.21,0.05500000000000682,1,1.0
1785307816.0,R_100,836.99,0.11000000000001364,-1,1.0
1785307817.0,R_100,836.88,0.05500000000000682,-1,1.0
1785307818.0,R_100,836.83,0.024999999999977263,-1,1.0
1785307819.0,R_100,836.9,0.03499999999996817,1,1.0
1785307820.0,R_100,836.75,0.07499999999998863,-1,1.0
1785307821.0,R_100,836.88,0.06499999999999773,1,1.0
1785307822.0,R_100,837.11,0.1150000000000091,1,1.0
1785307823.0,R_100,836.79,0.160000000000025,-1,1.0
1785307824.0,R_100,836.67,0.060000000000002274,-1,1.0
1785307825.0,R_100,836.63,0.01999999999998181,-1,1.0
1785307826.0,R_100,836.65,0.009999999999990905,1,1.0
1785307827.0,R_100,836.57,0.03999999999996362,-1,1.0
1785307828.0,R_100,836.45,0.060000000000002274,-1,1.0
1785307829.0,R_100,836.51,0.029999999999972715,1,1.0
1785307830.0,R_100,836.49,0.009999999999990905,-1,1.0
1785307831.0,R_100,836.65,0.07999999999998408,1,1.0
1785307832.0,R_100,836.48,0.08499999999997954,-1,1.0
1785307833.0,R_100,836.45,0.014999999999986358,-1,1.0
1785307834.0,R_100,836.49,0.01999999999998181,1,1.0
1785307835.0,R_100,836.59,0.05000000000001137,1,1.0
1785307836.0,R_100,836.67,0.03999999999996362,1,1.0
1785307837.0,R_100,836.76,0.045000000000015916,1,1.0
1785307838.0,R_100,836.78,0.009999999999990905,1,1.0
1785307839.0,R_100,837.05,0.1349999999999909,1,1.0
1785307840.0,R_100,837.19,0.07000000000005002,1,1.0
1785307841.0,R_100,837.12,0.03500000000002501,-1,1.0
1785307842.0,R_100,837.01,0.05500000000000682,-1,1.0
1785307843.0,R_100,836.71,0.14999999999997726,-1,1.0
1785307844.0,R_100,836.67,0.020000000000038654,-1,1.0
1785307845.0,R_100,836.73,0.03000000000002956,1,1.0
1785307846.0,R_100,836.69,0.01999999999998181,-1,1.0
1785307847.0,R_100,836.54,0.07500000000004547,-1,1.0
1785307848.0,R_100,836.56,0.009999999999990905,1,1.0
1785307849.0,R_100,836.61,0.025000000000034106,1,1.0
1785307850.0,R_100,836.36,0.125,-1,1.0
1785307851.0,R_100,836.38,0.009999999999990905,1,1.0
1785307852.0,R_100,836.32,0.029999999999972715,-1,1.0
1785307853.0,R_100,836.43,0.05499999999994998,1,1.0
1785307854.0,R_100,836.53,0.05000000000001137,1,1.0
1785307855.0,R_100,836.65,0.060000000000002274,1,1.0
1785307856.0,R_100,836.98,0.16500000000002046,1,1.0
1785307857.0,R_100,837.08,0.05000000000001137,1,1.0
1785307858.0,R_100,837.08,0.0,0,1.0
1785307859.0,R_100,837.11,0.014999999999986358,1,1.0
1785307860.0,R_100,837.21,0.05000000000001137,1,1.0
1785307861.0,R_100,837.01,0.10000000000002274,-1,1.0
1785307862.0,R_100,836.91,0.05000000000001137,-1,1.0
1785307863.0,R_100,836.88,0.014999999999986358,-1,1.0
1785307864.0,R_100,836.96,0.040000000000020464,1,1.0
1785307865.0,R_100,836.76,0.10000000000002274,-1,1.0
1785307866.0,R_100,836.65,0.05500000000000682,-1,1.0
1785307867.0,R_100,836.84,0.09500000000002728,1,1.0
1785307868.0,R_100,836.79,0.025000000000034106,-1,1.0
1785307869.0,R_100,836.74,0.024999999999977263,-1,1.0
1785307870.0,R_100,836.75,0.0049999999999954525,1,1.0
1785307871.0,R_100,836.6,0.07499999999998863,-1,1.0
1785307872.0,R_100,836.44,0.07999999999998408,-1,1.0
1785307873.0,R_100,836.55,0.05499999999994998,1,1.0
1785307874.0,R_100,836.61,0.03000000000002956,1,1.0
1785307875.0,R_100,836.54,0.03500000000002501,-1,1.0
1785307876.0,R_100,836.39,0.07499999999998863,-1,1.0
1785307877.0,R_100,836.34,0.024999999999977263,-1,1.0
1785307878.0,R_100,836.4,0.029999999999972715,1,1.0
1785307879.0,R_100,836.47,0.03500000000002501,1,1.0
1785307880.0,R_100,836.24,0.1150000000000091,-1,1.0
1785307881.0,R_100,835.97,0.1349999999999909,-1,1.0
1785307882.0,R_100,836.09,0.060000000000002274,1,1.0
1785307883.0,R_100,836.24,0.07499999999998863,1,1.0
1785307884.0,R_100,836.12,0.060000000000002274,-1,1.0
1785307885.0,R_100,836.07,0.024999999999977263,-1,1.0
1785307886.0,R_100,836.08,0.0049999999999954525,1,1.0
1785307887.0,R_100,836.4,0.15999999999996817,1,1.0
1785307888.0,R_100,836.21,0.09499999999997044,-1,1.0
1785307889.0,R_100,836.08,0.06499999999999773,-1,1.0
1785307890.0,R_100,835.95,0.06499999999999773,-1,1.0
1785307891.0,R_100,835.87,0.040000000000020464,-1,1.0
1785307892.0,R_100,835.73,0.06999999999999318,-1,1.0
1785307893.0,R_100,835.77,0.01999999999998181,1,1.0
1785307894.0,R_100,835.56,0.10500000000001819,-1,1.0
1785307895.0,R_100,835.23,0.16499999999996362,-1,1.0
1785307896.0,R_100,835.51,0.13999999999998636,1,1.0
1785307897.0,R_100,835.62,0.05500000000000682,1,1.0
1785307898.0,R_100,835.46,0.07999999999998408,-1,1.0
1785307899.0,R_100,835.8,0.16999999999995907,1,1.0
1785307900.0,R_100,835.75,0.024999999999977263,-1,1.0
1785307901.0,R_100,835.72,0.014999999999986358,-1,1.0
1785307902.0,R_100,835.4,0.160000000000025,-1,1.0
1785307903.0,R_100,835.42,0.009999999999990905,1,1.0
1785307904.0,R_100,835.52,0.05000000000001137,1,1.0
1785307905.0,R_100,835.66,0.06999999999999318,1,1.0
1785307906.0,R_100,835.84,0.09000000000003183,1,1.0
1785307907.0,R_100,835.73,0.05500000000000682,-1,1.0
1785307908.0,R_100,835.67,0.03000000000002956,-1,1.0
1785307909.0,R_100,835.77,0.05000000000001137,1,1.0
1785307910.0,R_100,835.77,0.0,0,1.0
1785307911.0,R_100,835.49,0.13999999999998636,-1,1.0
1785307912.0,R_100,835.78,0.1449999999999818,1,1.0
1785307913.0,R_100,835.59,0.09499999999997044,-1,1.0
1785307914.0,R_100,835.65,0.029999999999972715,1,1.0
1785307915.0,R_100,835.66,0.0049999999999954525,1,1.0
1785307916.0,R_100,835.55,0.05500000000000682,-1,1.0
1785307917.0,R_100,835.65,0.05000000000001137,1,1.0
1785307918.0,R_100,835.59,0.029999999999972715,-1,1.0
1785307919.0,R_100,835.61,0.009999999999990905,1,1.0
1785307920.0,R_100,835.78,0.08499999999997954,1,1.0
1785307921.0,R_100,835.74,0.01999999999998181,-1,1.0
1785307922.0,R_100,836.03,0.1449999999999818,1,1.0
1785307923.0,R_100,836.1,0.03500000000002501,1,1.0
1785307924.0,R_100,835.9,0.10000000000002274,-1,1.0
1785307925.0,R_100,836.07,0.08500000000003638,1,1.0
1785307926.0,R_100,836.05,0.010000000000047748,-1,1.0
1785307927.0,R_100,836.21,0.08000000000004093,1,1.0
1785307928.0,R_100,836.45,0.12000000000000455,1,1.0
1785307929.0,R_100,836.4,0.025000000000034106,-1,1.0
1785307930.0,R_100,836.35,0.024999999999977263,-1,1.0
1785307931.0,R_100,836.51,0.07999999999998408,1,1.0
1785307932.0,R_100,836.4,0.05500000000000682,-1,1.0
1785307933.0,R_100,836.44,0.020000000000038654,1,1.0
1785307934.0,R_100,836.5,0.029999999999972715,1,1.0
1785307935.0,R_100,836.56,0.029999999999972715,1,1.0
1785307936.0,R_100,836.76,0.10000000000002274,1,1.0
1785307937.0,R_100,836.76,0.0,0,1.0
1785307938.0,R_100,836.75,0.0049999999999954525,-1,1.0
1785307939.0,R_100,836.87,0.060000000000002274,1,1.0
1785307940.0,R_100,836.83,0.01999999999998181,-1,1.0
1785307941.0,R_100,836.9,0.03499999999996817,1,1.0
1785307942.0,R_100,837.04,0.06999999999999318,1,1.0
1785307943.0,R_100,837.03,0.0049999999999954525,-1,1.0
1785307944.0,R_100,836.88,0.07499999999998863,-1,1.0
1785307945.0,R_100,836.65,0.1150000000000091,-1,1.0
1785307946.0,R_100,836.64,0.0049999999999954525,-1,1.0
1785307947.0,R_100,836.61,0.014999999999986358,-1,1.0
1785307948.0,R_100,836.63,0.009999999999990905,1,1.0
1785307949.0,R_100,836.44,0.09499999999997044,-1,1.0
1785307950.0,R_100,836.65,0.10499999999996135,1,1.0
1785307951.0,R_100,836.66,0.0049999999999954525,1,1.0
1785307952.0,R_100,836.48,0.08999999999997499,-1,1.0
1785307953.0,R_100,836.32,0.07999999999998408,-1,1.0
1785307954.0,R_100,836.34,0.009999999999990905,1,1.0
1785307955.0,R_100,836.43,0.04499999999995907,1,1.0
1785307956.0,R_100,836.12,0.15499999999997272,-1,1.0
1785307957.0,R_100,836.12,0.0,0,1.0
1785307958.0,R_100,836.05,0.03500000000002501,-1,1.0
1785307959.0,R_100,836.03,0.009999999999990905,-1,1.0
1785307960.0,R_100,835.87,0.07999999999998408,-1,1.0
1785307961.0,R_100,836.04,0.08499999999997954,1,1.0
1785307962.0,R_100,836.12,0.040000000000020464,1,1.0
1785307963.0,R_100,836.03,0.045000000000015916,-1,1.0
1785307964.0,R_100,835.93,0.05000000000001137,-1,1.0
1785307965.0,R_100,835.89,0.01999999999998181,-1,1.0
1785307966.0,R_100,835.99,0.05000000000001137,1,1.0
1785307967.0,R_100,835.91,0.040000000000020464,-1,1.0
1785307968.0,R_100,835.77,0.06999999999999318,-1,1.0
1785307969.0,R_100,835.84,0.03500000000002501,1,1.0
1785307970.0,R_100,835.73,0.05500000000000682,-1,1.0
1785307971.0,R_100,835.69,0.01999999999998181,-1,1.0
1785307972.0,R_100,835.38,0.15500000000002956,-1,1.0
1785307973.0,R_100,835.42,0.01999999999998181,1,1.0
1785307974.0,R_100,835.46,0.020000000000038654,1,1.0
1785307975.0,R_100,835.64,0.08999999999997499,1,1.0
1785307976.0,R_100,835.85,0.10500000000001819,1,1.0
1785307977.0,R_100,835.87,0.009999999999990905,1,1.0
1785307978.0,R_100,835.78,0.045000000000015916,-1,1.0
1785307979.0,R_100,835.98,0.10000000000002274,1,1.0
1785307980.0,R_100,835.7,0.13999999999998636,-1,1.0
1785307981.0,R_100,835.54,0.08000000000004093,-1,1.0
1785307982.0,R_100,835.54,0.0,0,1.0
1785307983.0,R_100,835.51,0.014999999999986358,-1,1.0
1785307984.0,R_100,835.7,0.09500000000002728,1,1.0
1785307985.0,R_100,835.66,0.020000000000038654,-1,1.0
1785307986.0,R_100,835.5,0.07999999999998408,-1,1.0
1785307987.0,R_100,835.63,0.06499999999999773,1,1.0
1785307988.0,R_100,835.75,0.060000000000002274,1,1.0
1785307989.0,R_100,836.09,0.17000000000001592,1,1.0
1785307990.0,R_100,836.17,0.03999999999996362,1,1.0
1785307991.0,R_100,836.3,0.06499999999999773,1,1.0
1785307992.0,R_100,836.2,0.049999999999954525,-1,1.0
1785307993.0,R_100,836.16,0.020000000000038654,-1,1.0
1785307994.0,R_100,836.4,0.12000000000000455,1,1.0
1785307995.0,R_100,836.56,0.07999999999998408,1,1.0
1785307996.0,R_100,836.28,0.13999999999998636,-1,1.0
1785307997.0,R_100,836.22,0.029999999999972715,-1,1.0
1785307998.0,R_100,836.34,0.060000000000002274,1,1.0
1785307999.0,R_100,836.4,0.029999999999972715,1,1.0
1785308000.0,R_100,836.67,0.1349999999999909,1,1.0
1785308001.0,R_100,836.74,0.03500000000002501,1,1.0
1785308002.0,R_100,836.82,0.040000000000020464,1,1.0
1785308003.0,R_100,836.86,0.01999999999998181,1,1.0
1785308004.0,R_100,836.88,0.009999999999990905,1,1.0
1785308005.0,R_100,836.8,0.040000000000020464,-1,1.0
1785308006.0,R_100,836.8,0.0,0,1.0
1785308007.0,R_100,836.51,0.1449999999999818,-1,1.0
1785308008.0,R_100,836.62,0.05500000000000682,1,1.0
1785308009.0,R_100,836.64,0.009999999999990905,1,1.0
1785308010.0,R_100,836.47,0.08499999999997954,-1,1.0
1785308011.0,R_100,836.65,0.08999999999997499,1,1.0
1785308012.0,R_100,836.6,0.024999999999977263,-1,1.0
1785308013.0,R_100,836.34,0.12999999999999545,-1,1.0
1785308014.0,R_100,836.1,0.12000000000000455,-1,1.0
1785308015.0,R_100,836.27,0.08499999999997954,1,1.0
1785308016.0,R_100,836.01,0.12999999999999545,-1,1.0
1785308017.0,R_100,836.27,0.12999999999999545,1,1.0
1785308018.0,R_100,836.14,0.06499999999999773,-1,1.0
1785308019.0,R_100,836.11,0.014999999999986358,-1,1.0
1785308020.0,R_100,835.99,0.060000000000002274,-1,1.0
1785308021.0,R_100,835.95,0.01999999999998181,-1,1.0
1785308022.0,R_100,835.87,0.040000000000020464,-1,1.0
1785308023.0,R_100,835.7,0.08499999999997954,-1,1.0
1785308024.0,R_100,835.45,0.125,-1,1.0
1785308025.0,R_100,835.56,0.05499999999994998,1,1.0
1785308026.0,R_100,835.78,0.11000000000001364,1,1.0
1785308027.0,R_100,835.61,0.08499999999997954,-1,1.0
1785308028.0,R_100,835.5,0.05500000000000682,-1,1.0
1785308029.0,R_100,835.73,0.1150000000000091,1,1.0
1785308030.0,R_100,835.82,0.045000000000015916,1,1.0
1785308031.0,R_100,836.24,0.20999999999997954,1,1.0
1785308032.0,R_100,836.36,0.060000000000002274,1,1.0
1785308033.0,R_100,836.32,0.01999999999998181,-1,1.0
1785308034.0,R_100,836.15,0.08500000000003638,-1,1.0
1785308035.0,R_100,836.01,0.06999999999999318,-1,1.0
1785308036.0,R_100,835.98,0.014999999999986358,-1,1.0
1785308037.0,R_100,835.93,0.025000000000034106,-1,1.0
1785308038.0,R_100,836.07,0.07000000000005002,1,1.0
1785308039.0,R_100,836.11,0.01999999999998181,1,1.0
1785308040.0,R_100,835.7,0.20499999999998408,-1,1.0
1785308041.0,R_100,835.6,0.05000000000001137,-1,1.0
1785308042.0,R_100,835.65,0.024999999999977263,1,1.0
1785308043.0,R_100,835.69,0.020000000000038654,1,1.0
1785308044.0,R_100,835.26,0.21500000000003183,-1,1.0
1785308045.0,R_100,835.31,0.024999999999977263,1,1.0
1785308046.0,R_100,835.25,0.029999999999972715,-1,1.0
1785308047.0,R_100,835.22,0.014999999999986358,-1,1.0
1785308048.0,R_100,835.08,0.06999999999999318,-1,1.0
1785308049.0,R_100,835.11,0.014999999999986358,1,1.0
1785308050.0,R_100,835.03,0.040000000000020464,-1,1.0
1785308051.0,R_100,834.96,0.03499999999996817,-1,1.0
1785308052.0,R_100,835.08,0.060000000000002274,1,1.0
1785308053.0,R_100,835.04,0.020000000000038654,-1,1.0
1785308054.0,R_100,834.96,0.03999999999996362,-1,1.0
1785308055.0,R_100,834.94,0.009999999999990905,-1,1.0
1785308056.0,R_100,834.73,0.10500000000001819,-1,1.0
1785308057.0,R_100,834.76,0.014999999999986358,1,1.0
1785308058.0,R_100,834.75,0.0049999999999954525,-1,1.0
1785308059.0,R_100,834.7,0.024999999999977263,-1,1.0
1785308060.0,R_100,834.9,0.0999999999999659,1,1.0
1785308061.0,R_100,835.17,0.1349999999999909,1,1.0
1785308062.0,R_100,835.34,0.08500000000003638,1,1.0
1785308063.0,R_100,835.25,0.045000000000015916,-1,1.0
1785308064.0,R_100,835.14,0.05500000000000682,-1,1.0
1785308065.0,R_100,835.14,0.0,0,1.0
1785308066.0,R_100,835.12,0.009999999999990905,-1,1.0
1785308067.0,R_100,834.77,0.17500000000001137,-1,1.0
1785308068.0,R_100,834.86,0.045000000000015916,1,1.0
1785308069.0,R_100,834.83,0.014999999999986358,-1,1.0
1785308070.0,R_100,835.0,0.08499999999997954,1,1.0
1785308071.0,R_100,835.02,0.009999999999990905,1,1.0
1785308072.0,R_100,835.16,0.06999999999999318,1,1.0
1785308073.0,R_100,835.14,0.009999999999990905,-1,1.0
1785308074.0,R_100,834.99,0.07499999999998863,-1,1.0
1785308075.0,R_100,835.07,0.040000000000020464,1,1.0
1785308076.0,R_100,834.85,0.11000000000001364,-1,1.0
1785308077.0,R_100,834.81,0.020000000000038654,-1,1.0
1785308078.0,R_100,834.55,0.12999999999999545,-1,1.0
1785308079.0,R_100,834.5,0.024999999999977263,-1,1.0
1785308080.0,R_100,834.46,0.01999999999998181,-1,1.0
1785308081.0,R_100,834.46,0.0,0,1.0
1785308082.0,R_100,834.53,0.03499999999996817,1,1.0
1785308083.0,R_100,834.76,0.1150000000000091,1,1.0
1785308084.0,R_100,834.86,0.05000000000001137,1,1.0
1785308085.0,R_100,835.03,0.08499999999997954,1,1.0
1785308086.0,R_100,834.82,0.10499999999996135,-1,1.0
1785308087.0,R_100,835.02,0.0999999999999659,1,1.0
1785308088.0,R_100,835.08,0.03000000000002956,1,1.0
1785308089.0,R_100,835.14,0.029999999999972715,1,1.0
1785308090.0,R_100,835.44,0.1500000000000341,1,1.0
1785308091.0,R_100,835.5,0.029999999999972715,1,1.0
1785308092.0,R_100,835.56,0.029999999999972715,1,1.0
1785308093.0,R_100,835.49,0.03499999999996817,-1,1.0
1785308094.0,R_100,835.74,0.125,1,1.0
1785308095.0,R_100,835.73,0.0049999999999954525,-1,1.0
1785308096.0,R_100,835.73,0.0,0,1.0
1785308097.0,R_100,835.89,0.07999999999998408,1,1.0
1785308098.0,R_100,835.78,0.05500000000000682,-1,1.0
1785308099.0,R_100,835.62,0.07999999999998408,-1,1.0
1785308100.0,R_100,835.5,0.060000000000002274,-1,1.0
1785308101.0,R_100,835.57,0.03500000000002501,1,1.0
1785308102.0,R_100,835.64,0.03499999999996817,1,1.0
1785308103.0,R_100,835.79,0.07499999999998863,1,1.0
1785308104.0,R_100,835.78,0.0049999999999954525,-1,1.0
1785308105.0,R_100,835.77,0.0049999999999954525,-1,1.0
1785308106.0,R_100,835.86,0.045000000000015916,1,1.0
1785308107.0,R_100,835.85,0.0049999999999954525,-1,1.0
1785308108.0,R_100,835.96,0.05500000000000682,1,1.0
1785308109.0,R_100,835.91,0.025000000000034106,-1,1.0
1785308110.0,R_100,835.94,0.015000000000043201,1,1.0
1785308111.0,R_100,835.82,0.060000000000002274,-1,1.0
1785308112.0,R_100,835.79,0.015000000000043201,-1,1.0
1785308113.0,R_100,835.81,0.009999999999990905,1,1.0
1785308114.0,R_100,835.74,0.03499999999996817,-1,1.0
1785308115.0,R_100,835.8,0.029999999999972715,1,1.0
1785308116.0,R_100,835.93,0.06499999999999773,1,1.0
1785308117.0,R_100,836.0,0.03500000000002501,1,1.0
1785308118.0,R_100,835.9,0.05000000000001137,-1,1.0
1785308119.0,R_100,836.09,0.09500000000002728,1,1.0
1785308120.0,R_100,836.05,0.020000000000038654,-1,1.0
1785308121.0,R_100,836.2,0.07500000000004547,1,1.0
1785308122.0,R_100,836.45,0.125,1,1.0
1785308123.0,R_100,836.43,0.010000000000047748,-1,1.0
1785308124.0,R_100,836.47,0.020000000000038654,1,1.0
1785308125.0,R_100,836.36,0.05500000000000682,-1,1.0
1785308126.0,R_100,836.29,0.03500000000002501,-1,1.0
1785308127.0,R_100,836.29,0.0,0,1.0
1785308128.0,R_100,836.76,0.23500000000001364,1,1.0
1785308129.0,R_100,836.47,0.1449999999999818,-1,1.0
1785308130.0,R_100,836.52,0.024999999999977263,1,1.0
1785308131.0,R_100,836.52,0.0,0,1.0
1785308132.0,R_100,836.44,0.03999999999996362,-1,1.0
1785308133.0,R_100,836.14,0.1500000000000341,-1,1.0
1785308134.0,R_100,836.15,0.0049999999999954525,1,1.0
1785308135.0,R_100,836.37,0.11000000000001364,1,1.0
1785308136.0,R_100,836.26,0.05500000000000682,-1,1.0
1785308137.0,R_100,836.09,0.08499999999997954,-1,1.0
1785308138.0,R_100,836.08,0.0049999999999954525,-1,1.0
1785308139.0,R_100,836.0,0.040000000000020464,-1,1.0
1785308140.0,R_100,835.86,0.06999999999999318,-1,1.0
1785308141.0,R_100,835.82,0.01999999999998181,-1,1.0
1785308142.0,R_100,835.87,0.024999999999977263,1,1.0
1785308143.0,R_100,835.79,0.040000000000020464,-1,1.0
1785308144.0,R_100,835.88,0.045000000000015916,1,1.0
1785308145.0,R_100,835.85,0.014999999999986358,-1,1.0
1785308146.0,R_100,835.94,0.045000000000015916,1,1.0
1785308147.0,R_100,835.74,0.10000000000002274,-1,1.0
1785308148.0,R_100,835.55,0.09500000000002728,-1,1.0
1785308149.0,R_100,835.71,0.08000000000004093,1,1.0
1785308150.0,R_100,835.62,0.045000000000015916,-1,1.0
1785308151.0,R_100,835.74,0.060000000000002274,1,1.0
1785308152.0,R_100,835.57,0.08499999999997954,-1,1.0
1785308153.0,R_100,835.54,0.015000000000043201,-1,1.0
1785308154.0,R_100,835.39,0.07499999999998863,-1,1.0
1785308155.0,R_100,835.36,0.014999999999986358,-1,1.0
1785308156.0,R_100,835.47,0.05500000000000682,1,1.0
1785308157.0,R_100,835.25,0.11000000000001364,-1,1.0
1785308158.0,R_100,835.27,0.009999999999990905,1,1.0
1785308159.0,R_100,834.97,0.14999999999997726,-1,1.0
1785308160.0,R_100,835.22,0.125,1,1.0
1785308161.0,R_100,835.43,0.10499999999996135,1,1.0
1785308162.0,R_100,835.31,0.060000000000002274,-1,1.0
1785308163.0,R_100,835.13,0.08999999999997499,-1,1.0
1785308164.0,R_100,835.2,0.03500000000002501,1,1.0
1785308165.0,R_100,835.13,0.03500000000002501,-1,1.0
1785308166.0,R_100,835.16,0.014999999999986358,1,1.0
1785308167.0,R_100,834.95,0.10499999999996135,-1,1.0
1785308168.0,R_100,834.84,0.05500000000000682,-1,1.0
1785308169.0,R_100,834.59,0.125,-1,1.0
1785308170.0,R_100,834.69,0.05000000000001137,1,1.0
1785308171.0,R_100,834.66,0.015000000000043201,-1,1.0
1785308172.0,R_100,834.69,0.015000000000043201,1,1.0
1785308173.0,R_100,834.71,0.009999999999990905,1,1.0
1785308174.0,R_100,834.78,0.03499999999996817,1,1.0
1785308175.0,R_100,834.62,0.07999999999998408,-1,1.0
1785308176.0,R_100,834.32,0.14999999999997726,-1,1.0
1785308177.0,R_100,834.46,0.06999999999999318,1,1.0
1785308178.0,R_100,834.32,0.06999999999999318,-1,1.0
1785308179.0,R_100,834.15,0.08500000000003638,-1,1.0
1785308180.0,R_100,833.9,0.125,-1,1.0
1785308181.0,R_100,833.9,0.0,0,1.0
1785308182.0,R_100,833.81,0.045000000000015916,-1,1.0
1785308183.0,R_100,833.6,0.10499999999996135,-1,1.0
1785308184.0,R_100,833.66,0.029999999999972715,1,1.0
1785308185.0,R_100,833.5,0.07999999999998408,-1,1.0
1785308186.0,R_100,833.62,0.060000000000002274,1,1.0
1785308187.0,R_100,833.73,0.05500000000000682,1,1.0
1785308188.0,R_100,833.84,0.05500000000000682,1,1.0
1785308189.0,R_100,833.5,0.17000000000001592,-1,1.0
1785308190.0,R_100,833.33,0.08499999999997954,-1,1.0
1785308191.0,R_100,833.37,0.01999999999998181,1,1.0
1785308192.0,R_100,833.5,0.06499999999999773,1,1.0
1785308193.0,R_100,833.49,0.0049999999999954525,-1,1.0
1785308194.0,R_100,833.51,0.009999999999990905,1,1.0
1785308195.0,R_100,833.68,0.08499999999997954,1,1.0
1785308196.0,R_100,833.55,0.06499999999999773,-1,1.0
1785308197.0,R_100,833.41,0.06999999999999318,-1,1.0
1785308198.0,R_100,833.46,0.025000000000034106,1,1.0
1785308199.0,R_100,833.41,0.025000000000034106,-1,1.0
1785308200.0,R_100,833.28,0.06499999999999773,-1,1.0
1785308201.0,R_100,833.15,0.06499999999999773,-1,1.0
1785308202.0,R_100,833.09,0.029999999999972715,-1,1.0
1785308203.0,R_100,833.1,0.0049999999999954525,1,1.0
1785308204.0,R_100,833.18,0.03999999999996362,1,1.0
1785308205.0,R_100,833.26,0.040000000000020464,1,1.0
1785308206.0,R_100,833.26,0.0,0,1.0
1785308207.0,R_100,833.29,0.014999999999986358,1,1.0
1785308208.0,R_100,833.45,0.08000000000004093,1,1.0
1785308209.0,R_100,833.49,0.01999999999998181,1,1.0
1785308210.0,R_100,833.54,0.024999999999977263,1,1.0
1785308211.0,R_100,833.37,0.08499999999997954,-1,1.0
1785308212.0,R_100,833.28,0.045000000000015916,-1,1.0
1785308213.0,R_100,833.38,0.05000000000001137,1,1.0
1785308214.0,R_100,833.1,0.13999999999998636,-1,1.0
1785308215.0,R_100,833.09,0.0049999999999954525,-1,1.0
1785308216.0,R_100,832.79,0.1500000000000341,-1,1.0
1785308217.0,R_100,832.88,0.045000000000015916,1,1.0
1785308218.0,R_100,832.82,0.029999999999972715,-1,1.0
1785308219.0,R_100,832.89,0.03499999999996817,1,1.0
1785308220.0,R_100,832.71,0.08999999999997499,-1,1.0
1785308221.0,R_100,832.58,0.06499999999999773,-1,1.0
1785308222.0,R_100,832.53,0.025000000000034106,-1,1.0
1785308223.0,R_100,832.58,0.025000000000034106,1,1.0
1785308224.0,R_100,832.52,0.03000000000002956,-1,1.0
1785308225.0,R_100,832.68,0.07999999999998408,1,1.0
1785308226.0,R_100,832.86,0.09000000000003183,1,1.0
1785308227.0,R_100,832.79,0.03500000000002501,-1,1.0
1785308228.0,R_100,832.87,0.040000000000020464,1,1.0
1785308229.0,R_100,832.71,0.07999999999998408,-1,1.0
1785308230.0,R_100,832.73,0.009999999999990905,1,1.0
1785308231.0,R_100,832.41,0.160000000000025,-1,1.0
1785308232.0,R_100,832.35,0.029999999999972715,-1,1.0
1785308233.0,R_100,832.19,0.07999999999998408,-1,1.0
1785308234.0,R_100,832.18,0.005000000000052296,-1,1.0
1785308235.0,R_100,832.05,0.06499999999999773,-1,1.0
1785308236.0,R_100,831.9,0.07499999999998863,-1,1.0
1785308237.0,R_100,831.89,0.0049999999999954525,-1,1.0
1785308238.0,R_100,831.8,0.045000000000015916,-1,1.0
1785308239.0,R_100,831.92,0.060000000000002274,1,1.0
1785308240.0,R_100,832.01,0.045000000000015916,1,1.0
1785308241.0,R_100,831.94,0.03499999999996817,-1,1.0
1785308242.0,R_100,831.81,0.06500000000005457,-1,1.0
1785308243.0,R_100,831.93,0.060000000000002274,1,1.0
1785308244.0,R_100,831.84,0.04499999999995907,-1,1.0
1785308245.0,R_100,832.0,0.07999999999998408,1,1.0
1785308246.0,R_100,831.81,0.09500000000002728,-1,1.0
1785308247.0,R_100,831.94,0.06500000000005457,1,1.0
1785308248.0,R_100,832.01,0.03499999999996817,1,1.0
1785308249.0,R_100,831.98,0.014999999999986358,-1,1.0
1785308250.0,R_100,832.12,0.06999999999999318,1,1.0
1785308251.0,R_100,832.36,0.12000000000000455,1,1.0
1785308252.0,R_100,832.43,0.03499999999996817,1,1.0
1785308253.0,R_100,832.4,0.014999999999986358,-1,1.0
1785308254.0,R_100,832.42,0.009999999999990905,1,1.0
1785308255.0,R_100,832.64,0.11000000000001364,1,1.0
1785308256.0,R_100,832.84,0.10000000000002274,1,1.0
1785308257.0,R_100,833.05,0.10499999999996135,1,1.0
1785308258.0,R_100,833.08,0.015000000000043201,1,1.0
1785308259.0,R_100,833.17,0.04499999999995907,1,1.0
1785308260.0,R_100,833.19,0.010000000000047748,1,1.0
1785308261.0,R_100,833.28,0.04499999999995907,1,1.0
1785308262.0,R_100,833.1,0.08999999999997499,-1,1.0
1785308263.0,R_100,833.01,0.045000000000015916,-1,1.0
1785308264.0,R_100,832.98,0.014999999999986358,-1,1.0
1785308265.0,R_100,832.7,0.13999999999998636,-1,1.0
1785308266.0,R_100,832.83,0.06499999999999773,1,1.0
1785308267.0,R_100,832.58,0.125,-1,1.0
1785308268.0,R_100,832.81,0.11499999999995225,1,1.0
1785308269.0,R_100,833.09,0.1400000000000432,1,1.0
1785308270.0,R_100,833.29,0.0999999999999659,1,1.0
1785308271.0,R_100,833.3,0.0049999999999954525,1,1.0
1785308272.0,R_100,833.35,0.025000000000034106,1,1.0
1785308273.0,R_100,833.51,0.07999999999998408,1,1.0
1785308274.0,R_100,833.44,0.03499999999996817,-1,1.0
1785308275.0,R_100,833.27,0.08500000000003638,-1,1.0
1785308276.0,R_100,833.03,0.12000000000000455,-1,1.0
1785308277.0,R_100,833.36,0.16500000000002046,1,1.0
1785308278.0,R_100,833.48,0.060000000000002274,1,1.0
1785308279.0,R_100,833.39,0.045000000000015916,-1,1.0
1785308280.0,R_100,833.4,0.0049999999999954525,1,1.0
1785308281.0,R_100,833.29,0.05500000000000682,-1,1.0
1785308282.0,R_100,833.21,0.03999999999996362,-1,1.0
1785308283.0,R_100,833.4,0.09499999999997044,1,1.0
1785308284.0,R_100,833.1,0.14999999999997726,-1,1.0
1785308285.0,R_100,832.98,0.060000000000002274,-1,1.0
1785308286.0,R_100,832.94,0.01999999999998181,-1,1.0
1785308287.0,R_100,832.84,0.05000000000001137,-1,1.0
1785308288.0,R_100,833.06,0.1099999999999568,1,1.0
1785308289.0,R_100,832.91,0.07499999999998863,-1,1.0
1785308290.0,R_100,832.9,0.0049999999999954525,-1,1.0
1785308291.0,R_100,832.79,0.05500000000000682,-1,1.0
1785308292.0,R_100,832.72,0.03499999999996817,-1,1.0
1785308293.0,R_100,832.87,0.07499999999998863,1,1.0
1785308294.0,R_100,832.95,0.040000000000020464,1,1.0
1785308295.0,R_100,833.18,0.11499999999995225,1,1.0
1785308296.0,R_100,832.79,0.19499999999999318,-1,1.0
1785308297.0,R_100,832.84,0.025000000000034106,1,1.0
1785308298.0,R_100,832.79,0.025000000000034106,-1,1.0
1785308299.0,R_100,832.49,0.14999999999997726,-1,1.0
1785308300.0,R_100,832.57,0.040000000000020464,1,1.0
1785308301.0,R_100,832.5,0.03500000000002501,-1,1.0
1785308302.0,R_100,832.4,0.05000000000001137,-1,1.0
1785308303.0,R_100,832.24,0.07999999999998408,-1,1.0
1785308304.0,R_100,832.24,0.0,0,1.0
1785308305.0,R_100,832.32,0.040000000000020464,1,1.0
1785308306.0,R_100,832.44,0.060000000000002274,1,1.0
1785308307.0,R_100,832.38,0.03000000000002956,-1,1.0
1785308308.0,R_100,832.34,0.01999999999998181,-1,1.0
1785308309.0,R_100,832.32,0.009999999999990905,-1,1.0
1785308310.0,R_100,832.34,0.009999999999990905,1,1.0
1785308311.0,R_100,832.56,0.1099999999999568,1,1.0
1785308312.0,R_100,832.39,0.08499999999997954,-1,1.0
1785308313.0,R_100,832.55,0.07999999999998408,1,1.0
1785308314.0,R_100,832.33,0.1099999999999568,-1,1.0
1785308315.0,R_100,832.43,0.049999999999954525,1,1.0
1785308316.0,R_100,832.23,0.0999999999999659,-1,1.0
1785308317.0,R_100,832.4,0.08499999999997954,1,1.0
1785308318.0,R_100,832.24,0.07999999999998408,-1,1.0
1785308319.0,R_100,832.02,0.11000000000001364,-1,1.0
1785308320.0,R_100,832.02,0.0,0,1.0
1785308321.0,R_100,832.11,0.045000000000015916,1,1.0
1785308322.0,R_100,831.97,0.06999999999999318,-1,1.0
1785308323.0,R_100,831.96,0.0049999999999954525,-1,1.0
1785308324.0,R_100,832.06,0.049999999999954525,1,1.0
1785308325.0,R_100,832.09,0.015000000000043201,1,1.0
1785308326.0,R_100,832.03,0.03000000000002956,-1,1.0
1785308327.0,R_100,832.16,0.06499999999999773,1,1.0
1785308328.0,R_100,832.1,0.029999999999972715,-1,1.0
1785308329.0,R_100,832.36,0.12999999999999545,1,1.0
1785308330.0,R_100,832.31,0.025000000000034106,-1,1.0
1785308331.0,R_100,832.19,0.05999999999994543,-1,1.0
1785308332.0,R_100,832.44,0.125,1,1.0
1785308333.0,R_100,832.19,0.125,-1,1.0
1785308334.0,R_100,832.16,0.015000000000043201,-1,1.0
1785308335.0,R_100,832.31,0.07499999999998863,1,1.0
1785308336.0,R_100,832.17,0.06999999999999318,-1,1.0
1785308337.0,R_100,831.99,0.08999999999997499,-1,1.0
1785308338.0,R_100,832.05,0.029999999999972715,1,1.0
1785308339.0,R_100,831.98,0.03499999999996817,-1,1.0
1785308340.0,R_100,831.92,0.03000000000002956,-1,1.0
1785308341.0,R_100,831.94,0.010000000000047748,1,1.0
1785308342.0,R_100,832.08,0.06999999999999318,1,1.0
1785308343.0,R_100,832.45,0.18500000000000227,1,1.0
1785308344.0,R_100,832.6,0.07499999999998863,1,1.0
1785308345.0,R_100,832.41,0.09500000000002728,-1,1.0
1785308346.0,R_100,832.23,0.08999999999997499,-1,1.0
1785308347.0,R_100,832.12,0.05500000000000682,-1,1.0
1785308348.0,R_100,832.19,0.03500000000002501,1,1.0
1785308349.0,R_100,832.02,0.08500000000003638,-1,1.0
1785308350.0,R_100,832.23,0.10500000000001819,1,1.0
1785308351.0,R_100,832.08,0.07499999999998863,-1,1.0
1785308352.0,R_100,831.9,0.09000000000003183,-1,1.0
1785308353.0,R_100,832.28,0.18999999999999773,1,1.0
1785308354.0,R_100,832.41,0.06499999999999773,1,1.0
1785308355.0,R_100,832.42,0.0049999999999954525,1,1.0
1785308356.0,R_100,832.36,0.029999999999972715,-1,1.0
1785308357.0,R_100,832.31,0.025000000000034106,-1,1.0
1785308358.0,R_100,832.53,0.11000000000001364,1,1.0
1785308359.0,R_100,832.51,0.009999999999990905,-1,1.0
1785308360.0,R_100,832.68,0.08499999999997954,1,1.0
1785308361.0,R_100,832.65,0.014999999999986358,-1,1.0
1785308362.0,R_100,832.83,0.09000000000003183,1,1.0
1785308363.0,R_100,832.54,0.14500000000003865,-1,1.0
1785308364.0,R_100,832.7,0.08000000000004093,1,1.0
1785308365.0,R_100,832.53,0.08500000000003638,-1,1.0
1785308366.0,R_100,832.65,0.060000000000002274,1,1.0
1785308367.0,R_100,832.69,0.020000000000038654,1,1.0
1785308368.0,R_100,832.63,0.03000000000002956,-1,1.0
1785308369.0,R_100,832.77,0.06999999999999318,1,1.0
1785308370.0,R_100,832.71,0.029999999999972715,-1,1.0
1785308371.0,R_100,832.69,0.009999999999990905,-1,1.0
1785308372.0,R_100,832.51,0.09000000000003183,-1,1.0
1785308373.0,R_100,832.75,0.12000000000000455,1,1.0
1785308374.0,R_100,832.59,0.07999999999998408,-1,1.0
1785308375.0,R_100,832.76,0.08499999999997954,1,1.0
1785308376.0,R_100,832.61,0.07499999999998863,-1,1.0
1785308377.0,R_100,832.42,0.09500000000002728,-1,1.0
1785308378.0,R_100,832.55,0.06499999999999773,1,1.0
1785308379.0,R_100,832.57,0.010000000000047748,1,1.0
1785308380.0,R_100,832.73,0.07999999999998408,1,1.0
1785308381.0,R_100,832.47,0.12999999999999545,-1,1.0
1785308382.0,R_100,832.53,0.029999999999972715,1,1.0
1785308383.0,R_100,832.58,0.025000000000034106,1,1.0
1785308384.0,R_100,832.71,0.06499999999999773,1,1.0
1785308385.0,R_100,832.55,0.08000000000004093,-1,1.0
1785308386.0,R_100,832.48,0.03499999999996817,-1,1.0
1785308387.0,R_100,832.21,0.1349999999999909,-1,1.0
1785308388.0,R_100,832.22,0.0049999999999954525,1,1.0
1785308389.0,R_100,832.13,0.045000000000015916,-1,1.0
1785308390.0,R_100,832.46,0.16500000000002046,1,1.0
1785308391.0,R_100,832.43,0.015000000000043201,-1,1.0
1785308392.0,R_100,832.48,0.025000000000034106,1,1.0
1785308393.0,R_100,832.61,0.06499999999999773,1,1.0
1785308394.0,R_100,832.66,0.024999999999977263,1,1.0
1785308395.0,R_100,832.54,0.060000000000002274,-1,1.0
1785308396.0,R_100,832.62,0.040000000000020464,1,1.0
1785308397.0,R_100,832.79,0.08499999999997954,1,1.0
1785308398.0,R_100,832.6,0.09499999999997044,-1,1.0
1785308399.0,R_100,832.65,0.024999999999977263,1,1.0
1785308400.0,R_100,832.49,0.07999999999998408,-1,1.0
1785308401.0,R_100,832.41,0.040000000000020464,-1,1.0
1785308402.0,R_100,832.49,0.040000000000020464,1,1.0
1785308403.0,R_100,832.43,0.03000000000002956,-1,1.0
1785308404.0,R_100,832.62,0.09500000000002728,1,1.0
1785308405.0,R_100,832.58,0.01999999999998181,-1,1.0
1785308406.0,R_100,832.73,0.07499999999998863,1,1.0
1785308407.0,R_100,832.73,0.0,0,1.0
1785308408.0,R_100,832.91,0.08999999999997499,1,1.0
1785308409.0,R_100,833.0,0.045000000000015916,1,1.0
1785308410.0,R_100,832.87,0.06499999999999773,-1,1.0
1785308411.0,R_100,832.77,0.05000000000001137,-1,1.0
1785308412.0,R_100,832.79,0.009999999999990905,1,1.0
1785308413.0,R_100,832.69,0.049999999999954525,-1,1.0
1785308414.0,R_100,832.66,0.015000000000043201,-1,1.0
1785308415.0,R_100,832.47,0.09499999999997044,-1,1.0
1785308416.0,R_100,832.64,0.08499999999997954,1,1.0
1785308417.0,R_100,832.69,0.025000000000034106,1,1.0
1785308418.0,R_100,832.62,0.03500000000002501,-1,1.0
1785308419.0,R_100,832.87,0.125,1,1.0
1785308420.0,R_100,833.05,0.08999999999997499,1,1.0
1785308421.0,R_100,833.24,0.09500000000002728,1,1.0
1785308422.0,R_100,833.25,0.0049999999999954525,1,1.0
1785308423.0,R_100,833.56,0.15499999999997272,1,1.0
1785308424.0,R_100,833.4,0.07999999999998408,-1,1.0
1785308425.0,R_100,833.45,0.025000000000034106,1,1.0
1785308426.0,R_100,833.18,0.13500000000004775,-1,1.0
1785308427.0,R_100,833.11,0.03499999999996817,-1,1.0
1785308428.0,R_100,833.12,0.0049999999999954525,1,1.0
1785308429.0,R_100,833.19,0.03500000000002501,1,1.0
1785308430.0,R_100,833.1,0.045000000000015916,-1,1.0
1785308431.0,R_100,832.95,0.07499999999998863,-1,1.0
1785308432.0,R_100,833.21,0.12999999999999545,1,1.0
1785308433.0,R_100,832.99,0.11000000000001364,-1,1.0
1785308434.0,R_100,833.0,0.0049999999999954525,1,1.0
1785308435.0,R_100,832.9,0.05000000000001137,-1,1.0
1785308436.0,R_100,833.09,0.09500000000002728,1,1.0
1785308437.0,R_100,833.1,0.0049999999999954525,1,1.0
1785308438.0,R_100,833.19,0.045000000000015916,1,1.0
1785308439.0,R_100,833.23,0.01999999999998181,1,1.0
1785308440.0,R_100,833.34,0.05500000000000682,1,1.0
1785308441.0,R_100,833.17,0.08500000000003638,-1,1.0
1785308442.0,R_100,833.35,0.09000000000003183,1,1.0
1785308443.0,R_100,833.31,0.020000000000038654,-1,1.0
1785308444.0,R_100,833.34,0.015000000000043201,1,1.0
1785308445.0,R_100,833.36,0.009999999999990905,1,1.0
1785308446.0,R_100,833.36,0.0,0,1.0
1785308447.0,R_100,832.98,0.18999999999999773,-1,1.0
1785308448.0,R_100,833.06,0.03999999999996362,1,1.0
1785308449.0,R_100,833.03,0.014999999999986358,-1,1.0
1785308450.0,R_100,833.11,0.040000000000020464,1,1.0
1785308451.0,R_100,833.31,0.0999999999999659,1,1.0
1785308452.0,R_100,832.99,0.15999999999996817,-1,1.0
1785308453.0,R_100,833.13,0.06999999999999318,1,1.0
1785308454.0,R_100,832.86,0.1349999999999909,-1,1.0
1785308455.0,R_100,832.65,0.10500000000001819,-1,1.0
1785308456.0,R_100,832.78,0.06499999999999773,1,1.0
1785308457.0,R_100,832.58,0.0999999999999659,-1,1.0
1785308458.0,R_100,832.76,0.08999999999997499,1,1.0
1785308459.0,R_100,832.74,0.009999999999990905,-1,1.0
1785308460.0,R_100,832.82,0.040000000000020464,1,1.0
1785308461.0,R_100,832.71,0.05500000000000682,-1,1.0
1785308462.0,R_100,832.68,0.015000000000043201,-1,1.0
1785308463.0,R_100,832.6,0.03999999999996362,-1,1.0
1785308464.0,R_100,832.38,0.11000000000001364,-1,1.0
1785308465.0,R_100,832.24,0.06999999999999318,-1,1.0
1785308466.0,R_100,831.92,0.160000000000025,-1,1.0
1785308467.0,R_100,831.99,0.03500000000002501,1,1.0
1785308468.0,R_100,832.04,0.024999999999977263,1,1.0
1785308469.0,R_100,831.91,0.06499999999999773,-1,1.0
1785308470.0,R_100,832.11,0.10000000000002274,1,1.0
1785308471.0,R_100,832.23,0.060000000000002274,1,1.0
1785308472.0,R_100,832.04,0.09500000000002728,-1,1.0
1785308473.0,R_100,832.13,0.045000000000015916,1,1.0
1785308474.0,R_100,832.26,0.06499999999999773,1,1.0
1785308475.0,R_100,832.38,0.060000000000002274,1,1.0
1785308476.0,R_100,832.68,0.14999999999997726,1,1.0
1785308477.0,R_100,832.39,0.1449999999999818,-1,1.0
1785308478.0,R_100,832.49,0.05000000000001137,1,1.0
1785308479.0,R_100,832.42,0.03500000000002501,-1,1.0
1785308480.0,R_100,832.41,0.0049999999999954525,-1,1.0
1785308481.0,R_100,832.26,0.07499999999998863,-1,1.0
1785308482.0,R_100,832.25,0.0049999999999954525,-1,1.0
1785308483.0,R_100,832.36,0.05500000000000682,1,1.0
1785308484.0,R_100,832.4,0.01999999999998181,1,1.0
1785308485.0,R_100,832.32,0.03999999999996362,-1,1.0
1785308486.0,R_100,832.22,0.05000000000001137,-1,1.0
1785308487.0,R_100,832.14,0.040000000000020464,-1,1.0
1785308488.0,R_100,832.03,0.05500000000000682,-1,1.0
1785308489.0,R_100,831.92,0.05500000000000682,-1,1.0
1785308490.0,R_100,831.73,0.09499999999997044,-1,1.0
1785308491.0,R_100,831.72,0.0049999999999954525,-1,1.0
1785308492.0,R_100,831.88,0.07999999999998408,1,1.0
1785308493.0,R_100,831.87,0.0049999999999954525,-1,1.0
1785308494.0,R_100,832.09,0.11000000000001364,1,1.0
1785308495.0,R_100,832.17,0.03999999999996362,1,1.0
1785308496.0,R_100,832.04,0.06499999999999773,-1,1.0
1785308497.0,R_100,832.24,0.10000000000002274,1,1.0
1785308498.0,R_100,832.06,0.09000000000003183,-1,1.0
1785308499.0,R_100,832.1,0.020000000000038654,1,1.0
1785308500.0,R_100,832.12,0.009999999999990905,1,1.0
1785308501.0,R_100,832.23,0.05500000000000682,1,1.0
1785308502.0,R_100,832.11,0.060000000000002274,-1,1.0
1785308503.0,R_100,832.02,0.045000000000015916,-1,1.0
1785308504.0,R_100,832.16,0.06999999999999318,1,1.0
1785308505.0,R_100,832.07,0.04499999999995907,-1,1.0
1785308506.0,R_100,831.92,0.07500000000004547,-1,1.0
1785308507.0,R_100,831.86,0.029999999999972715,-1,1.0
1785308508.0,R_100,831.8,0.03000000000002956,-1,1.0
1785308509.0,R_100,831.85,0.025000000000034106,1,1.0
1785308510.0,R_100,831.83,0.009999999999990905,-1,1.0
1785308511.0,R_100,831.85,0.009999999999990905,1,1.0
1785308512.0,R_100,832.0,0.07499999999998863,1,1.0
1785308513.0,R_100,831.97,0.014999999999986358,-1,1.0
1785308514.0,R_100,831.78,0.09500000000002728,-1,1.0
1785308515.0,R_100,831.49,0.1449999999999818,-1,1.0
1785308516.0,R_100,831.43,0.03000000000002956,-1,1.0
1785308517.0,R_100,831.35,0.03999999999996362,-1,1.0
1785308518.0,R_100,831.33,0.009999999999990905,-1,1.0
1785308519.0,R_100,831.26,0.03500000000002501,-1,1.0
1785308520.0,R_100,831.22,0.01999999999998181,-1,1.0
1785308521.0,R_100,831.17,0.025000000000034106,-1,1.0
1785308522.0,R_100,831.3,0.06499999999999773,1,1.0
1785308523.0,R_100,831.36,0.03000000000002956,1,1.0
1785308524.0,R_100,831.51,0.07499999999998863,1,1.0
1785308525.0,R_100,831.67,0.07999999999998408,1,1.0
1785308526.0,R_100,831.62,0.024999999999977263,-1,1.0
1785308527.0,R_100,831.8,0.08999999999997499,1,1.0
1785308528.0,R_100,832.11,0.15500000000002956,1,1.0
1785308529.0,R_100,832.05,0.03000000000002956,-1,1.0
1785308530.0,R_100,831.9,0.07499999999998863,-1,1.0
1785308531.0,R_100,831.91,0.0049999999999954525,1,1.0
1785308532.0,R_100,831.83,0.03999999999996362,-1,1.0
1785308533.0,R_100,831.9,0.03499999999996817,1,1.0
1785308534.0,R_100,831.92,0.009999999999990905,1,1.0
1785308535.0,R_100,831.86,0.029999999999972715,-1,1.0
1785308536.0,R_100,831.68,0.09000000000003183,-1,1.0
1785308537.0,R_100,831.87,0.09500000000002728,1,1.0
1785308538.0,R_100,831.81,0.03000000000002956,-1,1.0
1785308539.0,R_100,831.86,0.025000000000034106,1,1.0
1785308540.0,R_100,831.82,0.01999999999998181,-1,1.0
1785308541.0,R_100,831.59,0.1150000000000091,-1,1.0
1785308542.0,R_100,831.43,0.08000000000004093,-1,1.0
1785308543.0,R_100,831.46,0.015000000000043201,1,1.0
1785308544.0,R_100,831.76,0.14999999999997726,1,1.0
1785308545.0,R_100,831.8,0.01999999999998181,1,1.0
1785308546.0,R_100,831.7,0.049999999999954525,-1,1.0
1785308547.0,R_100,831.67,0.015000000000043201,-1,1.0
1785308548.0,R_100,831.75,0.040000000000020464,1,1.0
1785308549.0,R_100,831.76,0.0049999999999954525,1,1.0
1785308550.0,R_100,831.7,0.029999999999972715,-1,1.0
1785308551.0,R_100,831.75,0.024999999999977263,1,1.0
1785308552.0,R_100,831.74,0.0049999999999954525,-1,1.0
1785308553.0,R_100,831.91,0.08499999999997954,1,1.0
1785308554.0,R_100,831.93,0.009999999999990905,1,1.0
1785308555.0,R_100,831.97,0.020000000000038654,1,1.0
1785308556.0,R_100,831.93,0.020000000000038654,-1,1.0
1785308557.0,R_100,831.76,0.08499999999997954,-1,1.0
1785308558.0,R_100,831.93,0.08499999999997954,1,1.0
1785308559.0,R_100,832.04,0.05500000000000682,1,1.0
1785308560.0,R_100,832.04,0.0,0,1.0
1785308561.0,R_100,831.89,0.07499999999998863,-1,1.0
1785308562.0,R_100,832.03,0.06999999999999318,1,1.0
1785308563.0,R_100,832.04,0.0049999999999954525,1,1.0
1785308564.0,R_100,832.15,0.05500000000000682,1,1.0
1785308565.0,R_100,832.35,0.10000000000002274,1,1.0
1785308566.0,R_100,832.44,0.045000000000015916,1,1.0
1785308567.0,R_100,832.2,0.12000000000000455,-1,1.0
1785308568.0,R_100,831.84,0.18000000000000682,-1,1.0
1785308569.0,R_100,831.42,0.21000000000003638,-1,1.0
1785308570.0,R_100,831.48,0.03000000000002956,1,1.0
1785308571.0,R_100,831.58,0.05000000000001137,1,1.0
1785308572.0,R_100,831.55,0.015000000000043201,-1,1.0
1785308573.0,R_100,831.81,0.12999999999999545,1,1.0
1785308574.0,R_100,832.12,0.15500000000002956,1,1.0
1785308575.0,R_100,831.97,0.07499999999998863,-1,1.0
1785308576.0,R_100,831.77,0.10000000000002274,-1,1.0
1785308577.0,R_100,831.93,0.07999999999998408,1,1.0
1785308578.0,R_100,831.84,0.04499999999995907,-1,1.0
1785308579.0,R_100,831.61,0.1150000000000091,-1,1.0
1785308580.0,R_100,831.66,0.024999999999977263,1,1.0
1785308581.0,R_100,831.38,0.13999999999998636,-1,1.0
1785308582.0,R_100,831.22,0.07999999999998408,-1,1.0
1785308583.0,R_100,831.24,0.009999999999990905,1,1.0
1785308584.0,R_100,831.29,0.024999999999977263,1,1.0
1785308585.0,R_100,831.54,0.125,1,1.0
1785308586.0,R_100,831.55,0.0049999999999954525,1,1.0
1785308587.0,R_100,831.52,0.014999999999986358,-1,1.0
1785308588.0,R_100,831.65,0.06499999999999773,1,1.0
1785308589.0,R_100,831.75,0.05000000000001137,1,1.0
1785308590.0,R_100,831.75,0.0,0,1.0
1785308591.0,R_100,831.82,0.03500000000002501,1,1.0
1785308592.0,R_100,831.95,0.06499999999999773,1,1.0
1785308593.0,R_100,832.12,0.08499999999997954,1,1.0
1785308594.0,R_100,832.23,0.05500000000000682,1,1.0
1785308595.0,R_100,832.24,0.0049999999999954525,1,1.0
1785308596.0,R_100,832.33,0.045000000000015916,1,1.0
1785308597.0,R_100,832.31,0.010000000000047748,-1,1.0
1785308598.0,R_100,832.4,0.045000000000015916,1,1.0
1785308599.0,R_100,832.46,0.03000000000002956,1,1.0
1785308600.0,R_100,832.49,0.014999999999986358,1,1.0
1785308601.0,R_100,832.63,0.06999999999999318,1,1.0
1785308602.0,R_100,832.45,0.08999999999997499,-1,1.0
1785308603.0,R_100,832.27,0.09000000000003183,-1,1.0
1785308604.0,R_100,832.37,0.05000000000001137,1,1.0
1785308605.0,R_100,832.36,0.0049999999999954525,-1,1.0
1785308606.0,R_100,832.5,0.06999999999999318,1,1.0
1785308607.0,R_100,832.54,0.01999999999998181,1,1.0
1785308608.0,R_100,832.39,0.07499999999998863,-1,1.0
1785308609.0,R_100,832.38,0.0049999999999954525,-1,1.0
1785308610.0,R_100,832.15,0.1150000000000091,-1,1.0
1785308611.0,R_100,832.1,0.024999999999977263,-1,1.0
1785308612.0,R_100,832.17,0.03499999999996817,1,1.0
1785308613.0,R_100,832.19,0.010000000000047748,1,1.0
1785308614.0,R_100,832.01,0.09000000000003183,-1,1.0
1785308615.0,R_100,832.01,0.0,0,1.0
1785308616.0,R_100,832.05,0.01999999999998181,1,1.0
1785308617.0,R_100,831.74,0.15499999999997272,-1,1.0
1785308618.0,R_100,831.55,0.09500000000002728,-1,1.0
1785308619.0,R_100,831.26,0.1449999999999818,-1,1.0
1785308620.0,R_100,831.49,0.1150000000000091,1,1.0
1785308621.0,R_100,831.42,0.03500000000002501,-1,1.0
1785308622.0,R_100,831.33,0.04499999999995907,-1,1.0
1785308623.0,R_100,831.04,0.14500000000003865,-1,1.0
1785308624.0,R_100,831.0,0.01999999999998181,-1,1.0
1785308625.0,R_100,831.01,0.0049999999999954525,1,1.0
1785308626.0,R_100,830.84,0.08499999999997954,-1,1.0
1785308627.0,R_100,830.85,0.0049999999999954525,1,1.0
1785308628.0,R_100,830.84,0.0049999999999954525,-1,1.0
1785308629.0,R_100,830.79,0.025000000000034106,-1,1.0
1785308630.0,R_100,830.86,0.03500000000002501,1,1.0
1785308631.0,R_100,831.0,0.06999999999999318,1,1.0
1785308632.0,R_100,831.0,0.0,0,1.0
1785308633.0,R_100,830.89,0.05500000000000682,-1,1.0
1785308634.0,R_100,831.0,0.05500000000000682,1,1.0
1785308635.0,R_100,830.8,0.10000000000002274,-1,1.0
1785308636.0,R_100,830.56,0.12000000000000455,-1,1.0
1785308637.0,R_100,830.61,0.025000000000034106,1,1.0
1785308638.0,R_100,830.48,0.06499999999999773,-1,1.0
1785308639.0,R_100,830.43,0.025000000000034106,-1,1.0
1785308640.0,R_100,830.34,0.04499999999995907,-1,1.0
1785308641.0,R_100,830.26,0.040000000000020464,-1,1.0
1785308642.0,R_100,830.53,0.1349999999999909,1,1.0
1785308643.0,R_100,830.48,0.024999999999977263,-1,1.0
1785308644.0,R_100,830.41,0.03500000000002501,-1,1.0
1785308645.0,R_100,830.51,0.05000000000001137,1,1.0
1785308646.0,R_100,830.51,0.0,0,1.0
1785308647.0,R_100,830.53,0.009999999999990905,1,1.0
1785308648.0,R_100,830.39,0.06999999999999318,-1,1.0
1785308649.0,R_100,830.41,0.009999999999990905,1,1.0
1785308650.0,R_100,830.38,0.014999999999986358,-1,1.0
1785308651.0,R_100,830.41,0.014999999999986358,1,1.0
1785308652.0,R_100,830.34,0.03499999999996817,-1,1.0
1785308653.0,R_100,830.47,0.06499999999999773,1,1.0
1785308654.0,R_100,830.38,0.045000000000015916,-1,1.0
1785308655.0,R_100,830.58,0.10000000000002274,1,1.0
1785308656.0,R_100,830.29,0.14500000000003865,-1,1.0
1785308657.0,R_100,830.17,0.060000000000002274,-1,1.0
1785308658.0,R_100,829.95,0.1099999999999568,-1,1.0
1785308659.0,R_100,829.84,0.05500000000000682,-1,1.0
1785308660.0,R_100,829.68,0.08000000000004093,-1,1.0
1785308661.0,R_100,829.76,0.040000000000020464,1,1.0
1785308662.0,R_100,829.34,0.20999999999997954,-1,1.0
1785308663.0,R_100,829.51,0.08499999999997954,1,1.0
1785308664.0,R_100,829.47,0.01999999999998181,-1,1.0
1785308665.0,R_100,829.41,0.03000000000002956,-1,1.0
1785308666.0,R_100,829.16,0.125,-1,1.0
1785308667.0,R_100,828.99,0.08499999999997954,-1,1.0
1785308668.0,R_100,828.94,0.024999999999977263,-1,1.0
1785308669.0,R_100,828.8,0.07000000000005002,-1,1.0
1785308670.0,R_100,828.43,0.18500000000000227,-1,1.0
1785308671.0,R_100,828.59,0.08000000000004093,1,1.0
1785308672.0,R_100,828.56,0.015000000000043201,-1,1.0
1785308673.0,R_100,828.58,0.010000000000047748,1,1.0
1785308674.0,R_100,828.62,0.01999999999998181,1,1.0
1785308675.0,R_100,828.62,0.0,0,1.0
1785308676.0,R_100,828.74,0.060000000000002274,1,1.0
1785308677.0,R_100,828.73,0.0049999999999954525,-1,1.0
1785308678.0,R_100,828.48,0.125,-1,1.0
1785308679.0,R_100,828.41,0.03500000000002501,-1,1.0
1785308680.0,R_100,828.32,0.04499999999995907,-1,1.0
1785308681.0,R_100,828.3,0.010000000000047748,-1,1.0
1785308682.0,R_100,828.33,0.015000000000043201,1,1.0
1785308683.0,R_100,828.44,0.05500000000000682,1,1.0
1785308684.0,R_100,828.38,0.03000000000002956,-1,1.0
1785308685.0,R_100,828.3,0.040000000000020464,-1,1.0
1785308686.0,R_100,828.36,0.03000000000002956,1,1.0
1785308687.0,R_100,828.66,0.14999999999997726,1,1.0
1785308688.0,R_100,828.59,0.03499999999996817,-1,1.0
1785308689.0,R_100,828.54,0.025000000000034106,-1,1.0
1785308690.0,R_100,828.58,0.020000000000038654,1,1.0
1785308691.0,R_100,828.68,0.049999999999954525,1,1.0
1785308692.0,R_100,828.42,0.12999999999999545,-1,1.0
1785308693.0,R_100,828.22,0.0999999999999659,-1,1.0
1785308694.0,R_100,828.07,0.07499999999998863,-1,1.0
1785308695.0,R_100,828.16,0.04499999999995907,1,1.0
1785308696.0,R_100,828.3,0.06999999999999318,1,1.0
1785308697.0,R_100,828.38,0.040000000000020464,1,1.0
1785308698.0,R_100,828.34,0.01999999999998181,-1,1.0
1785308699.0,R_100,828.5,0.07999999999998408,1,1.0
1785308700.0,R_100,828.34,0.07999999999998408,-1,1.0
1785308701.0,R_100,828.24,0.05000000000001137,-1,1.0
1785308702.0,R_100,828.4,0.07999999999998408,1,1.0
1785308703.0,R_100,828.31,0.045000000000015916,-1,1.0
1785308704.0,R_100,828.29,0.009999999999990905,-1,1.0
1785308705.0,R_100,828.56,0.1349999999999909,1,1.0
1785308706.0,R_100,828.85,0.14500000000003865,1,1.0
1785308707.0,R_100,828.67,0.09000000000003183,-1,1.0
1785308708.0,R_100,828.89,0.11000000000001364,1,1.0
1785308709.0,R_100,828.98,0.045000000000015916,1,1.0
1785308710.0,R_100,828.86,0.060000000000002274,-1,1.0
1785308711.0,R_100,828.87,0.0049999999999954525,1,1.0
1785308712.0,R_100,828.81,0.03000000000002956,-1,1.0
1785308713.0,R_100,828.78,0.014999999999986358,-1,1.0
1785308714.0,R_100,828.91,0.06499999999999773,1,1.0
1785308715.0,R_100,828.74,0.08499999999997954,-1,1.0
1785308716.0,R_100,828.95,0.10500000000001819,1,1.0
1785308717.0,R_100,828.75,0.10000000000002274,-1,1.0
1785308718.0,R_100,828.6,0.07499999999998863,-1,1.0
1785308719.0,R_100,828.65,0.024999999999977263,1,1.0
1785308720.0,R_100,828.76,0.05500000000000682,1,1.0
1785308721.0,R_100,828.84,0.040000000000020464,1,1.0
1785308722.0,R_100,829.0,0.07999999999998408,1,1.0
1785308723.0,R_100,829.0,0.0,0,1.0
1785308724.0,R_100,828.96,0.01999999999998181,-1,1.0
1785308725.0,R_100,829.28,0.15999999999996817,1,1.0
1785308726.0,R_100,829.19,0.04499999999995907,-1,1.0
1785308727.0,R_100,829.23,0.01999999999998181,1,1.0
1785308728.0,R_100,829.34,0.05500000000000682,1,1.0
1785308729.0,R_100,829.14,0.10000000000002274,-1,1.0
1785308730.0,R_100,829.27,0.06499999999999773,1,1.0
1785308731.0,R_100,829.37,0.05000000000001137,1,1.0
1785308732.0,R_100,829.62,0.125,1,1.0
1785308733.0,R_100,829.67,0.024999999999977263,1,1.0
1785308734.0,R_100,829.81,0.06999999999999318,1,1.0
1785308735.0,R_100,830.08,0.13500000000004775,1,1.0
1785308736.0,R_100,829.92,0.08000000000004093,-1,1.0
1785308737.0,R_100,829.83,0.04499999999995907,-1,1.0
1785308738.0,R_100,829.87,0.01999999999998181,1,1.0
1785308739.0,R_100,829.69,0.08999999999997499,-1,1.0
1785308740.0,R_100,829.74,0.024999999999977263,1,1.0
1785308741.0,R_100,829.84,0.05000000000001137,1,1.0
1785308742.0,R_100,829.75,0.045000000000015916,-1,1.0
1785308743.0,R_100,829.93,0.08999999999997499,1,1.0
1785308744.0,R_100,829.77,0.07999999999998408,-1,1.0
1785308745.0,R_100,829.7,0.03499999999996817,-1,1.0
1785308746.0,R_100,829.69,0.0049999999999954525,-1,1.0
1785308747.0,R_100,829.64,0.025000000000034106,-1,1.0
1785308748.0,R_100,829.59,0.024999999999977263,-1,1.0
1785308749.0,R_100,829.36,0.1150000000000091,-1,1.0
1785308750.0,R_100,829.3,0.03000000000002956,-1,1.0
1785308751.0,R_100,829.25,0.024999999999977263,-1,1.0
1785308752.0,R_100,829.14,0.05500000000000682,-1,1.0
1785308753.0,R_100,829.25,0.05500000000000682,1,1.0
1785308754.0,R_100,829.24,0.0049999999999954525,-1,1.0
1785308755.0,R_100,829.29,0.024999999999977263,1,1.0
1785308756.0,R_100,829.25,0.01999999999998181,-1,1.0
1785308757.0,R_100,829.13,0.060000000000002274,-1,1.0
1785308758.0,R_100,829.3,0.08499999999997954,1,1.0
1785308759.0,R_100,829.42,0.060000000000002274,1,1.0
1785308760.0,R_100,829.43,0.0049999999999954525,1,1.0
1785308761.0,R_100,829.36,0.03499999999996817,-1,1.0
1785308762.0,R_100,829.43,0.03499999999996817,1,1.0
1785308763.0,R_100,829.56,0.06499999999999773,1,1.0
1785308764.0,R_100,829.78,0.11000000000001364,1,1.0
1785308765.0,R_100,829.54,0.12000000000000455,-1,1.0
1785308766.0,R_100,829.69,0.07500000000004547,1,1.0
1785308767.0,R_100,829.64,0.025000000000034106,-1,1.0
1785308768.0,R_100,829.86,0.11000000000001364,1,1.0
1785308769.0,R_100,829.99,0.06499999999999773,1,1.0
1785308770.0,R_100,829.95,0.01999999999998181,-1,1.0
1785308771.0,R_100,830.03,0.03999999999996362,1,1.0
1785308772.0,R_100,830.06,0.014999999999986358,1,1.0
1785308773.0,R_100,829.93,0.06499999999999773,-1,1.0
1785308774.0,R_100,829.78,0.07499999999998863,-1,1.0
1785308775.0,R_100,829.65,0.06499999999999773,-1,1.0
1785308776.0,R_100,829.46,0.09499999999997044,-1,1.0
1785308777.0,R_100,829.54,0.03999999999996362,1,1.0
1785308778.0,R_100,829.56,0.009999999999990905,1,1.0
1785308779.0,R_100,829.35,0.10499999999996135,-1,1.0
1785308780.0,R_100,829.16,0.09500000000002728,-1,1.0
1785308781.0,R_100,829.28,0.060000000000002274,1,1.0
1785308782.0,R_100,829.23,0.024999999999977263,-1,1.0
1785308783.0,R_100,829.18,0.025000000000034106,-1,1.0
1785308784.0,R_100,829.17,0.0049999999999954525,-1,1.0
1785308785.0,R_100,829.07,0.049999999999954525,-1,1.0
1785308786.0,R_100,829.01,0.03000000000002956,-1,1.0
1785308787.0,R_100,829.15,0.06999999999999318,1,1.0
1785308788.0,R_100,828.99,0.07999999999998408,-1,1.0
1785308789.0,R_100,829.06,0.03499999999996817,1,1.0
1785308790.0,R_100,829.23,0.08500000000003638,1,1.0
1785308791.0,R_100,829.29,0.029999999999972715,1,1.0
1785308792.0,R_100,829.34,0.025000000000034106,1,1.0
1785308793.0,R_100,829.24,0.05000000000001137,-1,1.0
1785308794.0,R_100,829.01,0.1150000000000091,-1,1.0
1785308795.0,R_100,829.06,0.024999999999977263,1,1.0
1785308796.0,R_100,829.03,0.014999999999986358,-1,1.0
1785308797.0,R_100,829.37,0.17000000000001592,1,1.0
1785308798.0,R_100,829.2,0.08499999999997954,-1,1.0
1785308799.0,R_100,829.0,0.10000000000002274,-1,1.0
1785308800.0,R_100,829.0,0.0,0,1.0
1785308801.0,R_100,828.79,0.10500000000001819,-1,1.0
1785308802.0,R_100,829.0,0.10500000000001819,1,1.0
1785308803.0,R_100,829.01,0.0049999999999954525,1,1.0
1785308804.0,R_100,829.15,0.06999999999999318,1,1.0
1785308805.0,R_100,829.13,0.009999999999990905,-1,1.0
1785308806.0,R_100,829.18,0.024999999999977263,1,1.0
1785308807.0,R_100,829.21,0.015000000000043201,1,1.0
1785308808.0,R_100,829.19,0.009999999999990905,-1,1.0
1785308809.0,R_100,829.2,0.0049999999999954525,1,1.0
1785308810.0,R_100,829.16,0.020000000000038654,-1,1.0
1785308811.0,R_100,829.04,0.060000000000002274,-1,1.0
1785308812.0,R_100,828.96,0.03999999999996362,-1,1.0
1785308813.0,R_100,828.67,0.14500000000003865,-1,1.0
1785308814.0,R_100,828.74,0.03500000000002501,1,1.0
1785308815.0,R_100,828.83,0.045000000000015916,1,1.0
1785308816.0,R_100,828.72,0.05500000000000682,-1,1.0
1785308817.0,R_100,828.79,0.03499999999996817,1,1.0
1785308818.0,R_100,828.95,0.08000000000004093,1,1.0
1785308819.0,R_100,829.11,0.07999999999998408,1,1.0
1785308820.0,R_100,829.11,0.0,0,1.0
1785308821.0,R_100,829.21,0.05000000000001137,1,1.0
1785308822.0,R_100,829.1,0.05500000000000682,-1,1.0
1785308823.0,R_100,829.43,0.16499999999996362,1,1.0
1785308824.0,R_100,829.27,0.07999999999998408,-1,1.0
1785308825.0,R_100,829.1,0.08499999999997954,-1,1.0
1785308826.0,R_100,829.03,0.03500000000002501,-1,1.0
1785308827.0,R_100,829.13,0.05000000000001137,1,1.0
1785308828.0,R_100,829.1,0.014999999999986358,-1,1.0
1785308829.0,R_100,829.09,0.0049999999999954525,-1,1.0
1785308830.0,R_100,829.11,0.009999999999990905,1,1.0
1785308831.0,R_100,829.09,0.009999999999990905,-1,1.0
1785308832.0,R_100,829.24,0.07499999999998863,1,1.0
1785308833.0,R_100,829.34,0.05000000000001137,1,1.0
1785308834.0,R_100,829.06,0.1400000000000432,-1,1.0
1785308835.0,R_100,829.04,0.009999999999990905,-1,1.0
1785308836.0,R_100,829.13,0.045000000000015916,1,1.0
1785308837.0,R_100,829.19,0.03000000000002956,1,1.0
1785308838.0,R_100,829.12,0.03500000000002501,-1,1.0
1785308839.0,R_100,829.19,0.03500000000002501,1,1.0
1785308840.0,R_100,829.31,0.05999999999994543,1,1.0
1785308841.0,R_100,829.57,0.1300000000000523,1,1.0
1785308842.0,R_100,829.58,0.0049999999999954525,1,1.0
1785308843.0,R_100,829.73,0.07499999999998863,1,1.0
1785308844.0,R_100,830.02,0.1449999999999818,1,1.0
1785308845.0,R_100,829.82,0.0999999999999659,-1,1.0
1785308846.0,R_100,829.99,0.08499999999997954,1,1.0
1785308847.0,R_100,829.97,0.009999999999990905,-1,1.0
1785308848.0,R_100,830.0,0.014999999999986358,1,1.0
1785308849.0,R_100,829.77,0.1150000000000091,-1,1.0
1785308850.0,R_100,829.84,0.03500000000002501,1,1.0
1785308851.0,R_100,829.39,0.22500000000002274,-1,1.0
1785308852.0,R_100,829.41,0.009999999999990905,1,1.0
1785308853.0,R_100,829.37,0.01999999999998181,-1,1.0
1785308854.0,R_100,829.21,0.07999999999998408,-1,1.0
1785308855.0,R_100,829.21,0.0,0,1.0
1785308856.0,R_100,829.21,0.0,0,1.0
1785308857.0,R_100,829.29,0.03999999999996362,1,1.0
1785308858.0,R_100,829.28,0.0049999999999954525,-1,1.0
1785308859.0,R_100,829.26,0.009999999999990905,-1,1.0
1785308860.0,R_100,829.26,0.0,0,1.0
1785308861.0,R_100,829.22,0.01999999999998181,-1,1.0
1785308862.0,R_100,829.02,0.10000000000002274,-1,1.0
1785308863.0,R_100,829.08,0.03000000000002956,1,1.0
1785308864.0,R_100,829.12,0.01999999999998181,1,1.0
1785308865.0,R_100,829.03,0.045000000000015916,-1,1.0
1785308866.0,R_100,828.99,0.01999999999998181,-1,1.0
1785308867.0,R_100,828.83,0.07999999999998408,-1,1.0
1785308868.0,R_100,828.82,0.0049999999999954525,-1,1.0
1785308869.0,R_100,829.04,0.1099999999999568,1,1.0
1785308870.0,R_100,828.95,0.04499999999995907,-1,1.0
1785308871.0,R_100,828.77,0.09000000000003183,-1,1.0
1785308872.0,R_100,828.66,0.05500000000000682,-1,1.0
1785308873.0,R_100,828.77,0.05500000000000682,1,1.0
1785308874.0,R_100,828.69,0.03999999999996362,-1,1.0
1785308875.0,R_100,828.79,0.049999999999954525,1,1.0
1785308876.0,R_100,828.74,0.024999999999977263,-1,1.0
1785308877.0,R_100,828.59,0.07499999999998863,-1,1.0
1785308878.0,R_100,828.77,0.08999999999997499,1,1.0
1785308879.0,R_100,828.75,0.009999999999990905,-1,1.0
1785308880.0,R_100,828.93,0.08999999999997499,1,1.0
1785308881.0,R_100,828.95,0.010000000000047748,1,1.0
1785308882.0,R_100,828.94,0.0049999999999954525,-1,1.0
1785308883.0,R_100,829.04,0.049999999999954525,1,1.0
1785308884.0,R_100,828.99,0.024999999999977263,-1,1.0
1785308885.0,R_100,828.86,0.06499999999999773,-1,1.0
1785308886.0,R_100,828.98,0.060000000000002274,1,1.0
1785308887.0,R_100,829.01,0.014999999999986358,1,1.0
1785308888.0,R_100,828.83,0.08999999999997499,-1,1.0
1785308889.0,R_100,828.82,0.0049999999999954525,-1,1.0
1785308890.0,R_100,828.94,0.060000000000002274,1,1.0
1785308891.0,R_100,829.07,0.06499999999999773,1,1.0
1785308892.0,R_100,829.15,0.03999999999996362,1,1.0
1785308893.0,R_100,829.34,0.09500000000002728,1,1.0
1785308894.0,R_100,829.39,0.024999999999977263,1,1.0
1785308895.0,R_100,829.33,0.029999999999972715,-1,1.0
1785308896.0,R_100,829.31,0.010000000000047748,-1,1.0
1785308897.0,R_100,829.52,0.10500000000001819,1,1.0
1785308898.0,R_100,829.42,0.05000000000001137,-1,1.0
1785308899.0,R_100,829.29,0.06499999999999773,-1,1.0
1785308900.0,R_100,829.29,0.0,0,1.0
1785308901.0,R_100,829.22,0.03499999999996817,-1,1.0
1785308902.0,R_100,829.34,0.060000000000002274,1,1.0
1785308903.0,R_100,829.3,0.020000000000038654,-1,1.0
1785308904.0,R_100,829.47,0.08500000000003638,1,1.0
1785308905.0,R_100,829.52,0.024999999999977263,1,1.0
1785308906.0,R_100,829.5,0.009999999999990905,-1,1.0
1785308907.0,R_100,829.35,0.07499999999998863,-1,1.0
1785308908.0,R_100,829.2,0.07499999999998863,-1,1.0
1785308909.0,R_100,829.34,0.06999999999999318,1,1.0
1785308910.0,R_100,829.17,0.08500000000003638,-1,1.0
1785308911.0,R_100,829.14,0.014999999999986358,-1,1.0
1785308912.0,R_100,829.02,0.060000000000002274,-1,1.0
1785308913.0,R_100,829.05,0.014999999999986358,1,1.0
1785308914.0,R_100,828.93,0.060000000000002274,-1,1.0
1785308915.0,R_100,829.14,0.10500000000001819,1,1.0
1785308916.0,R_100,829.14,0.0,0,1.0
1785308917.0,R_100,829.23,0.045000000000015916,1,1.0
1785308918.0,R_100,829.14,0.045000000000015916,-1,1.0
1785308919.0,R_100,829.3,0.07999999999998408,1,1.0
1785308920.0,R_100,829.57,0.13500000000004775,1,1.0
1785308921.0,R_100,829.48,0.045000000000015916,-1,1.0
1785308922.0,R_100,829.39,0.045000000000015916,-1,1.0
1785308923.0,R_100,829.59,0.10000000000002274,1,1.0
1785308924.0,R_100,829.41,0.09000000000003183,-1,1.0
1785308925.0,R_100,829.41,0.0,0,1.0
1785308926.0,R_100,829.52,0.05500000000000682,1,1.0
1785308927.0,R_100,829.39,0.06499999999999773,-1,1.0
1785308928.0,R_100,829.33,0.029999999999972715,-1,1.0
1785308929.0,R_100,829.37,0.01999999999998181,1,1.0
1785308930.0,R_100,829.6,0.1150000000000091,1,1.0
1785308931.0,R_100,829.44,0.07999999999998408,-1,1.0
1785308932.0,R_100,829.25,0.09500000000002728,-1,1.0
1785308933.0,R_100,829.23,0.009999999999990905,-1,1.0
1785308934.0,R_100,829.33,0.05000000000001137,1,1.0
1785308935.0,R_100,829.2,0.06499999999999773,-1,1.0
1785308936.0,R_100,829.29,0.04499999999995907,1,1.0
1785308937.0,R_100,829.36,0.03500000000002501,1,1.0
1785308938.0,R_100,829.3,0.03000000000002956,-1,1.0
1785308939.0,R_100,829.61,0.15500000000002956,1,1.0
1785308940.0,R_100,829.57,0.01999999999998181,-1,1.0
1785308941.0,R_100,829.92,0.17499999999995453,1,1.0
1785308942.0,R_100,829.87,0.024999999999977263,-1,1.0
1785308943.0,R_100,829.86,0.0049999999999954525,-1,1.0
1785308944.0,R_100,829.72,0.06999999999999318,-1,1.0
1785308945.0,R_100,829.66,0.03000000000002956,-1,1.0
1785308946.0,R_100,829.48,0.08999999999997499,-1,1.0
1785308947.0,R_100,829.73,0.125,1,1.0
1785308948.0,R_100,829.46,0.1349999999999909,-1,1.0
1785308949.0,R_100,829.24,0.11000000000001364,-1,1.0
1785308950.0,R_100,829.43,0.09499999999997044,1,1.0
1785308951.0,R_100,829.77,0.17000000000001592,1,1.0
1785308952.0,R_100,829.96,0.09500000000002728,1,1.0
1785308953.0,R_100,829.83,0.06499999999999773,-1,1.0
1785308954.0,R_100,829.5,0.16500000000002046,-1,1.0
1785308955.0,R_100,829.46,0.01999999999998181,-1,1.0
1785308956.0,R_100,829.57,0.05500000000000682,1,1.0
1785308957.0,R_100,829.84,0.1349999999999909,1,1.0
1785308958.0,R_100,829.79,0.025000000000034106,-1,1.0
1785308959.0,R_100,829.7,0.04499999999995907,-1,1.0
1785308960.0,R_100,829.63,0.03500000000002501,-1,1.0
1785308961.0,R_100,829.57,0.029999999999972715,-1,1.0
1785308962.0,R_100,829.35,0.11000000000001364,-1,1.0
1785308963.0,R_100,829.41,0.029999999999972715,1,1.0
1785308964.0,R_100,829.66,0.125,1,1.0
1785308965.0,R_100,829.96,0.1500000000000341,1,1.0
1785308966.0,R_100,830.13,0.08499999999997954,1,1.0
1785308967.0,R_100,829.99,0.06999999999999318,-1,1.0
1785308968.0,R_100,830.0,0.0049999999999954525,1,1.0
1785308969.0,R_100,830.35,0.17500000000001137,1,1.0
1785308970.0,R_100,830.57,0.11000000000001364,1,1.0
1785308971.0,R_100,830.6,0.014999999999986358,1,1.0
1785308972.0,R_100,830.68,0.03999999999996362,1,1.0
1785308973.0,R_100,830.85,0.08500000000003638,1,1.0
1785308974.0,R_100,830.44,0.20499999999998408,-1,1.0
1785308975.0,R_100,830.6,0.07999999999998408,1,1.0
1785308976.0,R_100,830.58,0.009999999999990905,-1,1.0
1785308977.0,R_100,830.42,0.08000000000004093,-1,1.0
1785308978.0,R_100,830.54,0.060000000000002274,1,1.0
1785308979.0,R_100,830.46,0.03999999999996362,-1,1.0
1785308980.0,R_100,830.82,0.18000000000000682,1,1.0
1785308981.0,R_100,830.74,0.040000000000020464,-1,1.0
1785308982.0,R_100,830.72,0.009999999999990905,-1,1.0
1785308983.0,R_100,830.83,0.05500000000000682,1,1.0
1785308984.0,R_100,831.08,0.125,1,1.0
1785308985.0,R_100,831.08,0.0,0,1.0
1785308986.0,R_100,831.09,0.0049999999999954525,1,1.0
1785308987.0,R_100,830.97,0.060000000000002274,-1,1.0
1785308988.0,R_100,831.19,0.11000000000001364,1,1.0
1785308989.0,R_100,831.4,0.10499999999996135,1,1.0
1785308990.0,R_100,831.56,0.07999999999998408,1,1.0
1785308991.0,R_100,831.63,0.03500000000002501,1,1.0
1785308992.0,R_100,831.82,0.09500000000002728,1,1.0
1785308993.0,R_100,831.6,0.11000000000001364,-1,1.0
1785308994.0,R_100,831.52,0.040000000000020464,-1,1.0
1785308995.0,R_100,831.84,0.160000000000025,1,1.0
1785308996.0,R_100,832.01,0.08499999999997954,1,1.0
1785308997.0,R_100,832.09,0.040000000000020464,1,1.0
1785308998.0,R_100,832.18,0.04499999999995907,1,1.0
1785308999.0,R_100,832.09,0.04499999999995907,-1,1.0
1785309000.0,R_100,832.08,0.0049999999999954525,-1,1.0
1785309001.0,R_100,832.09,0.0049999999999954525,1,1.0
1785309002.0,R_100,832.06,0.015000000000043201,-1,1.0
1785309003.0,R_100,832.02,0.01999999999998181,-1,1.0
1785309004.0,R_100,831.94,0.03999999999996362,-1,1.0
1785309005.0,R_100,832.05,0.05499999999994998,1,1.0
1785309006.0,R_100,832.08,0.015000000000043201,1,1.0
1785309007.0,R_100,832.19,0.05500000000000682,1,1.0
1785309008.0,R_100,832.47,0.13999999999998636,1,1.0
1785309009.0,R_100,832.59,0.060000000000002274,1,1.0
1785309010.0,R_100,832.52,0.03500000000002501,-1,1.0
1785309011.0,R_100,832.54,0.009999999999990905,1,1.0
1785309012.0,R_100,832.49,0.024999999999977263,-1,1.0
1785309013.0,R_100,832.51,0.009999999999990905,1,1.0
1785309014.0,R_100,832.53,0.009999999999990905,1,1.0
1785309015.0,R_100,832.83,0.1500000000000341,1,1.0
1785309016.0,R_100,833.16,0.16499999999996362,1,1.0
1785309017.0,R_100,833.15,0.0049999999999954525,-1,1.0
1785309018.0,R_100,833.08,0.03499999999996817,-1,1.0
1785309019.0,R_100,833.03,0.025000000000034106,-1,1.0
1785309020.0,R_100,832.63,0.19999999999998863,-1,1.0
1785309021.0,R_100,832.88,0.125,1,1.0
1785309022.0,R_100,833.01,0.06499999999999773,1,1.0
1785309023.0,R_100,832.92,0.045000000000015916,-1,1.0
1785309024.0,R_100,833.13,0.10500000000001819,1,1.0
1785309025.0,R_100,833.11,0.009999999999990905,-1,1.0
1785309026.0,R_100,833.24,0.06499999999999773,1,1.0
1785309027.0,R_100,833.44,0.10000000000002274,1,1.0
1785309028.0,R_100,833.23,0.10500000000001819,-1,1.0
1785309029.0,R_100,833.22,0.0049999999999954525,-1,1.0
1785309030.0,R_100,833.11,0.05500000000000682,-1,1.0
1785309031.0,R_100,833.15,0.01999999999998181,1,1.0
1785309032.0,R_100,833.3,0.07499999999998863,1,1.0
1785309033.0,R_100,833.14,0.07999999999998408,-1,1.0
1785309034.0,R_100,832.92,0.11000000000001364,-1,1.0
1785309035.0,R_100,832.84,0.03999999999996362,-1,1.0
1785309036.0,R_100,832.87,0.014999999999986358,1,1.0
1785309037.0,R_100,833.03,0.07999999999998408,1,1.0
1785309038.0,R_100,833.1,0.03500000000002501,1,1.0
1785309039.0,R_100,833.13,0.014999999999986358,1,1.0
1785309040.0,R_100,833.17,0.01999999999998181,1,1.0
1785309041.0,R_100,833.42,0.125,1,1.0
1785309042.0,R_100,833.36,0.029999999999972715,-1,1.0
1785309043.0,R_100,833.33,0.014999999999986358,-1,1.0
1785309044.0,R_100,833.29,0.020000000000038654,-1,1.0
1785309045.0,R_100,833.13,0.07999999999998408,-1,1.0
1785309046.0,R_100,833.16,0.014999999999986358,1,1.0
1785309047.0,R_100,832.98,0.08999999999997499,-1,1.0
1785309048.0,R_100,832.9,0.040000000000020464,-1,1.0
1785309049.0,R_100,833.08,0.09000000000003183,1,1.0
1785309050.0,R_100,833.09,0.0049999999999954525,1,1.0
1785309051.0,R_100,833.29,0.0999999999999659,1,1.0
1785309052.0,R_100,833.41,0.060000000000002274,1,1.0
1785309053.0,R_100,833.63,0.11000000000001364,1,1.0
1785309054.0,R_100,833.73,0.05000000000001137,1,1.0
1785309055.0,R_100,833.76,0.014999999999986358,1,1.0
1785309056.0,R_100,833.79,0.014999999999986358,1,1.0
1785309057.0,R_100,833.79,0.0,0,1.0
1785309058.0,R_100,833.78,0.0049999999999954525,-1,1.0
1785309059.0,R_100,833.47,0.15499999999997272,-1,1.0
1785309060.0,R_100,833.42,0.025000000000034106,-1,1.0
1785309061.0,R_100,833.51,0.045000000000015916,1,1.0
1785309062.0,R_100,833.54,0.014999999999986358,1,1.0
1785309063.0,R_100,833.45,0.04499999999995907,-1,1.0
1785309064.0,R_100,833.29,0.08000000000004093,-1,1.0
1785309065.0,R_100,833.04,0.125,-1,1.0
1785309066.0,R_100,833.21,0.08500000000003638,1,1.0
1785309067.0,R_100,833.43,0.1099999999999568,1,1.0
1785309068.0,R_100,833.33,0.049999999999954525,-1,1.0
1785309069.0,R_100,833.23,0.05000000000001137,-1,1.0
1785309070.0,R_100,833.4,0.08499999999997954,1,1.0
1785309071.0,R_100,833.24,0.07999999999998408,-1,1.0
1785309072.0,R_100,833.34,0.05000000000001137,1,1.0
1785309073.0,R_100,833.61,0.1349999999999909,1,1.0
1785309074.0,R_100,833.41,0.10000000000002274,-1,1.0
1785309075.0,R_100,833.39,0.009999999999990905,-1,1.0
1785309076.0,R_100,833.18,0.10500000000001819,-1,1.0
1785309077.0,R_100,833.11,0.03499999999996817,-1,1.0
1785309078.0,R_100,833.03,0.040000000000020464,-1,1.0
1785309079.0,R_100,833.05,0.009999999999990905,1,1.0
1785309080.0,R_100,833.13,0.040000000000020464,1,1.0
1785309081.0,R_100,833.2,0.03500000000002501,1,1.0
1785309082.0,R_100,833.44,0.12000000000000455,1,1.0
1785309083.0,R_100,833.24,0.10000000000002274,-1,1.0
1785309084.0,R_100,833.14,0.05000000000001137,-1,1.0
1785309085.0,R_100,832.74,0.19999999999998863,-1,1.0
1785309086.0,R_100,832.73,0.0049999999999954525,-1,1.0
1785309087.0,R_100,832.55,0.09000000000003183,-1,1.0
1785309088.0,R_100,832.55,0.0,0,1.0
1785309089.0,R_100,832.48,0.03499999999996817,-1,1.0
1785309090.0,R_100,832.53,0.024999999999977263,1,1.0
1785309091.0,R_100,832.63,0.05000000000001137,1,1.0
1785309092.0,R_100,832.46,0.08499999999997954,-1,1.0
1785309093.0,R_100,832.36,0.05000000000001137,-1,1.0
1785309094.0,R_100,832.52,0.07999999999998408,1,1.0
1785309095.0,R_100,832.39,0.06499999999999773,-1,1.0
1785309096.0,R_100,832.38,0.0049999999999954525,-1,1.0
1785309097.0,R_100,832.29,0.045000000000015916,-1,1.0
1785309098.0,R_100,832.11,0.08999999999997499,-1,1.0
1785309099.0,R_100,832.2,0.045000000000015916,1,1.0
1785309100.0,R_100,832.31,0.05499999999994998,1,1.0
1785309101.0,R_100,832.37,0.03000000000002956,1,1.0
1785309102.0,R_100,832.16,0.10500000000001819,-1,1.0
1785309103.0,R_100,832.25,0.045000000000015916,1,1.0
1785309104.0,R_100,832.44,0.09500000000002728,1,1.0
1785309105.0,R_100,832.62,0.08999999999997499,1,1.0
1785309106.0,R_100,832.62,0.0,0,1.0
1785309107.0,R_100,832.5,0.060000000000002274,-1,1.0
1785309108.0,R_100,832.46,0.01999999999998181,-1,1.0
1785309109.0,R_100,832.37,0.045000000000015916,-1,1.0
1785309110.0,R_100,832.32,0.024999999999977263,-1,1.0
1785309111.0,R_100,832.4,0.03999999999996362,1,1.0
1785309112.0,R_100,832.52,0.060000000000002274,1,1.0
1785309113.0,R_100,832.68,0.07999999999998408,1,1.0
1785309114.0,R_100,832.57,0.05499999999994998,-1,1.0
1785309115.0,R_100,832.74,0.08499999999997954,1,1.0
1785309116.0,R_100,832.89,0.07499999999998863,1,1.0
1785309117.0,R_100,833.02,0.06499999999999773,1,1.0
1785309118.0,R_100,832.99,0.014999999999986358,-1,1.0
1785309119.0,R_100,833.04,0.024999999999977263,1,1.0
1785309120.0,R_100,833.07,0.015000000000043201,1,1.0
1785309121.0,R_100,833.26,0.09499999999997044,1,1.0
1785309122.0,R_100,833.35,0.045000000000015916,1,1.0
1785309123.0,R_100,833.47,0.060000000000002274,1,1.0
1785309124.0,R_100,833.31,0.08000000000004093,-1,1.0
1785309125.0,R_100,833.03,0.13999999999998636,-1,1.0
1785309126.0,R_100,833.18,0.07499999999998863,1,1.0
1785309127.0,R_100,833.29,0.05500000000000682,1,1.0
1785309128.0,R_100,833.24,0.024999999999977263,-1,1.0
1785309129.0,R_100,833.07,0.08499999999997954,-1,1.0
1785309130.0,R_100,832.7,0.18500000000000227,-1,1.0
1785309131.0,R_100,832.74,0.01999999999998181,1,1.0
1785309132.0,R_100,832.84,0.05000000000001137,1,1.0
1785309133.0,R_100,832.73,0.05500000000000682,-1,1.0
1785309134.0,R_100,832.69,0.01999999999998181,-1,1.0
1785309135.0,R_100,832.72,0.014999999999986358,1,1.0
1785309136.0,R_100,832.65,0.03500000000002501,-1,1.0
1785309137.0,R_100,832.64,0.0049999999999954525,-1,1.0
1785309138.0,R_100,832.5,0.06999999999999318,-1,1.0
1785309139.0,R_100,832.52,0.009999999999990905,1,1.0
1785309140.0,R_100,832.53,0.0049999999999954525,1,1.0
1785309141.0,R_100,832.26,0.1349999999999909,-1,1.0
1785309142.0,R_100,832.27,0.0049999999999954525,1,1.0
1785309143.0,R_100,832.18,0.045000000000015916,-1,1.0
1785309144.0,R_100,832.17,0.0049999999999954525,-1,1.0
1785309145.0,R_100,832.28,0.05500000000000682,1,1.0
1785309146.0,R_100,831.89,0.19499999999999318,-1,1.0
1785309147.0,R_100,832.08,0.09500000000002728,1,1.0
1785309148.0,R_100,832.09,0.0049999999999954525,1,1.0
1785309149.0,R_100,831.99,0.05000000000001137,-1,1.0
1785309150.0,R_100,832.11,0.060000000000002274,1,1.0
1785309151.0,R_100,831.9,0.10500000000001819,-1,1.0
1785309152.0,R_100,831.98,0.040000000000020464,1,1.0
1785309153.0,R_100,831.95,0.014999999999986358,-1,1.0
1785309154.0,R_100,831.81,0.07000000000005002,-1,1.0
1785309155.0,R_100,831.83,0.010000000000047748,1,1.0
1785309156.0,R_100,831.94,0.05500000000000682,1,1.0
1785309157.0,R_100,831.94,0.0,0,1.0
1785309158.0,R_100,832.08,0.06999999999999318,1,1.0
1785309159.0,R_100,832.27,0.09499999999997044,1,1.0
1785309160.0,R_100,832.21,0.029999999999972715,-1,1.0
1785309161.0,R_100,832.15,0.03000000000002956,-1,1.0
1785309162.0,R_100,832.18,0.014999999999986358,1,1.0
1785309163.0,R_100,832.22,0.020000000000038654,1,1.0
1785309164.0,R_100,832.48,0.12999999999999545,1,1.0
1785309165.0,R_100,832.58,0.05000000000001137,1,1.0
1785309166.0,R_100,832.61,0.014999999999986358,1,1.0
1785309167.0,R_100,832.57,0.01999999999998181,-1,1.0
1785309168.0,R_100,832.71,0.06999999999999318,1,1.0
1785309169.0,R_100,832.59,0.060000000000002274,-1,1.0
1785309170.0,R_100,832.94,0.17500000000001137,1,1.0
1785309171.0,R_100,833.07,0.06499999999999773,1,1.0
1785309172.0,R_100,832.95,0.060000000000002274,-1,1.0
1785309173.0,R_100,833.06,0.05499999999994998,1,1.0
1785309174.0,R_100,833.2,0.07000000000005002,1,1.0
1785309175.0,R_100,833.09,0.05500000000000682,-1,1.0
1785309176.0,R_100,833.05,0.020000000000038654,-1,1.0
1785309177.0,R_100,833.27,0.11000000000001364,1,1.0
1785309178.0,R_100,833.15,0.060000000000002274,-1,1.0
1785309179.0,R_100,833.15,0.0,0,1.0
1785309180.0,R_100,832.89,0.12999999999999545,-1,1.0
1785309181.0,R_100,833.28,0.19499999999999318,1,1.0
1785309182.0,R_100,833.44,0.08000000000004093,1,1.0
1785309183.0,R_100,833.53,0.04499999999995907,1,1.0
1785309184.0,R_100,833.44,0.04499999999995907,-1,1.0
1785309185.0,R_100,833.66,0.1099999999999568,1,1.0
1785309186.0,R_100,833.69,0.015000000000043201,1,1.0
1785309187.0,R_100,833.78,0.04499999999995907,1,1.0
1785309188.0,R_100,833.82,0.020000000000038654,1,1.0
1785309189.0,R_100,833.71,0.05500000000000682,-1,1.0
1785309190.0,R_100,833.89,0.08999999999997499,1,1.0
1785309191.0,R_100,834.14,0.125,1,1.0
1785309192.0,R_100,834.19,0.025000000000034106,1,1.0
1785309193.0,R_100,834.18,0.005000000000052296,-1,1.0
1785309194.0,R_100,834.13,0.024999999999977263,-1,1.0
1785309195.0,R_100,834.12,0.0049999999999954525,-1,1.0
1785309196.0,R_100,834.12,0.0,0,1.0
1785309197.0,R_100,834.06,0.03000000000002956,-1,1.0
1785309198.0,R_100,833.9,0.07999999999998408,-1,1.0
1785309199.0,R_100,834.17,0.1349999999999909,1,1.0
1785309200.0,R_100,834.17,0.0,0,1.0
1785309201.0,R_100,834.06,0.05500000000000682,-1,1.0
1785309202.0,R_100,834.32,0.1300000000000523,1,1.0
1785309203.0,R_100,834.23,0.045000000000015916,-1,1.0
1785309204.0,R_100,834.09,0.06999999999999318,-1,1.0
1785309205.0,R_100,834.16,0.03499999999996817,1,1.0
1785309206.0,R_100,834.16,0.0,0,1.0
1785309207.0,R_100,834.1,0.029999999999972715,-1,1.0
1785309208.0,R_100,833.72,0.18999999999999773,-1,1.0
1785309209.0,R_100,833.8,0.03999999999996362,1,1.0
1785309210.0,R_100,833.56,0.12000000000000455,-1,1.0
1785309211.0,R_100,833.58,0.010000000000047748,1,1.0
1785309212.0,R_100,833.55,0.015000000000043201,-1,1.0
1785309213.0,R_100,833.64,0.045000000000015916,1,1.0
1785309214.0,R_100,833.66,0.009999999999990905,1,1.0
1785309215.0,R_100,834.15,0.24500000000000455,1,1.0
1785309216.0,R_100,834.24,0.045000000000015916,1,1.0
1785309217.0,R_100,834.42,0.08999999999997499,1,1.0
1785309218.0,R_100,834.32,0.049999999999954525,-1,1.0
1785309219.0,R_100,834.12,0.10000000000002274,-1,1.0
1785309220.0,R_100,834.16,0.01999999999998181,1,1.0
1785309221.0,R_100,834.25,0.045000000000015916,1,1.0
1785309222.0,R_100,834.27,0.009999999999990905,1,1.0
1785309223.0,R_100,834.04,0.1150000000000091,-1,1.0
1785309224.0,R_100,833.84,0.0999999999999659,-1,1.0
1785309225.0,R_100,833.77,0.03500000000002501,-1,1.0
1785309226.0,R_100,833.67,0.05000000000001137,-1,1.0
1785309227.0,R_100,833.64,0.014999999999986358,-1,1.0
1785309228.0,R_100,833.6,0.01999999999998181,-1,1.0
1785309229.0,R_100,833.31,0.14500000000003865,-1,1.0
1785309230.0,R_100,833.32,0.005000000000052296,1,1.0
1785309231.0,R_100,833.34,0.009999999999990905,1,1.0
1785309232.0,R_100,833.65,0.15499999999997272,1,1.0
1785309233.0,R_100,833.51,0.06999999999999318,-1,1.0
1785309234.0,R_100,833.53,0.009999999999990905,1,1.0
1785309235.0,R_100,833.52,0.0049999999999954525,-1,1.0
1785309236.0,R_100,833.4,0.060000000000002274,-1,1.0
1785309237.0,R_100,833.52,0.060000000000002274,1,1.0
1785309238.0,R_100,833.69,0.08500000000003638,1,1.0
1785309239.0,R_100,833.9,0.10499999999996135,1,1.0
1785309240.0,R_100,833.67,0.1150000000000091,-1,1.0
1785309241.0,R_100,833.68,0.0049999999999954525,1,1.0
1785309242.0,R_100,833.68,0.0,0,1.0
1785309243.0,R_100,833.68,0.0,0,1.0
1785309244.0,R_100,833.93,0.125,1,1.0
1785309245.0,R_100,833.79,0.06999999999999318,-1,1.0
1785309246.0,R_100,834.0,0.10500000000001819,1,1.0
1785309247.0,R_100,833.9,0.05000000000001137,-1,1.0
1785309248.0,R_100,833.87,0.014999999999986358,-1,1.0
1785309249.0,R_100,834.2,0.16500000000002046,1,1.0
1785309250.0,R_100,834.4,0.0999999999999659,1,1.0
1785309251.0,R_100,834.27,0.06499999999999773,-1,1.0
1785309252.0,R_100,834.19,0.03999999999996362,-1,1.0
1785309253.0,R_100,834.16,0.015000000000043201,-1,1.0
1785309254.0,R_100,834.12,0.01999999999998181,-1,1.0
1785309255.0,R_100,834.37,0.125,1,1.0
1785309256.0,R_100,834.07,0.14999999999997726,-1,1.0
1785309257.0,R_100,834.23,0.07999999999998408,1,1.0
1785309258.0,R_100,834.53,0.14999999999997726,1,1.0
1785309259.0,R_100,834.49,0.01999999999998181,-1,1.0
1785309260.0,R_100,834.79,0.14999999999997726,1,1.0
1785309261.0,R_100,834.82,0.015000000000043201,1,1.0
1785309262.0,R_100,835.02,0.0999999999999659,1,1.0
1785309263.0,R_100,835.06,0.01999999999998181,1,1.0
1785309264.0,R_100,834.94,0.05999999999994543,-1,1.0
1785309265.0,R_100,834.87,0.03500000000002501,-1,1.0
1785309266.0,R_100,835.04,0.08499999999997954,1,1.0
1785309267.0,R_100,835.0,0.01999999999998181,-1,1.0
1785309268.0,R_100,835.05,0.024999999999977263,1,1.0
1785309269.0,R_100,835.2,0.07500000000004547,1,1.0
1785309270.0,R_100,834.92,0.1400000000000432,-1,1.0
1785309271.0,R_100,835.04,0.060000000000002274,1,1.0
1785309272.0,R_100,835.07,0.015000000000043201,1,1.0
1785309273.0,R_100,835.03,0.020000000000038654,-1,1.0
1785309274.0,R_100,835.18,0.07499999999998863,1,1.0
1785309275.0,R_100,835.16,0.009999999999990905,-1,1.0
1785309276.0,R_100,834.88,0.13999999999998636,-1,1.0
1785309277.0,R_100,834.87,0.0049999999999954525,-1,1.0
1785309278.0,R_100,835.09,0.11000000000001364,1,1.0
1785309279.0,R_100,835.02,0.03500000000002501,-1,1.0
1785309280.0,R_100,835.02,0.0,0,1.0
1785309281.0,R_100,834.92,0.05000000000001137,-1,1.0
1785309282.0,R_100,834.77,0.07499999999998863,-1,1.0
1785309283.0,R_100,834.74,0.014999999999986358,-1,1.0
1785309284.0,R_100,834.5,0.12000000000000455,-1,1.0
1785309285.0,R_100,834.51,0.0049999999999954525,1,1.0
1785309286.0,R_100,834.27,0.12000000000000455,-1,1.0
1785309287.0,R_100,834.24,0.014999999999986358,-1,1.0
1785309288.0,R_100,834.32,0.040000000000020464,1,1.0
1785309289.0,R_100,834.27,0.025000000000034106,-1,1.0
1785309290.0,R_100,834.34,0.03500000000002501,1,1.0
1785309291.0,R_100,834.48,0.06999999999999318,1,1.0
1785309292.0,R_100,834.43,0.025000000000034106,-1,1.0
1785309293.0,R_100,834.45,0.010000000000047748,1,1.0
1785309294.0,R_100,834.46,0.0049999999999954525,1,1.0
1785309295.0,R_100,834.38,0.040000000000020464,-1,1.0
1785309296.0,R_100,834.39,0.0049999999999954525,1,1.0
1785309297.0,R_100,834.36,0.014999999999986358,-1,1.0
1785309298.0,R_100,834.35,0.0049999999999954525,-1,1.0
1785309299.0,R_100,834.17,0.09000000000003183,-1,1.0
1785309300.0,R_100,834.05,0.060000000000002274,-1,1.0
1785309301.0,R_100,834.24,0.09500000000002728,1,1.0
1785309302.0,R_100,834.01,0.1150000000000091,-1,1.0
1785309303.0,R_100,834.06,0.024999999999977263,1,1.0
1785309304.0,R_100,834.39,0.16500000000002046,1,1.0
1785309305.0,R_100,834.34,0.024999999999977263,-1,1.0
1785309306.0,R_100,834.22,0.060000000000002274,-1,1.0
1785309307.0,R_100,833.86,0.18000000000000682,-1,1.0
1785309308.0,R_100,833.69,0.08499999999997954,-1,1.0
1785309309.0,R_100,833.68,0.005000000000052296,-1,1.0
1785309310.0,R_100,833.83,0.07500000000004547,1,1.0
1785309311.0,R_100,833.55,0.1400000000000432,-1,1.0
1785309312.0,R_100,833.76,0.10500000000001819,1,1.0
1785309313.0,R_100,833.79,0.014999999999986358,1,1.0
1785309314.0,R_100,833.78,0.0049999999999954525,-1,1.0
1785309315.0,R_100,833.92,0.06999999999999318,1,1.0
1785309316.0,R_100,834.18,0.12999999999999545,1,1.0
1785309317.0,R_100,834.29,0.05500000000000682,1,1.0
1785309318.0,R_100,834.27,0.009999999999990905,-1,1.0
1785309319.0,R_100,834.45,0.09000000000003183,1,1.0
1785309320.0,R_100,834.34,0.05500000000000682,-1,1.0
1785309321.0,R_100,834.06,0.1400000000000432,-1,1.0
1785309322.0,R_100,833.79,0.1349999999999909,-1,1.0
1785309323.0,R_100,833.67,0.060000000000002274,-1,1.0
1785309324.0,R_100,833.61,0.029999999999972715,-1,1.0
1785309325.0,R_100,833.76,0.07499999999998863,1,1.0
1785309326.0,R_100,833.77,0.0049999999999954525,1,1.0
1785309327.0,R_100,833.7,0.03499999999996817,-1,1.0
1785309328.0,R_100,833.74,0.01999999999998181,1,1.0
1785309329.0,R_100,833.97,0.1150000000000091,1,1.0
1785309330.0,R_100,833.78,0.09500000000002728,-1,1.0
1785309331.0,R_100,833.68,0.05000000000001137,-1,1.0
1785309332.0,R_100,833.53,0.07499999999998863,-1,1.0
1785309333.0,R_100,833.39,0.06999999999999318,-1,1.0
1785309334.0,R_100,833.31,0.040000000000020464,-1,1.0
1785309335.0,R_100,833.18,0.06499999999999773,-1,1.0
1785309336.0,R_100,833.36,0.09000000000003183,1,1.0
1785309337.0,R_100,833.48,0.060000000000002274,1,1.0
1785309338.0,R_100,833.63,0.07499999999998863,1,1.0
1785309339.0,R_100,833.62,0.0049999999999954525,-1,1.0
1785309340.0,R_100,833.33,0.1449999999999818,-1,1.0
1785309341.0,R_100,833.17,0.08000000000004093,-1,1.0
1785309342.0,R_100,833.35,0.09000000000003183,1,1.0
1785309343.0,R_100,833.33,0.009999999999990905,-1,1.0
1785309344.0,R_100,833.5,0.08499999999997954,1,1.0
1785309345.0,R_100,833.62,0.060000000000002274,1,1.0
1785309346.0,R_100,833.55,0.03500000000002501,-1,1.0
1785309347.0,R_100,833.48,0.03499999999996817,-1,1.0
1785309348.0,R_100,833.34,0.06999999999999318,-1,1.0
1785309349.0,R_100,833.45,0.05500000000000682,1,1.0
1785309350.0,R_100,833.38,0.03500000000002501,-1,1.0
1785309351.0,R_100,833.36,0.009999999999990905,-1,1.0
1785309352.0,R_100,833.25,0.05500000000000682,-1,1.0
1785309353.0,R_100,833.41,0.07999999999998408,1,1.0
1785309354.0,R_100,833.42,0.0049999999999954525,1,1.0
1785309355.0,R_100,833.7,0.1400000000000432,1,1.0
1785309356.0,R_100,833.91,0.10499999999996135,1,1.0
1785309357.0,R_100,833.85,0.029999999999972715,-1,1.0
1785309358.0,R_100,833.86,0.0049999999999954525,1,1.0
1785309359.0,R_100,833.91,0.024999999999977263,1,1.0
1785309360.0,R_100,834.11,0.10000000000002274,1,1.0
1785309361.0,R_100,834.13,0.009999999999990905,1,1.0
1785309362.0,R_100,833.93,0.10000000000002274,-1,1.0
1785309363.0,R_100,833.8,0.06499999999999773,-1,1.0
1785309364.0,R_100,833.59,0.10499999999996135,-1,1.0
1785309365.0,R_100,833.57,0.009999999999990905,-1,1.0
1785309366.0,R_100,833.58,0.0049999999999954525,1,1.0
1785309367.0,R_100,833.44,0.06999999999999318,-1,1.0
1785309368.0,R_100,833.58,0.06999999999999318,1,1.0
1785309369.0,R_100,833.65,0.03499999999996817,1,1.0
1785309370.0,R_100,833.82,0.08500000000003638,1,1.0
1785309371.0,R_100,833.68,0.07000000000005002,-1,1.0
1785309372.0,R_100,833.9,0.11000000000001364,1,1.0
1785309373.0,R_100,833.82,0.03999999999996362,-1,1.0
1785309374.0,R_100,833.98,0.07999999999998408,1,1.0
1785309375.0,R_100,834.1,0.060000000000002274,1,1.0
1785309376.0,R_100,834.15,0.024999999999977263,1,1.0
1785309377.0,R_100,834.05,0.05000000000001137,-1,1.0
1785309378.0,R_100,834.22,0.08500000000003638,1,1.0
1785309379.0,R_100,834.26,0.01999999999998181,1,1.0
1785309380.0,R_100,834.34,0.040000000000020464,1,1.0
1785309381.0,R_100,834.24,0.05000000000001137,-1,1.0
1785309382.0,R_100,834.25,0.0049999999999954525,1,1.0
1785309383.0,R_100,834.3,0.024999999999977263,1,1.0
1785309384.0,R_100,834.1,0.0999999999999659,-1,1.0
1785309385.0,R_100,834.28,0.08999999999997499,1,1.0
1785309386.0,R_100,834.1,0.08999999999997499,-1,1.0
1785309387.0,R_100,834.06,0.020000000000038654,-1,1.0
1785309388.0,R_100,834.02,0.01999999999998181,-1,1.0
1785309389.0,R_100,834.23,0.10500000000001819,1,1.0
1785309390.0,R_100,834.26,0.014999999999986358,1,1.0
1785309391.0,R_100,834.34,0.040000000000020464,1,1.0
1785309392.0,R_100,834.18,0.08000000000004093,-1,1.0
1785309393.0,R_100,833.92,0.12999999999999545,-1,1.0
1785309394.0,R_100,833.71,0.10499999999996135,-1,1.0
1785309395.0,R_100,833.83,0.060000000000002274,1,1.0
1785309396.0,R_100,833.68,0.07500000000004547,-1,1.0
1785309397.0,R_100,833.67,0.0049999999999954525,-1,1.0
1785309398.0,R_100,833.73,0.03000000000002956,1,1.0
1785309399.0,R_100,833.8,0.03499999999996817,1,1.0
1785309400.0,R_100,833.84,0.020000000000038654,1,1.0
1785309401.0,R_100,833.86,0.009999999999990905,1,1.0
1785309402.0,R_100,833.65,0.10500000000001819,-1,1.0
1785309403.0,R_100,833.5,0.07499999999998863,-1,1.0
1785309404.0,R_100,833.65,0.07499999999998863,1,1.0
1785309405.0,R_100,833.78,0.06499999999999773,1,1.0
1785309406.0,R_100,834.1,0.160000000000025,1,1.0
1785309407.0,R_100,834.01,0.045000000000015916,-1,1.0
1785309408.0,R_100,833.87,0.06999999999999318,-1,1.0
1785309409.0,R_100,833.45,0.20999999999997954,-1,1.0
1785309410.0,R_100,833.48,0.014999999999986358,1,1.0
1785309411.0,R_100,833.13,0.17500000000001137,-1,1.0
1785309412.0,R_100,833.37,0.12000000000000455,1,1.0
1785309413.0,R_100,833.36,0.0049999999999954525,-1,1.0
1785309414.0,R_100,833.42,0.029999999999972715,1,1.0
1785309415.0,R_100,833.47,0.025000000000034106,1,1.0
1785309416.0,R_100,833.52,0.024999999999977263,1,1.0
1785309417.0,R_100,833.51,0.0049999999999954525,-1,1.0
1785309418.0,R_100,833.43,0.040000000000020464,-1,1.0
1785309419.0,R_100,833.42,0.0049999999999954525,-1,1.0
1785309420.0,R_100,833.47,0.025000000000034106,1,1.0
1785309421.0,R_100,833.63,0.07999999999998408,1,1.0
1785309422.0,R_100,833.73,0.05000000000001137,1,1.0
1785309423.0,R_100,833.43,0.1500000000000341,-1,1.0
1785309424.0,R_100,833.4,0.014999999999986358,-1,1.0
1785309425.0,R_100,833.4,0.0,0,1.0
1785309426.0,R_100,833.47,0.03500000000002501,1,1.0
1785309427.0,R_100,833.4,0.03500000000002501,-1,1.0
1785309428.0,R_100,833.37,0.014999999999986358,-1,1.0
1785309429.0,R_100,833.25,0.060000000000002274,-1,1.0
1785309430.0,R_100,833.4,0.07499999999998863,1,1.0
1785309431.0,R_100,833.19,0.10499999999996135,-1,1.0
1785309432.0,R_100,833.44,0.125,1,1.0
1785309433.0,R_100,833.35,0.045000000000015916,-1,1.0
1785309434.0,R_100,833.15,0.10000000000002274,-1,1.0
1785309435.0,R_100,833.09,0.029999999999972715,-1,1.0
1785309436.0,R_100,833.09,0.0,0,1.0
1785309437.0,R_100,833.25,0.07999999999998408,1,1.0
1785309438.0,R_100,833.25,0.0,0,1.0
1785309439.0,R_100,833.13,0.060000000000002274,-1,1.0
1785309440.0,R_100,833.12,0.0049999999999954525,-1,1.0
1785309441.0,R_100,833.3,0.08999999999997499,1,1.0
1785309442.0,R_100,833.38,0.040000000000020464,1,1.0
1785309443.0,R_100,833.37,0.0049999999999954525,-1,1.0
1785309444.0,R_100,833.38,0.0049999999999954525,1,1.0
1785309445.0,R_100,833.51,0.06499999999999773,1,1.0
1785309446.0,R_100,833.39,0.060000000000002274,-1,1.0
1785309447.0,R_100,833.46,0.03500000000002501,1,1.0
1785309448.0,R_100,833.5,0.01999999999998181,1,1.0
1785309449.0,R_100,833.29,0.10500000000001819,-1,1.0
1785309450.0,R_100,833.38,0.045000000000015916,1,1.0
1785309451.0,R_100,833.43,0.024999999999977263,1,1.0
1785309452.0,R_100,833.57,0.07000000000005002,1,1.0
1785309453.0,R_100,833.58,0.0049999999999954525,1,1.0
1785309454.0,R_100,833.52,0.03000000000002956,-1,1.0
1785309455.0,R_100,833.49,0.014999999999986358,-1,1.0
1785309456.0,R_100,833.6,0.05500000000000682,1,1.0
1785309457.0,R_100,833.52,0.040000000000020464,-1,1.0
1785309458.0,R_100,833.49,0.014999999999986358,-1,1.0
1785309459.0,R_100,833.68,0.09499999999997044,1,1.0
1785309460.0,R_100,833.9,0.11000000000001364,1,1.0
1785309461.0,R_100,834.13,0.1150000000000091,1,1.0
1785309462.0,R_100,834.3,0.08499999999997954,1,1.0
1785309463.0,R_100,834.55,0.125,1,1.0
1785309464.0,R_100,834.52,0.014999999999986358,-1,1.0
1785309465.0,R_100,834.5,0.009999999999990905,-1,1.0
1785309466.0,R_100,834.46,0.01999999999998181,-1,1.0
1785309467.0,R_100,834.43,0.015000000000043201,-1,1.0
1785309468.0,R_100,834.54,0.05500000000000682,1,1.0
1785309469.0,R_100,834.57,0.015000000000043201,1,1.0
1785309470.0,R_100,834.41,0.08000000000004093,-1,1.0
1785309471.0,R_100,834.3,0.05500000000000682,-1,1.0
1785309472.0,R_100,834.38,0.040000000000020464,1,1.0
1785309473.0,R_100,834.43,0.024999999999977263,1,1.0
1785309474.0,R_100,834.5,0.03500000000002501,1,1.0
1785309475.0,R_100,834.62,0.060000000000002274,1,1.0
1785309476.0,R_100,834.63,0.0049999999999954525,1,1.0
1785309477.0,R_100,834.81,0.08999999999997499,1,1.0
1785309478.0,R_100,834.86,0.025000000000034106,1,1.0
1785309479.0,R_100,834.85,0.0049999999999954525,-1,1.0
1785309480.0,R_100,834.54,0.15500000000002956,-1,1.0
1785309481.0,R_100,834.4,0.06999999999999318,-1,1.0
1785309482.0,R_100,834.22,0.08999999999997499,-1,1.0
1785309483.0,R_100,834.49,0.1349999999999909,1,1.0
1785309484.0,R_100,834.16,0.16500000000002046,-1,1.0
1785309485.0,R_100,834.53,0.18500000000000227,1,1.0
1785309486.0,R_100,834.54,0.0049999999999954525,1,1.0
1785309487.0,R_100,834.65,0.05500000000000682,1,1.0
1785309488.0,R_100,834.43,0.11000000000001364,-1,1.0
1785309489.0,R_100,834.53,0.05000000000001137,1,1.0
1785309490.0,R_100,834.5,0.014999999999986358,-1,1.0
1785309491.0,R_100,834.52,0.009999999999990905,1,1.0
1785309492.0,R_100,834.39,0.06499999999999773,-1,1.0
1785309493.0,R_100,834.31,0.040000000000020464,-1,1.0
1785309494.0,R_100,834.38,0.03500000000002501,1,1.0
1785309495.0,R_100,834.34,0.01999999999998181,-1,1.0
1785309496.0,R_100,834.23,0.05500000000000682,-1,1.0
1785309497.0,R_100,834.64,0.20499999999998408,1,1.0
1785309498.0,R_100,835.04,0.19999999999998863,1,1.0
1785309499.0,R_100,835.11,0.03500000000002501,1,1.0
1785309500.0,R_100,834.85,0.12999999999999545,-1,1.0
1785309501.0,R_100,834.66,0.09500000000002728,-1,1.0
1785309502.0,R_100,834.74,0.040000000000020464,1,1.0
1785309503.0,R_100,834.68,0.03000000000002956,-1,1.0
1785309504.0,R_100,834.64,0.01999999999998181,-1,1.0
1785309505.0,R_100,834.91,0.1349999999999909,1,1.0
1785309506.0,R_100,834.94,0.015000000000043201,1,1.0
1785309507.0,R_100,834.71,0.1150000000000091,-1,1.0
1785309508.0,R_100,834.45,0.12999999999999545,-1,1.0
1785309509.0,R_100,834.36,0.045000000000015916,-1,1.0
1785309510.0,R_100,834.17,0.09500000000002728,-1,1.0
1785309511.0,R_100,834.26,0.045000000000015916,1,1.0
1785309512.0,R_100,834.22,0.01999999999998181,-1,1.0
1785309513.0,R_100,834.13,0.045000000000015916,-1,1.0
1785309514.0,R_100,834.12,0.0049999999999954525,-1,1.0
1785309515.0,R_100,833.96,0.07999999999998408,-1,1.0
1785309516.0,R_100,833.77,0.09500000000002728,-1,1.0
1785309517.0,R_100,833.85,0.040000000000020464,1,1.0
1785309518.0,R_100,834.09,0.12000000000000455,1,1.0
1785309519.0,R_100,834.11,0.009999999999990905,1,1.0
1785309520.0,R_100,833.91,0.10000000000002274,-1,1.0
1785309521.0,R_100,834.2,0.14500000000003865,1,1.0
1785309522.0,R_100,834.02,0.09000000000003183,-1,1.0
1785309523.0,R_100,834.08,0.03000000000002956,1,1.0
1785309524.0,R_100,834.14,0.029999999999972715,1,1.0
1785309525.0,R_100,834.01,0.06499999999999773,-1,1.0
1785309526.0,R_100,833.93,0.040000000000020464,-1,1.0
1785309527.0,R_100,833.94,0.005000000000052296,1,1.0
1785309528.0,R_100,834.04,0.049999999999954525,1,1.0
1785309529.0,R_100,834.25,0.10500000000001819,1,1.0
1785309530.0,R_100,834.54,0.1449999999999818,1,1.0
1785309531.0,R_100,834.52,0.009999999999990905,-1,1.0
1785309532.0,R_100,834.22,0.14999999999997726,-1,1.0
1785309533.0,R_100,834.21,0.0049999999999954525,-1,1.0
1785309534.0,R_100,834.25,0.01999999999998181,1,1.0
1785309535.0,R_100,834.39,0.06999999999999318,1,1.0
1785309536.0,R_100,834.43,0.01999999999998181,1,1.0
1785309537.0,R_100,834.39,0.01999999999998181,-1,1.0
1785309538.0,R_100,834.36,0.014999999999986358,-1,1.0
1785309539.0,R_100,834.34,0.009999999999990905,-1,1.0
1785309540.0,R_100,834.36,0.009999999999990905,1,1.0
1785309541.0,R_100,834.32,0.01999999999998181,-1,1.0
1785309542.0,R_100,834.71,0.19499999999999318,1,1.0
1785309543.0,R_100,834.84,0.06499999999999773,1,1.0
1785309544.0,R_100,834.83,0.0049999999999954525,-1,1.0
1785309545.0,R_100,834.89,0.029999999999972715,1,1.0
1785309546.0,R_100,834.99,0.05000000000001137,1,1.0
1785309547.0,R_100,835.09,0.05000000000001137,1,1.0
1785309548.0,R_100,835.36,0.1349999999999909,1,1.0
1785309549.0,R_100,835.26,0.05000000000001137,-1,1.0
1785309550.0,R_100,835.23,0.014999999999986358,-1,1.0
1785309551.0,R_100,835.08,0.07499999999998863,-1,1.0
1785309552.0,R_100,835.01,0.03500000000002501,-1,1.0
1785309553.0,R_100,835.08,0.03500000000002501,1,1.0
1785309554.0,R_100,835.06,0.010000000000047748,-1,1.0
1785309555.0,R_100,835.09,0.015000000000043201,1,1.0
1785309556.0,R_100,835.06,0.015000000000043201,-1,1.0
1785309557.0,R_100,834.99,0.03499999999996817,-1,1.0
1785309558.0,R_100,835.1,0.05500000000000682,1,1.0
1785309559.0,R_100,834.97,0.06499999999999773,-1,1.0
1785309560.0,R_100,835.06,0.04499999999995907,1,1.0
1785309561.0,R_100,835.22,0.08000000000004093,1,1.0
1785309562.0,R_100,835.48,0.12999999999999545,1,1.0
1785309563.0,R_100,835.57,0.045000000000015916,1,1.0
1785309564.0,R_100,835.47,0.05000000000001137,-1,1.0
1785309565.0,R_100,835.5,0.014999999999986358,1,1.0
1785309566.0,R_100,835.51,0.0049999999999954525,1,1.0
1785309567.0,R_100,835.54,0.014999999999986358,1,1.0
1785309568.0,R_100,835.56,0.009999999999990905,1,1.0
1785309569.0,R_100,835.61,0.025000000000034106,1,1.0
1785309570.0,R_100,835.81,0.0999999999999659,1,1.0
1785309571.0,R_100,835.77,0.01999999999998181,-1,1.0
1785309572.0,R_100,835.84,0.03500000000002501,1,1.0
1785309573.0,R_100,835.94,0.05000000000001137,1,1.0
1785309574.0,R_100,836.12,0.08999999999997499,1,1.0
1785309575.0,R_100,836.06,0.03000000000002956,-1,1.0
1785309576.0,R_100,835.94,0.05999999999994543,-1,1.0
1785309577.0,R_100,835.83,0.05500000000000682,-1,1.0
1785309578.0,R_100,836.05,0.1099999999999568,1,1.0
1785309579.0,R_100,836.5,0.22500000000002274,1,1.0
1785309580.0,R_100,836.29,0.10500000000001819,-1,1.0
1785309581.0,R_100,836.16,0.06499999999999773,-1,1.0
1785309582.0,R_100,836.12,0.01999999999998181,-1,1.0
1785309583.0,R_100,836.24,0.060000000000002274,1,1.0
1785309584.0,R_100,836.32,0.040000000000020464,1,1.0
1785309585.0,R_100,836.11,0.10500000000001819,-1,1.0
1785309586.0,R_100,836.27,0.07999999999998408,1,1.0
1785309587.0,R_100,836.52,0.125,1,1.0
1785309588.0,R_100,836.41,0.05500000000000682,-1,1.0
1785309589.0,R_100,836.49,0.040000000000020464,1,1.0
1785309590.0,R_100,836.71,0.11000000000001364,1,1.0
1785309591.0,R_100,836.82,0.05500000000000682,1,1.0
1785309592.0,R_100,837.03,0.10499999999996135,1,1.0
1785309593.0,R_100,836.95,0.03999999999996362,-1,1.0
1785309594.0,R_100,836.69,0.12999999999999545,-1,1.0
1785309595.0,R_100,836.82,0.06499999999999773,1,1.0
1785309596.0,R_100,836.95,0.06499999999999773,1,1.0
1785309597.0,R_100,836.97,0.009999999999990905,1,1.0
1785309598.0,R_100,836.96,0.0049999999999954525,-1,1.0
1785309599.0,R_100,837.15,0.09499999999997044,1,1.0
1785309600.0,R_100,837.07,0.03999999999996362,-1,1.0
1785309601.0,R_100,837.2,0.06499999999999773,1,1.0
1785309602.0,R_100,837.45,0.125,1,1.0
1785309603.0,R_100,837.46,0.0049999999999954525,1,1.0
1785309604.0,R_100,837.44,0.009999999999990905,-1,1.0
1785309605.0,R_100,837.55,0.05499999999994998,1,1.0
1785309606.0,R_100,837.63,0.040000000000020464,1,1.0
1785309607.0,R_100,837.58,0.024999999999977263,-1,1.0
1785309608.0,R_100,837.69,0.05500000000000682,1,1.0
1785309609.0,R_100,837.58,0.05500000000000682,-1,1.0
1785309610.0,R_100,837.5,0.040000000000020464,-1,1.0
1785309611.0,R_100,837.49,0.0049999999999954525,-1,1.0
1785309612.0,R_100,837.78,0.1449999999999818,1,1.0
1785309613.0,R_100,837.36,0.20999999999997954,-1,1.0
1785309614.0,R_100,837.21,0.07499999999998863,-1,1.0
1785309615.0,R_100,837.25,0.01999999999998181,1,1.0
1785309616.0,R_100,837.4,0.07499999999998863,1,1.0
1785309617.0,R_100,837.28,0.060000000000002274,-1,1.0
1785309618.0,R_100,836.81,0.23500000000001364,-1,1.0
1785309619.0,R_100,836.54,0.1349999999999909,-1,1.0
1785309620.0,R_100,836.46,0.03999999999996362,-1,1.0
1785309621.0,R_100,836.55,0.04499999999995907,1,1.0
1785309622.0,R_100,836.56,0.0049999999999954525,1,1.0
1785309623.0,R_100,836.39,0.08499999999997954,-1,1.0
1785309624.0,R_100,836.26,0.06499999999999773,-1,1.0
1785309625.0,R_100,836.0,0.12999999999999545,-1,1.0
1785309626.0,R_100,835.96,0.01999999999998181,-1,1.0
1785309627.0,R_100,835.98,0.009999999999990905,1,1.0
1785309628.0,R_100,835.85,0.06499999999999773,-1,1.0
1785309629.0,R_100,836.16,0.15499999999997272,1,1.0
1785309630.0,R_100,836.37,0.10500000000001819,1,1.0
1785309631.0,R_100,836.16,0.10500000000001819,-1,1.0
1785309632.0,R_100,836.08,0.03999999999996362,-1,1.0
1785309633.0,R_100,836.06,0.010000000000047748,-1,1.0
1785309634.0,R_100,835.97,0.04499999999995907,-1,1.0
1785309635.0,R_100,835.97,0.0,0,1.0
1785309636.0,R_100,835.7,0.1349999999999909,-1,1.0
1785309637.0,R_100,835.8,0.049999999999954525,1,1.0
1785309638.0,R_100,836.01,0.10500000000001819,1,1.0
1785309639.0,R_100,835.94,0.03499999999996817,-1,1.0
1785309640.0,R_100,835.79,0.07500000000004547,-1,1.0
1785309641.0,R_100,835.82,0.015000000000043201,1,1.0
1785309642.0,R_100,835.53,0.14500000000003865,-1,1.0
1785309643.0,R_100,835.76,0.1150000000000091,1,1.0
1785309644.0,R_100,835.81,0.024999999999977263,1,1.0
1785309645.0,R_100,835.84,0.015000000000043201,1,1.0
1785309646.0,R_100,836.1,0.12999999999999545,1,1.0
1785309647.0,R_100,836.05,0.025000000000034106,-1,1.0
1785309648.0,R_100,836.15,0.05000000000001137,1,1.0
1785309649.0,R_100,836.28,0.06499999999999773,1,1.0
1785309650.0,R_100,836.27,0.0049999999999954525,-1,1.0
1785309651.0,R_100,836.15,0.060000000000002274,-1,1.0
1785309652.0,R_100,836.21,0.03000000000002956,1,1.0
1785309653.0,R_100,836.34,0.06499999999999773,1,1.0
1785309654.0,R_100,836.42,0.03999999999996362,1,1.0
1785309655.0,R_100,836.41,0.0049999999999954525,-1,1.0
1785309656.0,R_100,836.35,0.029999999999972715,-1,1.0
1785309657.0,R_100,836.38,0.014999999999986358,1,1.0
1785309658.0,R_100,836.36,0.009999999999990905,-1,1.0
1785309659.0,R_100,836.69,0.16500000000002046,1,1.0
1785309660.0,R_100,836.69,0.0,0,1.0
1785309661.0,R_100,836.59,0.05000000000001137,-1,1.0
1785309662.0,R_100,836.52,0.03500000000002501,-1,1.0
1785309663.0,R_100,836.59,0.03500000000002501,1,1.0
1785309664.0,R_100,836.76,0.08499999999997954,1,1.0
1785309665.0,R_100,836.71,0.024999999999977263,-1,1.0
1785309666.0,R_100,836.67,0.020000000000038654,-1,1.0
1785309667.0,R_100,836.67,0.0,0,1.0
1785309668.0,R_100,836.8,0.06499999999999773,1,1.0
1785309669.0,R_100,836.58,0.1099999999999568,-1,1.0
1785309670.0,R_100,836.58,0.0,0,1.0
1785309671.0,R_100,836.63,0.024999999999977263,1,1.0
1785309672.0,R_100,836.92,0.1449999999999818,1,1.0
1785309673.0,R_100,836.74,0.08999999999997499,-1,1.0
1785309674.0,R_100,836.82,0.040000000000020464,1,1.0
1785309675.0,R_100,836.85,0.014999999999986358,1,1.0
1785309676.0,R_100,836.93,0.03999999999996362,1,1.0
1785309677.0,R_100,836.98,0.025000000000034106,1,1.0
1785309678.0,R_100,837.14,0.07999999999998408,1,1.0
1785309679.0,R_100,837.27,0.06499999999999773,1,1.0
1785309680.0,R_100,837.24,0.014999999999986358,-1,1.0
1785309681.0,R_100,837.09,0.07499999999998863,-1,1.0
1785309682.0,R_100,836.86,0.1150000000000091,-1,1.0
1785309683.0,R_100,836.9,0.01999999999998181,1,1.0
1785309684.0,R_100,836.92,0.009999999999990905,1,1.0
1785309685.0,R_100,836.94,0.010000000000047748,1,1.0
1785309686.0,R_100,837.1,0.07999999999998408,1,1.0
1785309687.0,R_100,836.86,0.12000000000000455,-1,1.0
1785309688.0,R_100,836.71,0.07499999999998863,-1,1.0
1785309689.0,R_100,836.76,0.024999999999977263,1,1.0
1785309690.0,R_100,836.8,0.01999999999998181,1,1.0
1785309691.0,R_100,836.66,0.06999999999999318,-1,1.0
1785309692.0,R_100,836.75,0.045000000000015916,1,1.0
1785309693.0,R_100,836.69,0.029999999999972715,-1,1.0
1785309694.0,R_100,836.53,0.08000000000004093,-1,1.0
1785309695.0,R_100,836.66,0.06499999999999773,1,1.0
1785309696.0,R_100,836.53,0.06499999999999773,-1,1.0
1785309697.0,R_100,836.67,0.06999999999999318,1,1.0
1785309698.0,R_100,836.64,0.014999999999986358,-1,1.0
1785309699.0,R_100,836.5,0.06999999999999318,-1,1.0
1785309700.0,R_100,836.58,0.040000000000020464,1,1.0
1785309701.0,R_100,836.52,0.03000000000002956,-1,1.0
1785309702.0,R_100,836.51,0.0049999999999954525,-1,1.0
1785309703.0,R_100,836.59,0.040000000000020464,1,1.0
1785309704.0,R_100,836.61,0.009999999999990905,1,1.0
1785309705.0,R_100,836.64,0.014999999999986358,1,1.0
1785309706.0,R_100,836.65,0.0049999999999954525,1,1.0
1785309707.0,R_100,836.75,0.05000000000001137,1,1.0
1785309708.0,R_100,836.43,0.160000000000025,-1,1.0
1785309709.0,R_100,836.34,0.04499999999995907,-1,1.0
1785309710.0,R_100,836.34,0.0,0,1.0
1785309711.0,R_100,836.37,0.014999999999986358,1,1.0
1785309712.0,R_100,836.08,0.1449999999999818,-1,1.0
1785309713.0,R_100,836.15,0.03499999999996817,1,1.0
1785309714.0,R_100,836.22,0.03500000000002501,1,1.0
1785309715.0,R_100,836.24,0.009999999999990905,1,1.0
1785309716.0,R_100,836.3,0.029999999999972715,1,1.0
1785309717.0,R_100,836.56,0.12999999999999545,1,1.0
1785309718.0,R_100,836.37,0.09499999999997044,-1,1.0
1785309719.0,R_100,836.12,0.125,-1,1.0
1785309720.0,R_100,835.97,0.07499999999998863,-1,1.0
1785309721.0,R_100,835.97,0.0,0,1.0
1785309722.0,R_100,836.17,0.0999999999999659,1,1.0
1785309723.0,R_100,836.12,0.024999999999977263,-1,1.0
1785309724.0,R_100,835.98,0.06999999999999318,-1,1.0
1785309725.0,R_100,836.17,0.09499999999997044,1,1.0
1785309726.0,R_100,836.03,0.06999999999999318,-1,1.0
1785309727.0,R_100,836.16,0.06499999999999773,1,1.0
1785309728.0,R_100,836.0,0.07999999999998408,-1,1.0
1785309729.0,R_100,836.02,0.009999999999990905,1,1.0
1785309730.0,R_100,835.96,0.029999999999972715,-1,1.0
1785309731.0,R_100,835.82,0.06999999999999318,-1,1.0
1785309732.0,R_100,835.63,0.09500000000002728,-1,1.0
1785309733.0,R_100,835.62,0.0049999999999954525,-1,1.0
1785309734.0,R_100,835.71,0.045000000000015916,1,1.0
1785309735.0,R_100,835.58,0.06499999999999773,-1,1.0
1785309736.0,R_100,835.33,0.125,-1,1.0
1785309737.0,R_100,835.31,0.010000000000047748,-1,1.0
1785309738.0,R_100,835.3,0.0049999999999954525,-1,1.0
1785309739.0,R_100,835.58,0.1400000000000432,1,1.0
1785309740.0,R_100,835.43,0.07500000000004547,-1,1.0
1785309741.0,R_100,835.06,0.18500000000000227,-1,1.0
1785309742.0,R_100,834.97,0.04499999999995907,-1,1.0
1785309743.0,R_100,835.1,0.06499999999999773,1,1.0
1785309744.0,R_100,834.7,0.19999999999998863,-1,1.0
1785309745.0,R_100,834.67,0.015000000000043201,-1,1.0
1785309746.0,R_100,834.78,0.05500000000000682,1,1.0
1785309747.0,R_100,834.61,0.08499999999997954,-1,1.0
1785309748.0,R_100,834.63,0.009999999999990905,1,1.0
1785309749.0,R_100,834.71,0.040000000000020464,1,1.0
1785309750.0,R_100,834.91,0.0999999999999659,1,1.0
1785309751.0,R_100,834.96,0.025000000000034106,1,1.0
1785309752.0,R_100,834.7,0.12999999999999545,-1,1.0
1785309753.0,R_100,834.58,0.060000000000002274,-1,1.0
1785309754.0,R_100,834.51,0.03500000000002501,-1,1.0
1785309755.0,R_100,834.65,0.06999999999999318,1,1.0
1785309756.0,R_100,834.64,0.0049999999999954525,-1,1.0
1785309757.0,R_100,834.6,0.01999999999998181,-1,1.0
1785309758.0,R_100,834.66,0.029999999999972715,1,1.0
1785309759.0,R_100,834.66,0.0,0,1.0
1785309760.0,R_100,834.67,0.0049999999999954525,1,1.0
1785309761.0,R_100,834.67,0.0,0,1.0
1785309762.0,R_100,834.49,0.08999999999997499,-1,1.0
1785309763.0,R_100,834.71,0.11000000000001364,1,1.0
1785309764.0,R_100,834.5,0.10500000000001819,-1,1.0
1785309765.0,R_100,834.62,0.060000000000002274,1,1.0
1785309766.0,R_100,834.4,0.11000000000001364,-1,1.0
1785309767.0,R_100,834.39,0.0049999999999954525,-1,1.0
1785309768.0,R_100,834.55,0.07999999999998408,1,1.0
1785309769.0,R_100,834.4,0.07499999999998863,-1,1.0
1785309770.0,R_100,834.48,0.040000000000020464,1,1.0
1785309771.0,R_100,834.69,0.10500000000001819,1,1.0
1785309772.0,R_100,834.66,0.015000000000043201,-1,1.0
1785309773.0,R_100,834.61,0.024999999999977263,-1,1.0
1785309774.0,R_100,834.44,0.08499999999997954,-1,1.0
1785309775.0,R_100,834.55,0.05499999999994998,1,1.0
1785309776.0,R_100,834.35,0.0999999999999659,-1,1.0
1785309777.0,R_100,834.27,0.040000000000020464,-1,1.0
1785309778.0,R_100,834.37,0.05000000000001137,1,1.0
1785309779.0,R_100,834.39,0.009999999999990905,1,1.0
1785309780.0,R_100,834.34,0.024999999999977263,-1,1.0
1785309781.0,R_100,834.65,0.15499999999997272,1,1.0
1785309782.0,R_100,834.7,0.025000000000034106,1,1.0
1785309783.0,R_100,834.57,0.06499999999999773,-1,1.0
1785309784.0,R_100,834.7,0.06499999999999773,1,1.0
1785309785.0,R_100,834.63,0.03500000000002501,-1,1.0
1785309786.0,R_100,834.42,0.10500000000001819,-1,1.0
1785309787.0,R_100,834.61,0.09500000000002728,1,1.0
1785309788.0,R_100,834.82,0.10500000000001819,1,1.0
1785309789.0,R_100,834.54,0.1400000000000432,-1,1.0
1785309790.0,R_100,834.68,0.06999999999999318,1,1.0
1785309791.0,R_100,834.68,0.0,0,1.0
1785309792.0,R_100,834.79,0.05500000000000682,1,1.0
1785309793.0,R_100,835.04,0.125,1,1.0
1785309794.0,R_100,834.87,0.08499999999997954,-1,1.0
1785309795.0,R_100,834.85,0.009999999999990905,-1,1.0
1785309796.0,R_100,834.81,0.020000000000038654,-1,1.0
1785309797.0,R_100,834.75,0.029999999999972715,-1,1.0
1785309798.0,R_100,834.85,0.05000000000001137,1,1.0
1785309799.0,R_100,834.85,0.0,0,1.0
1785309800.0,R_100,834.85,0.0,0,1.0
1785309801.0,R_100,834.85,0.0,0,1.0
1785309802.0,R_100,834.71,0.06999999999999318,-1,1.0
1785309803.0,R_100,834.67,0.020000000000038654,-1,1.0
1785309804.0,R_100,834.47,0.0999999999999659,-1,1.0
1785309805.0,R_100,834.6,0.06499999999999773,1,1.0
1785309806.0,R_100,834.93,0.16499999999996362,1,1.0
1785309807.0,R_100,835.45,0.26000000000004775,1,1.0
1785309808.0,R_100,835.45,0.0,0,1.0
1785309809.0,R_100,835.54,0.04499999999995907,1,1.0
1785309810.0,R_100,835.67,0.06499999999999773,1,1.0
1785309811.0,R_100,835.31,0.18000000000000682,-1,1.0
1785309812.0,R_100,835.4,0.045000000000015916,1,1.0
1785309813.0,R_100,835.65,0.125,1,1.0
1785309814.0,R_100,835.69,0.020000000000038654,1,1.0
1785309815.0,R_100,835.62,0.03500000000002501,-1,1.0
1785309816.0,R_100,835.52,0.05000000000001137,-1,1.0
1785309817.0,R_100,835.4,0.060000000000002274,-1,1.0
1785309818.0,R_100,835.36,0.01999999999998181,-1,1.0
1785309819.0,R_100,835.54,0.08999999999997499,1,1.0
1785309820.0,R_100,835.45,0.04499999999995907,-1,1.0
1785309821.0,R_100,835.42,0.015000000000043201,-1,1.0
1785309822.0,R_100,835.56,0.06999999999999318,1,1.0
1785309823.0,R_100,835.68,0.060000000000002274,1,1.0
1785309824.0,R_100,835.66,0.009999999999990905,-1,1.0
1785309825.0,R_100,835.92,0.12999999999999545,1,1.0
1785309826.0,R_100,835.83,0.04499999999995907,-1,1.0
1785309827.0,R_100,835.73,0.05000000000001137,-1,1.0
1785309828.0,R_100,836.0,0.1349999999999909,1,1.0
1785309829.0,R_100,836.09,0.045000000000015916,1,1.0
1785309830.0,R_100,836.15,0.029999999999972715,1,1.0
1785309831.0,R_100,836.24,0.045000000000015916,1,1.0
1785309832.0,R_100,836.11,0.06499999999999773,-1,1.0
1785309833.0,R_100,836.17,0.029999999999972715,1,1.0
1785309834.0,R_100,836.31,0.06999999999999318,1,1.0
1785309835.0,R_100,836.25,0.029999999999972715,-1,1.0
1785309836.0,R_100,836.1,0.07499999999998863,-1,1.0
1785309837.0,R_100,835.99,0.05500000000000682,-1,1.0
1785309838.0,R_100,836.09,0.05000000000001137,1,1.0
1785309839.0,R_100,836.21,0.060000000000002274,1,1.0
1785309840.0,R_100,836.27,0.029999999999972715,1,1.0
1785309841.0,R_100,836.61,0.17000000000001592,1,1.0
1785309842.0,R_100,836.56,0.025000000000034106,-1,1.0
1785309843.0,R_100,836.83,0.13500000000004775,1,1.0
1785309844.0,R_100,836.62,0.10500000000001819,-1,1.0
1785309845.0,R_100,836.62,0.0,0,1.0
1785309846.0,R_100,836.54,0.040000000000020464,-1,1.0
1785309847.0,R_100,836.57,0.015000000000043201,1,1.0
1785309848.0,R_100,836.48,0.045000000000015916,-1,1.0
1785309849.0,R_100,836.5,0.009999999999990905,1,1.0
1785309850.0,R_100,836.46,0.01999999999998181,-1,1.0
1785309851.0,R_100,836.32,0.06999999999999318,-1,1.0
1785309852.0,R_100,836.47,0.07499999999998863,1,1.0
1785309853.0,R_100,836.6,0.06499999999999773,1,1.0
1785309854.0,R_100,836.45,0.07499999999998863,-1,1.0
1785309855.0,R_100,836.36,0.045000000000015916,-1,1.0
1785309856.0,R_100,836.6,0.12000000000000455,1,1.0
1785309857.0,R_100,836.51,0.045000000000015916,-1,1.0
1785309858.0,R_100,836.65,0.06999999999999318,1,1.0
1785309859.0,R_100,836.83,0.09000000000003183,1,1.0
1785309860.0,R_100,836.87,0.01999999999998181,1,1.0
1785309861.0,R_100,836.85,0.009999999999990905,-1,1.0
1785309862.0,R_100,836.93,0.03999999999996362,1,1.0
1785309863.0,R_100,836.86,0.03499999999996817,-1,1.0
1785309864.0,R_100,836.78,0.040000000000020464,-1,1.0
1785309865.0,R_100,836.98,0.10000000000002274,1,1.0
1785309866.0,R_100,837.08,0.05000000000001137,1,1.0
1785309867.0,R_100,837.18,0.049999999999954525,1,1.0
1785309868.0,R_100,837.2,0.010000000000047748,1,1.0
1785309869.0,R_100,837.44,0.12000000000000455,1,1.0
1785309870.0,R_100,837.3,0.07000000000005002,-1,1.0
1785309871.0,R_100,837.34,0.020000000000038654,1,1.0
1785309872.0,R_100,837.34,0.0,0,1.0
1785309873.0,R_100,837.38,0.01999999999998181,1,1.0
1785309874.0,R_100,837.4,0.009999999999990905,1,1.0
1785309875.0,R_100,837.44,0.020000000000038654,1,1.0
1785309876.0,R_100,837.55,0.05499999999994998,1,1.0
1785309877.0,R_100,837.34,0.10499999999996135,-1,1.0
1785309878.0,R_100,837.38,0.01999999999998181,1,1.0
1785309879.0,R_100,837.48,0.05000000000001137,1,1.0
1785309880.0,R_100,837.36,0.060000000000002274,-1,1.0
1785309881.0,R_100,837.23,0.06499999999999773,-1,1.0
1785309882.0,R_100,837.05,0.09000000000003183,-1,1.0
1785309883.0,R_100,837.11,0.03000000000002956,1,1.0
1785309884.0,R_100,836.83,0.13999999999998636,-1,1.0
1785309885.0,R_100,836.81,0.010000000000047748,-1,1.0
1785309886.0,R_100,836.93,0.060000000000002274,1,1.0
1785309887.0,R_100,837.04,0.05500000000000682,1,1.0
1785309888.0,R_100,837.38,0.17000000000001592,1,1.0
1785309889.0,R_100,837.59,0.10500000000001819,1,1.0
1785309890.0,R_100,837.45,0.06999999999999318,-1,1.0
1785309891.0,R_100,837.57,0.060000000000002274,1,1.0
1785309892.0,R_100,837.93,0.17999999999994998,1,1.0
1785309893.0,R_100,838.11,0.09000000000003183,1,1.0
1785309894.0,R_100,837.85,0.12999999999999545,-1,1.0
1785309895.0,R_100,837.58,0.1349999999999909,-1,1.0
1785309896.0,R_100,837.54,0.020000000000038654,-1,1.0
1785309897.0,R_100,837.26,0.13999999999998636,-1,1.0
1785309898.0,R_100,837.22,0.01999999999998181,-1,1.0
1785309899.0,R_100,837.28,0.029999999999972715,1,1.0
1785309900.0,R_100,837.39,0.05500000000000682,1,1.0
1785309901.0,R_100,837.34,0.024999999999977263,-1,1.0
1785309902.0,R_100,837.51,0.08499999999997954,1,1.0
1785309903.0,R_100,837.71,0.10000000000002274,1,1.0
1785309904.0,R_100,837.73,0.009999999999990905,1,1.0
1785309905.0,R_100,837.7,0.014999999999986358,-1,1.0
1785309906.0,R_100,837.85,0.07499999999998863,1,1.0
1785309907.0,R_100,837.68,0.08500000000003638,-1,1.0
1785309908.0,R_100,837.64,0.01999999999998181,-1,1.0
1785309909.0,R_100,837.55,0.045000000000015916,-1,1.0
1785309910.0,R_100,837.7,0.07500000000004547,1,1.0
1785309911.0,R_100,837.63,0.03500000000002501,-1,1.0
1785309912.0,R_100,837.61,0.009999999999990905,-1,1.0
1785309913.0,R_100,837.66,0.024999999999977263,1,1.0
1785309914.0,R_100,837.83,0.08500000000003638,1,1.0
1785309915.0,R_100,837.63,0.10000000000002274,-1,1.0
1785309916.0,R_100,837.65,0.009999999999990905,1,1.0
1785309917.0,R_100,837.69,0.020000000000038654,1,1.0
1785309918.0,R_100,837.79,0.049999999999954525,1,1.0
1785309919.0,R_100,838.06,0.1349999999999909,1,1.0
1785309920.0,R_100,837.86,0.0999999999999659,-1,1.0
1785309921.0,R_100,837.98,0.060000000000002274,1,1.0
1785309922.0,R_100,837.91,0.03500000000002501,-1,1.0
1785309923.0,R_100,837.83,0.03999999999996362,-1,1.0
1785309924.0,R_100,837.89,0.029999999999972715,1,1.0
1785309925.0,R_100,837.63,0.12999999999999545,-1,1.0
1785309926.0,R_100,837.73,0.05000000000001137,1,1.0
1785309927.0,R_100,837.61,0.060000000000002274,-1,1.0
1785309928.0,R_100,837.69,0.040000000000020464,1,1.0
1785309929.0,R_100,837.68,0.005000000000052296,-1,1.0
1785309930.0,R_100,837.54,0.06999999999999318,-1,1.0
1785309931.0,R_100,837.16,0.18999999999999773,-1,1.0
1785309932.0,R_100,837.17,0.0049999999999954525,1,1.0
1785309933.0,R_100,837.09,0.03999999999996362,-1,1.0
1785309934.0,R_100,837.32,0.1150000000000091,1,1.0
1785309935.0,R_100,837.39,0.03499999999996817,1,1.0
1785309936.0,R_100,837.5,0.05500000000000682,1,1.0
1785309937.0,R_100,837.31,0.09500000000002728,-1,1.0
1785309938.0,R_100,837.38,0.03500000000002501,1,1.0
1785309939.0,R_100,837.53,0.07499999999998863,1,1.0
1785309940.0,R_100,837.74,0.10500000000001819,1,1.0
1785309941.0,R_100,837.54,0.10000000000002274,-1,1.0
1785309942.0,R_100,837.62,0.040000000000020464,1,1.0
1785309943.0,R_100,837.66,0.01999999999998181,1,1.0
1785309944.0,R_100,837.64,0.009999999999990905,-1,1.0
1785309945.0,R_100,837.52,0.060000000000002274,-1,1.0
1785309946.0,R_100,837.68,0.07999999999998408,1,1.0
1785309947.0,R_100,837.62,0.029999999999972715,-1,1.0
1785309948.0,R_100,837.74,0.060000000000002274,1,1.0
1785309949.0,R_100,837.49,0.125,-1,1.0
1785309950.0,R_100,837.27,0.11000000000001364,-1,1.0
1785309951.0,R_100,837.29,0.009999999999990905,1,1.0
1785309952.0,R_100,837.24,0.024999999999977263,-1,1.0
1785309953.0,R_100,837.13,0.05500000000000682,-1,1.0
1785309954.0,R_100,837.1,0.014999999999986358,-1,1.0
1785309955.0,R_100,837.28,0.08999999999997499,1,1.0
1785309956.0,R_100,837.43,0.07499999999998863,1,1.0
1785309957.0,R_100,837.66,0.1150000000000091,1,1.0
1785309958.0,R_100,837.53,0.06499999999999773,-1,1.0
1785309959.0,R_100,837.28,0.125,-1,1.0
1785309960.0,R_100,837.2,0.03999999999996362,-1,1.0
1785309961.0,R_100,837.1,0.05000000000001137,-1,1.0
1785309962.0,R_100,836.9,0.10000000000002274,-1,1.0
1785309963.0,R_100,837.09,0.09500000000002728,1,1.0
1785309964.0,R_100,837.2,0.05500000000000682,1,1.0
1785309965.0,R_100,837.18,0.010000000000047748,-1,1.0
1785309966.0,R_100,837.03,0.07499999999998863,-1,1.0
1785309967.0,R_100,837.23,0.10000000000002274,1,1.0
1785309968.0,R_100,837.22,0.0049999999999954525,-1,1.0
1785309969.0,R_100,837.39,0.08499999999997954,1,1.0
1785309970.0,R_100,837.16,0.1150000000000091,-1,1.0
1785309971.0,R_100,836.96,0.0999999999999659,-1,1.0
1785309972.0,R_100,837.12,0.07999999999998408,1,1.0
1785309973.0,R_100,836.97,0.07499999999998863,-1,1.0
1785309974.0,R_100,836.91,0.03000000000002956,-1,1.0
1785309975.0,R_100,837.06,0.07499999999998863,1,1.0
1785309976.0,R_100,836.93,0.06499999999999773,-1,1.0
1785309977.0,R_100,836.84,0.04499999999995907,-1,1.0
1785309978.0,R_100,836.87,0.014999999999986358,1,1.0
1785309979.0,R_100,836.84,0.014999999999986358,-1,1.0
1785309980.0,R_100,836.84,0.0,0,1.0
1785309981.0,R_100,836.65,0.09500000000002728,-1,1.0
1785309982.0,R_100,836.81,0.07999999999998408,1,1.0
1785309983.0,R_100,836.95,0.07000000000005002,1,1.0
1785309984.0,R_100,836.93,0.010000000000047748,-1,1.0
1785309985.0,R_100,836.89,0.01999999999998181,-1,1.0
1785309986.0,R_100,836.96,0.03500000000002501,1,1.0
1785309987.0,R_100,836.82,0.06999999999999318,-1,1.0
1785309988.0,R_100,836.89,0.03499999999996817,1,1.0
1785309989.0,R_100,836.96,0.03500000000002501,1,1.0
1785309990.0,R_100,837.12,0.07999999999998408,1,1.0
1785309991.0,R_100,836.96,0.07999999999998408,-1,1.0
1785309992.0,R_100,836.9,0.03000000000002956,-1,1.0
1785309993.0,R_100,837.0,0.05000000000001137,1,1.0
1785309994.0,R_100,836.98,0.009999999999990905,-1,1.0
1785309995.0,R_100,836.73,0.125,-1,1.0
1785309996.0,R_100,836.69,0.01999999999998181,-1,1.0
1785309997.0,R_100,836.7,0.0049999999999954525,1,1.0
1785309998.0,R_100,836.58,0.060000000000002274,-1,1.0
1785309999.0,R_100,836.43,0.07500000000004547,-1,1.0
1785310000.0,R_100,836.34,0.04499999999995907,-1,1.0
1785310001.0,R_100,836.51,0.08499999999997954,1,1.0
1785310002.0,R_100,836.27,0.12000000000000455,-1,1.0
1785310003.0,R_100,836.33,0.03000000000002956,1,1.0
1785310004.0,R_100,836.23,0.05000000000001137,-1,1.0
1785310005.0,R_100,836.37,0.06999999999999318,1,1.0
1785310006.0,R_100,836.35,0.009999999999990905,-1,1.0
1785310007.0,R_100,836.22,0.06499999999999773,-1,1.0
1785310008.0,R_100,836.27,0.024999999999977263,1,1.0
1785310009.0,R_100,836.7,0.21500000000003183,1,1.0
1785310010.0,R_100,836.7,0.0,0,1.0
1785310011.0,R_100,836.5,0.10000000000002274,-1,1.0
1785310012.0,R_100,836.42,0.040000000000020464,-1,1.0
1785310013.0,R_100,836.5,0.040000000000020464,1,1.0
1785310014.0,R_100,836.35,0.07499999999998863,-1,1.0
1785310015.0,R_100,836.44,0.045000000000015916,1,1.0
1785310016.0,R_100,836.72,0.13999999999998636,1,1.0
1785310017.0,R_100,836.78,0.029999999999972715,1,1.0
1785310018.0,R_100,836.55,0.1150000000000091,-1,1.0
1785310019.0,R_100,836.66,0.05500000000000682,1,1.0
1785310020.0,R_100,836.73,0.03500000000002501,1,1.0
1785310021.0,R_100,836.73,0.0,0,1.0
1785310022.0,R_100,836.49,0.12000000000000455,-1,1.0
1785310023.0,R_100,836.59,0.05000000000001137,1,1.0
1785310024.0,R_100,836.68,0.04499999999995907,1,1.0
1785310025.0,R_100,836.65,0.014999999999986358,-1,1.0
1785310026.0,R_100,836.6,0.024999999999977263,-1,1.0
1785310027.0,R_100,836.89,0.1449999999999818,1,1.0
1785310028.0,R_100,836.95,0.03000000000002956,1,1.0
1785310029.0,R_100,836.9,0.025000000000034106,-1,1.0
1785310030.0,R_100,836.68,0.11000000000001364,-1,1.0
1785310031.0,R_100,836.71,0.015000000000043201,1,1.0
1785310032.0,R_100,836.5,0.10500000000001819,-1,1.0
1785310033.0,R_100,836.12,0.18999999999999773,-1,1.0
1785310034.0,R_100,835.99,0.06499999999999773,-1,1.0
1785310035.0,R_100,836.03,0.01999999999998181,1,1.0
1785310036.0,R_100,835.92,0.05500000000000682,-1,1.0
1785310037.0,R_100,835.88,0.01999999999998181,-1,1.0
1785310038.0,R_100,836.22,0.17000000000001592,1,1.0
1785310039.0,R_100,835.96,0.12999999999999545,-1,1.0
1785310040.0,R_100,836.0,0.01999999999998181,1,1.0
1785310041.0,R_100,836.26,0.12999999999999545,1,1.0
1785310042.0,R_100,836.51,0.125,1,1.0
1785310043.0,R_100,836.37,0.06999999999999318,-1,1.0
1785310044.0,R_100,836.43,0.029999999999972715,1,1.0
1785310045.0,R_100,836.51,0.040000000000020464,1,1.0
1785310046.0,R_100,836.53,0.009999999999990905,1,1.0
1785310047.0,R_100,836.51,0.009999999999990905,-1,1.0
1785310048.0,R_100,836.38,0.06499999999999773,-1,1.0
1785310049.0,R_100,836.47,0.045000000000015916,1,1.0
1785310050.0,R_100,836.59,0.060000000000002274,1,1.0
1785310051.0,R_100,836.69,0.05000000000001137,1,1.0
1785310052.0,R_100,836.86,0.08499999999997954,1,1.0
1785310053.0,R_100,837.0,0.06999999999999318,1,1.0
1785310054.0,R_100,836.97,0.014999999999986358,-1,1.0
1785310055.0,R_100,837.12,0.07499999999998863,1,1.0
1785310056.0,R_100,837.0,0.060000000000002274,-1,1.0
1785310057.0,R_100,837.23,0.1150000000000091,1,1.0
1785310058.0,R_100,837.41,0.08999999999997499,1,1.0
1785310059.0,R_100,837.22,0.09499999999997044,-1,1.0
1785310060.0,R_100,837.29,0.03499999999996817,1,1.0
1785310061.0,R_100,837.27,0.009999999999990905,-1,1.0
1785310062.0,R_100,837.31,0.01999999999998181,1,1.0
1785310063.0,R_100,837.37,0.03000000000002956,1,1.0
1785310064.0,R_100,837.48,0.05500000000000682,1,1.0
1785310065.0,R_100,837.7,0.11000000000001364,1,1.0
1785310066.0,R_100,837.92,0.1099999999999568,1,1.0
1785310067.0,R_100,837.87,0.024999999999977263,-1,1.0
1785310068.0,R_100,837.77,0.05000000000001137,-1,1.0
1785310069.0,R_100,837.6,0.08499999999997954,-1,1.0
1785310070.0,R_100,837.46,0.06999999999999318,-1,1.0
1785310071.0,R_100,837.62,0.07999999999998408,1,1.0
1785310072.0,R_100,837.51,0.05500000000000682,-1,1.0
1785310073.0,R_100,837.12,0.19499999999999318,-1,1.0
1785310074.0,R_100,837.09,0.014999999999986358,-1,1.0
1785310075.0,R_100,837.22,0.06499999999999773,1,1.0
1785310076.0,R_100,837.14,0.040000000000020464,-1,1.0
1785310077.0,R_100,837.18,0.01999999999998181,1,1.0
1785310078.0,R_100,837.18,0.0,0,1.0
1785310079.0,R_100,836.98,0.0999999999999659,-1,1.0
1785310080.0,R_100,837.06,0.03999999999996362,1,1.0
1785310081.0,R_100,837.21,0.07500000000004547,1,1.0
1785310082.0,R_100,837.28,0.03499999999996817,1,1.0
1785310083.0,R_100,837.17,0.05500000000000682,-1,1.0
1785310084.0,R_100,836.9,0.1349999999999909,-1,1.0
1785310085.0,R_100,836.93,0.014999999999986358,1,1.0
1785310086.0,R_100,836.99,0.03000000000002956,1,1.0
1785310087.0,R_100,837.02,0.014999999999986358,1,1.0
1785310088.0,R_100,837.08,0.03000000000002956,1,1.0
1785310089.0,R_100,837.14,0.029999999999972715,1,1.0
1785310090.0,R_100,837.08,0.029999999999972715,-1,1.0
1785310091.0,R_100,837.42,0.16999999999995907,1,1.0
1785310092.0,R_100,837.28,0.06999999999999318,-1,1.0
1785310093.0,R_100,837.64,0.18000000000000682,1,1.0
1785310094.0,R_100,837.59,0.024999999999977263,-1,1.0
1785310095.0,R_100,837.82,0.1150000000000091,1,1.0
1785310096.0,R_100,837.65,0.08500000000003638,-1,1.0
1785310097.0,R_100,837.78,0.06499999999999773,1,1.0
1785310098.0,R_100,837.91,0.06499999999999773,1,1.0
1785310099.0,R_100,837.96,0.025000000000034106,1,1.0
1785310100.0,R_100,837.94,0.009999999999990905,-1,1.0
1785310101.0,R_100,837.74,0.10000000000002274,-1,1.0
1785310102.0,R_100,837.65,0.045000000000015916,-1,1.0
1785310103.0,R_100,837.89,0.12000000000000455,1,1.0
1785310104.0,R_100,837.97,0.040000000000020464,1,1.0
1785310105.0,R_100,837.9,0.03500000000002501,-1,1.0
1785310106.0,R_100,837.8,0.05000000000001137,-1,1.0
1785310107.0,R_100,837.87,0.03500000000002501,1,1.0
1785310108.0,R_100,838.02,0.07499999999998863,1,1.0
1785310109.0,R_100,837.85,0.08499999999997954,-1,1.0
1785310110.0,R_100,837.6,0.125,-1,1.0
1785310111.0,R_100,837.61,0.0049999999999954525,1,1.0
1785310112.0,R_100,837.7,0.045000000000015916,1,1.0
1785310113.0,R_100,837.54,0.08000000000004093,-1,1.0
1785310114.0,R_100,837.39,0.07499999999998863,-1,1.0
1785310115.0,R_100,837.23,0.07999999999998408,-1,1.0
1785310116.0,R_100,837.17,0.03000000000002956,-1,1.0
1785310117.0,R_100,836.93,0.12000000000000455,-1,1.0
1785310118.0,R_100,836.77,0.07999999999998408,-1,1.0
1785310119.0,R_100,837.01,0.12000000000000455,1,1.0
1785310120.0,R_100,836.93,0.040000000000020464,-1,1.0
1785310121.0,R_100,837.19,0.1300000000000523,1,1.0
1785310122.0,R_100,837.02,0.08500000000003638,-1,1.0
1785310123.0,R_100,837.19,0.08500000000003638,1,1.0
1785310124.0,R_100,836.99,0.10000000000002274,-1,1.0
1785310125.0,R_100,836.98,0.0049999999999954525,-1,1.0
1785310126.0,R_100,836.72,0.12999999999999545,-1,1.0
1785310127.0,R_100,836.53,0.09500000000002728,-1,1.0
1785310128.0,R_100,836.3,0.1150000000000091,-1,1.0
1785310129.0,R_100,836.22,0.03999999999996362,-1,1.0
1785310130.0,R_100,836.25,0.014999999999986358,1,1.0
1785310131.0,R_100,836.24,0.0049999999999954525,-1,1.0
1785310132.0,R_100,836.22,0.009999999999990905,-1,1.0
1785310133.0,R_100,836.15,0.03500000000002501,-1,1.0
1785310134.0,R_100,836.16,0.0049999999999954525,1,1.0
1785310135.0,R_100,836.24,0.040000000000020464,1,1.0
1785310136.0,R_100,836.55,0.15499999999997272,1,1.0
1785310137.0,R_100,836.71,0.08000000000004093,1,1.0
1785310138.0,R_100,836.83,0.060000000000002274,1,1.0
1785310139.0,R_100,836.51,0.160000000000025,-1,1.0
1785310140.0,R_100,836.55,0.01999999999998181,1,1.0
1785310141.0,R_100,836.56,0.0049999999999954525,1,1.0
1785310142.0,R_100,836.54,0.009999999999990905,-1,1.0
1785310143.0,R_100,836.48,0.029999999999972715,-1,1.0
1785310144.0,R_100,836.63,0.07499999999998863,1,1.0
1785310145.0,R_100,836.7,0.03500000000002501,1,1.0
1785310146.0,R_100,836.66,0.020000000000038654,-1,1.0
1785310147.0,R_100,836.74,0.040000000000020464,1,1.0
1785310148.0,R_100,836.92,0.08999999999997499,1,1.0
1785310149.0,R_100,836.97,0.025000000000034106,1,1.0
1785310150.0,R_100,836.78,0.09500000000002728,-1,1.0
1785310151.0,R_100,836.71,0.03499999999996817,-1,1.0
1785310152.0,R_100,836.55,0.08000000000004093,-1,1.0
1785310153.0,R_100,836.71,0.08000000000004093,1,1.0
1785310154.0,R_100,836.85,0.06999999999999318,1,1.0
1785310155.0,R_100,836.84,0.0049999999999954525,-1,1.0
1785310156.0,R_100,836.84,0.0,0,1.0
1785310157.0,R_100,836.88,0.01999999999998181,1,1.0
1785310158.0,R_100,836.82,0.029999999999972715,-1,1.0
1785310159.0,R_100,836.87,0.024999999999977263,1,1.0
1785310160.0,R_100,836.87,0.0,0,1.0
1785310161.0,R_100,836.77,0.05000000000001137,-1,1.0
1785310162.0,R_100,836.58,0.09499999999997044,-1,1.0
1785310163.0,R_100,836.4,0.09000000000003183,-1,1.0
1785310164.0,R_100,836.3,0.05000000000001137,-1,1.0
1785310165.0,R_100,836.2,0.049999999999954525,-1,1.0
1785310166.0,R_100,836.35,0.07499999999998863,1,1.0
1785310167.0,R_100,836.43,0.03999999999996362,1,1.0
1785310168.0,R_100,836.32,0.05499999999994998,-1,1.0
1785310169.0,R_100,836.49,0.08499999999997954,1,1.0
1785310170.0,R_100,836.4,0.045000000000015916,-1,1.0
1785310171.0,R_100,836.1,0.14999999999997726,-1,1.0
1785310172.0,R_100,835.89,0.10500000000001819,-1,1.0
1785310173.0,R_100,835.95,0.03000000000002956,1,1.0
1785310174.0,R_100,835.74,0.10500000000001819,-1,1.0
1785310175.0,R_100,835.72,0.009999999999990905,-1,1.0
1785310176.0,R_100,835.85,0.06499999999999773,1,1.0
1785310177.0,R_100,835.94,0.045000000000015916,1,1.0
1785310178.0,R_100,836.0,0.029999999999972715,1,1.0
1785310179.0,R_100,835.95,0.024999999999977263,-1,1.0
1785310180.0,R_100,835.91,0.020000000000038654,-1,1.0
1785310181.0,R_100,835.76,0.07499999999998863,-1,1.0
1785310182.0,R_100,835.51,0.125,-1,1.0
1785310183.0,R_100,835.67,0.07999999999998408,1,1.0
1785310184.0,R_100,835.6,0.03499999999996817,-1,1.0
1785310185.0,R_100,835.47,0.06499999999999773,-1,1.0
1785310186.0,R_100,835.49,0.009999999999990905,1,1.0
1785310187.0,R_100,835.45,0.01999999999998181,-1,1.0
1785310188.0,R_100,835.46,0.0049999999999954525,1,1.0
1785310189.0,R_100,835.38,0.040000000000020464,-1,1.0
1785310190.0,R_100,835.35,0.014999999999986358,-1,1.0
1785310191.0,R_100,835.41,0.029999999999972715,1,1.0
1785310192.0,R_100,835.36,0.024999999999977263,-1,1.0
1785310193.0,R_100,835.49,0.06499999999999773,1,1.0
1785310194.0,R_100,835.44,0.024999999999977263,-1,1.0
1785310195.0,R_100,835.36,0.040000000000020464,-1,1.0
1785310196.0,R_100,835.54,0.08999999999997499,1,1.0
1785310197.0,R_100,835.31,0.1150000000000091,-1,1.0
1785310198.0,R_100,835.29,0.009999999999990905,-1,1.0
1785310199.0,R_100,835.44,0.07500000000004547,1,1.0
1785310200.0,R_100,835.42,0.010000000000047748,-1,1.0
1785310201.0,R_100,835.64,0.11000000000001364,1,1.0
1785310202.0,R_100,835.72,0.040000000000020464,1,1.0
1785310203.0,R_100,835.95,0.1150000000000091,1,1.0
1785310204.0,R_100,835.98,0.014999999999986358,1,1.0
1785310205.0,R_100,835.89,0.045000000000015916,-1,1.0
1785310206.0,R_100,835.8,0.045000000000015916,-1,1.0
1785310207.0,R_100,835.89,0.045000000000015916,1,1.0
1785310208.0,R_100,835.86,0.014999999999986358,-1,1.0
1785310209.0,R_100,835.96,0.05000000000001137,1,1.0
1785310210.0,R_100,835.73,0.1150000000000091,-1,1.0
1785310211.0,R_100,835.93,0.0999999999999659,1,1.0
1785310212.0,R_100,836.08,0.07500000000004547,1,1.0
1785310213.0,R_100,836.08,0.0,0,1.0
1785310214.0,R_100,836.31,0.11499999999995225,1,1.0
1785310215.0,R_100,836.14,0.08499999999997954,-1,1.0
1785310216.0,R_100,836.34,0.10000000000002274,1,1.0
1785310217.0,R_100,836.12,0.11000000000001364,-1,1.0
1785310218.0,R_100,836.06,0.03000000000002956,-1,1.0
1785310219.0,R_100,836.13,0.03500000000002501,1,1.0
1785310220.0,R_100,836.4,0.1349999999999909,1,1.0
1785310221.0,R_100,836.43,0.014999999999986358,1,1.0
1785310222.0,R_100,836.46,0.015000000000043201,1,1.0
1785310223.0,R_100,836.52,0.029999999999972715,1,1.0
1785310224.0,R_100,836.5,0.009999999999990905,-1,1.0
1785310225.0,R_100,836.77,0.1349999999999909,1,1.0
1785310226.0,R_100,836.72,0.024999999999977263,-1,1.0
1785310227.0,R_100,836.69,0.014999999999986358,-1,1.0
1785310228.0,R_100,836.83,0.06999999999999318,1,1.0
1785310229.0,R_100,836.35,0.2400000000000091,-1,1.0
1785310230.0,R_100,836.25,0.05000000000001137,-1,1.0
1785310231.0,R_100,836.48,0.1150000000000091,1,1.0
1785310232.0,R_100,836.57,0.045000000000015916,1,1.0
1785310233.0,R_100,836.73,0.07999999999998408,1,1.0
1785310234.0,R_100,836.74,0.0049999999999954525,1,1.0
1785310235.0,R_100,836.89,0.07499999999998863,1,1.0
1785310236.0,R_100,836.79,0.05000000000001137,-1,1.0
1785310237.0,R_100,836.72,0.03499999999996817,-1,1.0
1785310238.0,R_100,836.75,0.014999999999986358,1,1.0
1785310239.0,R_100,836.55,0.10000000000002274,-1,1.0
1785310240.0,R_100,836.47,0.03999999999996362,-1,1.0
1785310241.0,R_100,836.32,0.07499999999998863,-1,1.0
1785310242.0,R_100,836.31,0.005000000000052296,-1,1.0
1785310243.0,R_100,836.26,0.024999999999977263,-1,1.0
1785310244.0,R_100,836.3,0.01999999999998181,1,1.0
1785310245.0,R_100,835.95,0.17499999999995453,-1,1.0
1785310246.0,R_100,835.85,0.05000000000001137,-1,1.0
1785310247.0,R_100,835.63,0.11000000000001364,-1,1.0
1785310248.0,R_100,835.41,0.11000000000001364,-1,1.0
1785310249.0,R_100,835.43,0.009999999999990905,1,1.0
1785310250.0,R_100,835.44,0.005000000000052296,1,1.0
1785310251.0,R_100,835.22,0.11000000000001364,-1,1.0
1785310252.0,R_100,834.96,0.12999999999999545,-1,1.0
1785310253.0,R_100,835.15,0.09499999999997044,1,1.0
1785310254.0,R_100,834.96,0.09499999999997044,-1,1.0
1785310255.0,R_100,834.84,0.060000000000002274,-1,1.0
1785310256.0,R_100,835.0,0.07999999999998408,1,1.0
1785310257.0,R_100,835.15,0.07499999999998863,1,1.0
1785310258.0,R_100,835.02,0.06499999999999773,-1,1.0
1785310259.0,R_100,835.01,0.0049999999999954525,-1,1.0
1785310260.0,R_100,834.95,0.029999999999972715,-1,1.0
1785310261.0,R_100,834.74,0.10500000000001819,-1,1.0
1785310262.0,R_100,834.7,0.01999999999998181,-1,1.0
1785310263.0,R_100,834.96,0.12999999999999545,1,1.0
1785310264.0,R_100,835.28,0.15999999999996817,1,1.0
1785310265.0,R_100,835.36,0.040000000000020464,1,1.0
1785310266.0,R_100,835.07,0.1449999999999818,-1,1.0
1785310267.0,R_100,835.22,0.07499999999998863,1,1.0
1785310268.0,R_100,835.42,0.0999999999999659,1,1.0
1785310269.0,R_100,835.49,0.03500000000002501,1,1.0
1785310270.0,R_100,835.42,0.03500000000002501,-1,1.0
1785310271.0,R_100,835.53,0.05500000000000682,1,1.0
1785310272.0,R_100,835.54,0.0049999999999954525,1,1.0
1785310273.0,R_100,835.7,0.08000000000004093,1,1.0
1785310274.0,R_100,835.43,0.13500000000004775,-1,1.0
1785310275.0,R_100,835.16,0.1349999999999909,-1,1.0
1785310276.0,R_100,835.08,0.03999999999996362,-1,1.0
1785310277.0,R_100,834.94,0.06999999999999318,-1,1.0
1785310278.0,R_100,834.83,0.05500000000000682,-1,1.0
1785310279.0,R_100,834.84,0.0049999999999954525,1,1.0
1785310280.0,R_100,834.76,0.040000000000020464,-1,1.0
1785310281.0,R_100,834.36,0.19999999999998863,-1,1.0
1785310282.0,R_100,834.23,0.06499999999999773,-1,1.0
1785310283.0,R_100,834.14,0.045000000000015916,-1,1.0
1785310284.0,R_100,833.9,0.12000000000000455,-1,1.0
1785310285.0,R_100,833.93,0.014999999999986358,1,1.0
1785310286.0,R_100,833.95,0.010000000000047748,1,1.0
1785310287.0,R_100,833.88,0.03500000000002501,-1,1.0
1785310288.0,R_100,833.87,0.0049999999999954525,-1,1.0
1785310289.0,R_100,833.67,0.10000000000002274,-1,1.0
1785310290.0,R_100,833.62,0.024999999999977263,-1,1.0
1785310291.0,R_100,833.8,0.08999999999997499,1,1.0
1785310292.0,R_100,833.85,0.025000000000034106,1,1.0
1785310293.0,R_100,834.0,0.07499999999998863,1,1.0
1785310294.0,R_100,833.83,0.08499999999997954,-1,1.0
1785310295.0,R_100,833.73,0.05000000000001137,-1,1.0
1785310296.0,R_100,833.41,0.160000000000025,-1,1.0
1785310297.0,R_100,833.13,0.13999999999998636,-1,1.0
1785310298.0,R_100,833.08,0.024999999999977263,-1,1.0
1785310299.0,R_100,833.37,0.1449999999999818,1,1.0
1785310300.0,R_100,833.3,0.03500000000002501,-1,1.0
1785310301.0,R_100,833.36,0.03000000000002956,1,1.0
1785310302.0,R_100,833.15,0.10500000000001819,-1,1.0
1785310303.0,R_100,833.29,0.06999999999999318,1,1.0
1785310304.0,R_100,833.37,0.040000000000020464,1,1.0
1785310305.0,R_100,833.56,0.09499999999997044,1,1.0
1785310306.0,R_100,833.61,0.025000000000034106,1,1.0
1785310307.0,R_100,833.85,0.12000000000000455,1,1.0
1785310308.0,R_100,833.99,0.06999999999999318,1,1.0
1785310309.0,R_100,833.8,0.09500000000002728,-1,1.0
1785310310.0,R_100,833.64,0.07999999999998408,-1,1.0
1785310311.0,R_100,833.44,0.0999999999999659,-1,1.0
1785310312.0,R_100,833.3,0.07000000000005002,-1,1.0
1785310313.0,R_100,833.35,0.025000000000034106,1,1.0
1785310314.0,R_100,833.31,0.020000000000038654,-1,1.0
1785310315.0,R_100,833.24,0.03499999999996817,-1,1.0
1785310316.0,R_100,833.48,0.12000000000000455,1,1.0
1785310317.0,R_100,833.45,0.014999999999986358,-1,1.0
1785310318.0,R_100,833.25,0.10000000000002274,-1,1.0
1785310319.0,R_100,833.33,0.040000000000020464,1,1.0
1785310320.0,R_100,833.45,0.060000000000002274,1,1.0
1785310321.0,R_100,833.36,0.045000000000015916,-1,1.0
1785310322.0,R_100,833.37,0.0049999999999954525,1,1.0
1785310323.0,R_100,833.25,0.060000000000002274,-1,1.0
1785310324.0,R_100,833.36,0.05500000000000682,1,1.0
1785310325.0,R_100,833.29,0.03500000000002501,-1,1.0
1785310326.0,R_100,833.15,0.06999999999999318,-1,1.0
1785310327.0,R_100,833.3,0.07499999999998863,1,1.0
1785310328.0,R_100,833.46,0.08000000000004093,1,1.0
1785310329.0,R_100,833.4,0.03000000000002956,-1,1.0
1785310330.0,R_100,833.28,0.060000000000002274,-1,1.0
1785310331.0,R_100,832.91,0.18500000000000227,-1,1.0
1785310332.0,R_100,832.89,0.009999999999990905,-1,1.0
1785310333.0,R_100,832.96,0.03500000000002501,1,1.0
1785310334.0,R_100,832.89,0.03500000000002501,-1,1.0
1785310335.0,R_100,832.87,0.009999999999990905,-1,1.0
1785310336.0,R_100,832.89,0.009999999999990905,1,1.0
1785310337.0,R_100,832.99,0.05000000000001137,1,1.0
1785310338.0,R_100,833.05,0.029999999999972715,1,1.0
1785310339.0,R_100,833.0,0.024999999999977263,-1,1.0
1785310340.0,R_100,832.78,0.11000000000001364,-1,1.0
1785310341.0,R_100,832.77,0.0049999999999954525,-1,1.0
1785310342.0,R_100,832.76,0.0049999999999954525,-1,1.0
1785310343.0,R_100,832.81,0.024999999999977263,1,1.0
1785310344.0,R_100,832.8,0.0049999999999954525,-1,1.0
1785310345.0,R_100,832.85,0.025000000000034106,1,1.0
1785310346.0,R_100,832.78,0.03500000000002501,-1,1.0
1785310347.0,R_100,832.94,0.08000000000004093,1,1.0
1785310348.0,R_100,832.93,0.005000000000052296,-1,1.0
1785310349.0,R_100,833.12,0.09500000000002728,1,1.0
1785310350.0,R_100,833.1,0.009999999999990905,-1,1.0
1785310351.0,R_100,833.08,0.009999999999990905,-1,1.0
1785310352.0,R_100,833.05,0.015000000000043201,-1,1.0
1785310353.0,R_100,832.9,0.07499999999998863,-1,1.0
1785310354.0,R_100,832.91,0.0049999999999954525,1,1.0
1785310355.0,R_100,832.98,0.03500000000002501,1,1.0
1785310356.0,R_100,833.15,0.08499999999997954,1,1.0
1785310357.0,R_100,833.22,0.03500000000002501,1,1.0
1785310358.0,R_100,833.04,0.09000000000003183,-1,1.0
1785310359.0,R_100,832.89,0.07499999999998863,-1,1.0
1785310360.0,R_100,832.7,0.09499999999997044,-1,1.0
1785310361.0,R_100,832.6,0.05000000000001137,-1,1.0
1785310362.0,R_100,832.55,0.025000000000034106,-1,1.0
1785310363.0,R_100,832.56,0.0049999999999954525,1,1.0
1785310364.0,R_100,832.62,0.03000000000002956,1,1.0
1785310365.0,R_100,832.55,0.03500000000002501,-1,1.0
1785310366.0,R_100,832.58,0.015000000000043201,1,1.0
1785310367.0,R_100,832.38,0.10000000000002274,-1,1.0
1785310368.0,R_100,832.55,0.08499999999997954,1,1.0
1785310369.0,R_100,832.6,0.025000000000034106,1,1.0
1785310370.0,R_100,832.49,0.05500000000000682,-1,1.0
1785310371.0,R_100,832.37,0.060000000000002274,-1,1.0
1785310372.0,R_100,832.41,0.01999999999998181,1,1.0
1785310373.0,R_100,832.65,0.12000000000000455,1,1.0
1785310374.0,R_100,832.49,0.07999999999998408,-1,1.0
1785310375.0,R_100,832.24,0.125,-1,1.0
1785310376.0,R_100,832.33,0.045000000000015916,1,1.0
1785310377.0,R_100,831.97,0.18000000000000682,-1,1.0
1785310378.0,R_100,832.05,0.03999999999996362,1,1.0
1785310379.0,R_100,831.97,0.03999999999996362,-1,1.0
1785310380.0,R_100,832.1,0.06499999999999773,1,1.0
1785310381.0,R_100,832.09,0.0049999999999954525,-1,1.0
1785310382.0,R_100,832.28,0.09499999999997044,1,1.0
1785310383.0,R_100,832.28,0.0,0,1.0
1785310384.0,R_100,832.09,0.09499999999997044,-1,1.0
1785310385.0,R_100,832.12,0.014999999999986358,1,1.0
1785310386.0,R_100,832.17,0.024999999999977263,1,1.0
1785310387.0,R_100,831.94,0.11499999999995225,-1,1.0
1785310388.0,R_100,832.01,0.03499999999996817,1,1.0
1785310389.0,R_100,831.83,0.08999999999997499,-1,1.0
1785310390.0,R_100,831.9,0.03499999999996817,1,1.0
1785310391.0,R_100,831.99,0.045000000000015916,1,1.0
1785310392.0,R_100,832.09,0.05000000000001137,1,1.0
1785310393.0,R_100,832.15,0.029999999999972715,1,1.0
1785310394.0,R_100,832.09,0.029999999999972715,-1,1.0
1785310395.0,R_100,832.08,0.0049999999999954525,-1,1.0
1785310396.0,R_100,831.98,0.05000000000001137,-1,1.0
1785310397.0,R_100,831.92,0.03000000000002956,-1,1.0
1785310398.0,R_100,831.79,0.06499999999999773,-1,1.0
1785310399.0,R_100,831.53,0.12999999999999545,-1,1.0
1785310400.0,R_100,831.66,0.06499999999999773,1,1.0
1785310401.0,R_100,831.61,0.024999999999977263,-1,1.0
1785310402.0,R_100,831.3,0.15500000000002956,-1,1.0
1785310403.0,R_100,831.54,0.12000000000000455,1,1.0
1785310404.0,R_100,831.42,0.060000000000002274,-1,1.0
1785310405.0,R_100,831.5,0.040000000000020464,1,1.0
1785310406.0,R_100,831.39,0.05500000000000682,-1,1.0
1785310407.0,R_100,831.33,0.029999999999972715,-1,1.0
1785310408.0,R_100,831.24,0.045000000000015916,-1,1.0
1785310409.0,R_100,831.07,0.08499999999997954,-1,1.0
1785310410.0,R_100,831.35,0.13999999999998636,1,1.0
1785310411.0,R_100,831.36,0.0049999999999954525,1,1.0
1785310412.0,R_100,831.47,0.05500000000000682,1,1.0
1785310413.0,R_100,831.26,0.10500000000001819,-1,1.0
1785310414.0,R_100,831.04,0.11000000000001364,-1,1.0
1785310415.0,R_100,831.34,0.1500000000000341,1,1.0
1785310416.0,R_100,831.64,0.14999999999997726,1,1.0
1785310417.0,R_100,831.59,0.024999999999977263,-1,1.0
1785310418.0,R_100,831.71,0.060000000000002274,1,1.0
1785310419.0,R_100,831.69,0.009999999999990905,-1,1.0
1785310420.0,R_100,831.31,0.19000000000005457,-1,1.0
1785310421.0,R_100,831.33,0.010000000000047748,1,1.0
1785310422.0,R_100,831.51,0.08999999999997499,1,1.0
1785310423.0,R_100,831.42,0.045000000000015916,-1,1.0
1785310424.0,R_100,831.29,0.06499999999999773,-1,1.0
1785310425.0,R_100,831.05,0.12000000000000455,-1,1.0
1785310426.0,R_100,831.12,0.03500000000002501,1,1.0
1785310427.0,R_100,831.21,0.045000000000015916,1,1.0
1785310428.0,R_100,831.28,0.03499999999996817,1,1.0
1785310429.0,R_100,831.64,0.18000000000000682,1,1.0
1785310430.0,R_100,831.67,0.014999999999986358,1,1.0
1785310431.0,R_100,831.52,0.07499999999998863,-1,1.0
1785310432.0,R_100,831.42,0.05000000000001137,-1,1.0
1785310433.0,R_100,831.37,0.024999999999977263,-1,1.0
1785310434.0,R_100,831.3,0.03500000000002501,-1,1.0
1785310435.0,R_100,831.14,0.07999999999998408,-1,1.0
1785310436.0,R_100,831.28,0.06999999999999318,1,1.0
1785310437.0,R_100,831.31,0.014999999999986358,1,1.0
1785310438.0,R_100,831.32,0.005000000000052296,1,1.0
1785310439.0,R_100,831.48,0.07999999999998408,1,1.0
1785310440.0,R_100,831.54,0.029999999999972715,1,1.0
1785310441.0,R_100,831.72,0.09000000000003183,1,1.0
1785310442.0,R_100,831.75,0.014999999999986358,1,1.0
1785310443.0,R_100,831.61,0.06999999999999318,-1,1.0
1785310444.0,R_100,831.68,0.03499999999996817,1,1.0
1785310445.0,R_100,831.46,0.1099999999999568,-1,1.0
1785310446.0,R_100,831.5,0.01999999999998181,1,1.0
1785310447.0,R_100,831.15,0.17500000000001137,-1,1.0
1785310448.0,R_100,831.16,0.0049999999999954525,1,1.0
1785310449.0,R_100,831.26,0.05000000000001137,1,1.0
1785310450.0,R_100,831.11,0.07499999999998863,-1,1.0
1785310451.0,R_100,830.93,0.09000000000003183,-1,1.0
1785310452.0,R_100,831.25,0.160000000000025,1,1.0
1785310453.0,R_100,831.28,0.014999999999986358,1,1.0
1785310454.0,R_100,831.13,0.07499999999998863,-1,1.0
1785310455.0,R_100,831.26,0.06499999999999773,1,1.0
1785310456.0,R_100,831.22,0.01999999999998181,-1,1.0
1785310457.0,R_100,831.03,0.09500000000002728,-1,1.0
1785310458.0,R_100,830.94,0.04499999999995907,-1,1.0
1785310459.0,R_100,830.87,0.03500000000002501,-1,1.0
1785310460.0,R_100,830.72,0.07499999999998863,-1,1.0
1785310461.0,R_100,830.51,0.10500000000001819,-1,1.0
1785310462.0,R_100,830.6,0.045000000000015916,1,1.0
1785310463.0,R_100,830.21,0.19499999999999318,-1,1.0
1785310464.0,R_100,830.05,0.08000000000004093,-1,1.0
1785310465.0,R_100,829.84,0.10499999999996135,-1,1.0
1785310466.0,R_100,829.84,0.0,0,1.0
1785310467.0,R_100,829.61,0.1150000000000091,-1,1.0
1785310468.0,R_100,829.62,0.0049999999999954525,1,1.0
1785310469.0,R_100,829.57,0.024999999999977263,-1,1.0
1785310470.0,R_100,829.39,0.09000000000003183,-1,1.0
1785310471.0,R_100,829.2,0.09499999999997044,-1,1.0
1785310472.0,R_100,829.33,0.06499999999999773,1,1.0
1785310473.0,R_100,829.55,0.1099999999999568,1,1.0
1785310474.0,R_100,829.77,0.11000000000001364,1,1.0
1785310475.0,R_100,829.52,0.125,-1,1.0
1785310476.0,R_100,829.34,0.08999999999997499,-1,1.0
1785310477.0,R_100,829.4,0.029999999999972715,1,1.0
1785310478.0,R_100,829.36,0.01999999999998181,-1,1.0
1785310479.0,R_100,829.26,0.05000000000001137,-1,1.0
1785310480.0,R_100,829.2,0.029999999999972715,-1,1.0
1785310481.0,R_100,829.23,0.014999999999986358,1,1.0
1785310482.0,R_100,829.48,0.125,1,1.0
1785310483.0,R_100,829.29,0.09500000000002728,-1,1.0
1785310484.0,R_100,829.21,0.03999999999996362,-1,1.0
1785310485.0,R_100,829.21,0.0,0,1.0
1785310486.0,R_100,828.94,0.1349999999999909,-1,1.0
1785310487.0,R_100,829.04,0.049999999999954525,1,1.0
1785310488.0,R_100,829.11,0.03500000000002501,1,1.0
1785310489.0,R_100,829.26,0.07499999999998863,1,1.0
1785310490.0,R_100,829.32,0.03000000000002956,1,1.0
1785310491.0,R_100,829.33,0.0049999999999954525,1,1.0
1785310492.0,R_100,829.17,0.08000000000004093,-1,1.0
1785310493.0,R_100,829.04,0.06499999999999773,-1,1.0
1785310494.0,R_100,829.01,0.014999999999986358,-1,1.0
1785310495.0,R_100,828.91,0.05000000000001137,-1,1.0
1785310496.0,R_100,828.98,0.03500000000002501,1,1.0
1785310497.0,R_100,829.3,0.15999999999996817,1,1.0
1785310498.0,R_100,829.22,0.03999999999996362,-1,1.0
1785310499.0,R_100,829.26,0.01999999999998181,1,1.0
1785310500.0,R_100,829.47,0.10500000000001819,1,1.0
1785310501.0,R_100,829.41,0.03000000000002956,-1,1.0
1785310502.0,R_100,829.45,0.020000000000038654,1,1.0
1785310503.0,R_100,829.39,0.03000000000002956,-1,1.0
1785310504.0,R_100,829.41,0.009999999999990905,1,1.0
1785310505.0,R_100,829.53,0.060000000000002274,1,1.0
1785310506.0,R_100,829.35,0.08999999999997499,-1,1.0
1785310507.0,R_100,829.28,0.03500000000002501,-1,1.0
1785310508.0,R_100,829.3,0.009999999999990905,1,1.0
1785310509.0,R_100,829.5,0.10000000000002274,1,1.0
1785310510.0,R_100,829.55,0.024999999999977263,1,1.0
1785310511.0,R_100,829.52,0.014999999999986358,-1,1.0
1785310512.0,R_100,829.61,0.045000000000015916,1,1.0
1785310513.0,R_100,829.54,0.03500000000002501,-1,1.0
1785310514.0,R_100,829.6,0.03000000000002956,1,1.0
1785310515.0,R_100,829.73,0.06499999999999773,1,1.0
1785310516.0,R_100,829.61,0.060000000000002274,-1,1.0
1785310517.0,R_100,829.66,0.024999999999977263,1,1.0
1785310518.0,R_100,829.47,0.09499999999997044,-1,1.0
1785310519.0,R_100,829.38,0.045000000000015916,-1,1.0
1785310520.0,R_100,829.45,0.03500000000002501,1,1.0
1785310521.0,R_100,829.58,0.06499999999999773,1,1.0
1785310522.0,R_100,829.63,0.024999999999977263,1,1.0
1785310523.0,R_100,829.75,0.060000000000002274,1,1.0
1785310524.0,R_100,829.69,0.029999999999972715,-1,1.0
1785310525.0,R_100,829.76,0.03499999999996817,1,1.0
1785310526.0,R_100,829.72,0.01999999999998181,-1,1.0
1785310527.0,R_100,829.52,0.10000000000002274,-1,1.0
1785310528.0,R_100,829.53,0.0049999999999954525,1,1.0
1785310529.0,R_100,829.52,0.0049999999999954525,-1,1.0
1785310530.0,R_100,829.68,0.07999999999998408,1,1.0
1785310531.0,R_100,829.69,0.005000000000052296,1,1.0
1785310532.0,R_100,829.81,0.05999999999994543,1,1.0
1785310533.0,R_100,829.98,0.08500000000003638,1,1.0
1785310534.0,R_100,830.33,0.17500000000001137,1,1.0
1785310535.0,R_100,830.2,0.06499999999999773,-1,1.0
1785310536.0,R_100,830.28,0.03999999999996362,1,1.0
1785310537.0,R_100,830.44,0.08000000000004093,1,1.0
1785310538.0,R_100,830.7,0.12999999999999545,1,1.0
1785310539.0,R_100,831.15,0.2249999999999659,1,1.0
1785310540.0,R_100,831.15,0.0,0,1.0
1785310541.0,R_100,831.01,0.06999999999999318,-1,1.0
1785310542.0,R_100,830.8,0.10500000000001819,-1,1.0
1785310543.0,R_100,830.48,0.15999999999996817,-1,1.0
1785310544.0,R_100,830.47,0.0049999999999954525,-1,1.0
1785310545.0,R_100,830.55,0.03999999999996362,1,1.0
1785310546.0,R_100,830.45,0.049999999999954525,-1,1.0
1785310547.0,R_100,830.3,0.07500000000004547,-1,1.0
1785310548.0,R_100,830.28,0.009999999999990905,-1,1.0
1785310549.0,R_100,830.28,0.0,0,1.0
1785310550.0,R_100,830.28,0.0,0,1.0
1785310551.0,R_100,830.26,0.009999999999990905,-1,1.0
1785310552.0,R_100,830.29,0.014999999999986358,1,1.0
1785310553.0,R_100,830.33,0.020000000000038654,1,1.0
1785310554.0,R_100,829.94,0.19499999999999318,-1,1.0
1785310555.0,R_100,830.21,0.1349999999999909,1,1.0
1785310556.0,R_100,830.24,0.014999999999986358,1,1.0
1785310557.0,R_100,830.33,0.045000000000015916,1,1.0
1785310558.0,R_100,830.44,0.05500000000000682,1,1.0
1785310559.0,R_100,830.43,0.005000000000052296,-1,1.0
1785310560.0,R_100,830.36,0.03499999999996817,-1,1.0
1785310561.0,R_100,830.18,0.09000000000003183,-1,1.0
1785310562.0,R_100,830.1,0.03999999999996362,-1,1.0
1785310563.0,R_100,830.19,0.045000000000015916,1,1.0
1785310564.0,R_100,830.3,0.05499999999994998,1,1.0
1785310565.0,R_100,830.56,0.12999999999999545,1,1.0
1785310566.0,R_100,830.61,0.025000000000034106,1,1.0
1785310567.0,R_100,830.73,0.060000000000002274,1,1.0
1785310568.0,R_100,830.61,0.060000000000002274,-1,1.0
1785310569.0,R_100,830.69,0.040000000000020464,1,1.0
1785310570.0,R_100,830.66,0.015000000000043201,-1,1.0
1785310571.0,R_100,830.49,0.08499999999997954,-1,1.0
1785310572.0,R_100,830.41,0.040000000000020464,-1,1.0
1785310573.0,R_100,830.67,0.12999999999999545,1,1.0
1785310574.0,R_100,830.3,0.18500000000000227,-1,1.0
1785310575.0,R_100,830.22,0.03999999999996362,-1,1.0
1785310576.0,R_100,830.1,0.060000000000002274,-1,1.0
1785310577.0,R_100,830.01,0.045000000000015916,-1,1.0
1785310578.0,R_100,830.18,0.08499999999997954,1,1.0
1785310579.0,R_100,830.38,0.10000000000002274,1,1.0
1785310580.0,R_100,830.29,0.045000000000015916,-1,1.0
1785310581.0,R_100,830.4,0.05500000000000682,1,1.0
1785310582.0,R_100,830.46,0.03000000000002956,1,1.0
1785310583.0,R_100,830.39,0.03500000000002501,-1,1.0
1785310584.0,R_100,830.67,0.13999999999998636,1,1.0
1785310585.0,R_100,830.71,0.020000000000038654,1,1.0
1785310586.0,R_100,830.81,0.049999999999954525,1,1.0
1785310587.0,R_100,830.98,0.08500000000003638,1,1.0
1785310588.0,R_100,830.88,0.05000000000001137,-1,1.0
1785310589.0,R_100,830.65,0.1150000000000091,-1,1.0
1785310590.0,R_100,830.63,0.009999999999990905,-1,1.0
1785310591.0,R_100,830.49,0.06999999999999318,-1,1.0
1785310592.0,R_100,830.42,0.03500000000002501,-1,1.0
1785310593.0,R_100,830.5,0.040000000000020464,1,1.0
1785310594.0,R_100,830.66,0.07999999999998408,1,1.0
1785310595.0,R_100,830.69,0.015000000000043201,1,1.0
1785310596.0,R_100,830.77,0.03999999999996362,1,1.0
1785310597.0,R_100,830.79,0.009999999999990905,1,1.0
1785310598.0,R_100,830.78,0.0049999999999954525,-1,1.0
1785310599.0,R_100,830.72,0.029999999999972715,-1,1.0
1785310600.0,R_100,830.58,0.06999999999999318,-1,1.0
1785310601.0,R_100,830.43,0.07500000000004547,-1,1.0
1785310602.0,R_100,830.21,0.1099999999999568,-1,1.0
1785310603.0,R_100,830.37,0.07999999999998408,1,1.0
1785310604.0,R_100,830.42,0.024999999999977263,1,1.0
1785310605.0,R_100,830.35,0.03499999999996817,-1,1.0
1785310606.0,R_100,830.5,0.07499999999998863,1,1.0
1785310607.0,R_100,830.53,0.014999999999986358,1,1.0
1785310608.0,R_100,830.75,0.11000000000001364,1,1.0
1785310609.0,R_100,830.65,0.05000000000001137,-1,1.0
1785310610.0,R_100,830.63,0.009999999999990905,-1,1.0
1785310611.0,R_100,830.5,0.06499999999999773,-1,1.0
1785310612.0,R_100,830.56,0.029999999999972715,1,1.0
1785310613.0,R_100,830.38,0.08999999999997499,-1,1.0
1785310614.0,R_100,830.57,0.09500000000002728,1,1.0
1785310615.0,R_100,830.39,0.09000000000003183,-1,1.0
1785310616.0,R_100,830.5,0.05500000000000682,1,1.0
1785310617.0,R_100,830.57,0.03500000000002501,1,1.0
1785310618.0,R_100,830.51,0.03000000000002956,-1,1.0
1785310619.0,R_100,830.57,0.03000000000002956,1,1.0
1785310620.0,R_100,830.46,0.05500000000000682,-1,1.0
1785310621.0,R_100,830.57,0.05500000000000682,1,1.0
1785310622.0,R_100,830.35,0.11000000000001364,-1,1.0
1785310623.0,R_100,830.19,0.07999999999998408,-1,1.0
1785310624.0,R_100,830.29,0.049999999999954525,1,1.0
1785310625.0,R_100,830.27,0.009999999999990905,-1,1.0
1785310626.0,R_100,830.39,0.060000000000002274,1,1.0
1785310627.0,R_100,830.56,0.08499999999997954,1,1.0
1785310628.0,R_100,830.5,0.029999999999972715,-1,1.0
1785310629.0,R_100,830.5,0.0,0,1.0
1785310630.0,R_100,830.43,0.03500000000002501,-1,1.0
1785310631.0,R_100,830.32,0.05499999999994998,-1,1.0
1785310632.0,R_100,829.97,0.17500000000001137,-1,1.0
1785310633.0,R_100,830.24,0.1349999999999909,1,1.0
1785310634.0,R_100,830.46,0.11000000000001364,1,1.0
1785310635.0,R_100,830.42,0.020000000000038654,-1,1.0
1785310636.0,R_100,830.17,0.125,-1,1.0
1785310637.0,R_100,829.91,0.12999999999999545,-1,1.0
1785310638.0,R_100,829.81,0.05000000000001137,-1,1.0
1785310639.0,R_100,829.82,0.005000000000052296,1,1.0
1785310640.0,R_100,829.58,0.12000000000000455,-1,1.0
1785310641.0,R_100,829.47,0.05500000000000682,-1,1.0
1785310642.0,R_100,829.35,0.060000000000002274,-1,1.0
1785310643.0,R_100,829.37,0.009999999999990905,1,1.0
1785310644.0,R_100,829.19,0.08999999999997499,-1,1.0
1785310645.0,R_100,829.12,0.03500000000002501,-1,1.0
1785310646.0,R_100,829.27,0.07499999999998863,1,1.0
1785310647.0,R_100,829.56,0.1449999999999818,1,1.0
1785310648.0,R_100,829.47,0.04499999999995907,-1,1.0
1785310649.0,R_100,829.26,0.10500000000001819,-1,1.0
1785310650.0,R_100,829.32,0.03000000000002956,1,1.0
1785310651.0,R_100,829.21,0.05500000000000682,-1,1.0
1785310652.0,R_100,829.12,0.045000000000015916,-1,1.0
1785310653.0,R_100,829.02,0.05000000000001137,-1,1.0
1785310654.0,R_100,828.94,0.03999999999996362,-1,1.0
1785310655.0,R_100,829.13,0.09499999999997044,1,1.0
1785310656.0,R_100,829.16,0.014999999999986358,1,1.0
1785310657.0,R_100,829.03,0.06499999999999773,-1,1.0
1785310658.0,R_100,828.93,0.05000000000001137,-1,1.0
1785310659.0,R_100,828.84,0.04499999999995907,-1,1.0
1785310660.0,R_100,828.73,0.05500000000000682,-1,1.0
1785310661.0,R_100,828.56,0.08500000000003638,-1,1.0
1785310662.0,R_100,828.41,0.07499999999998863,-1,1.0
1785310663.0,R_100,828.63,0.11000000000001364,1,1.0
1785310664.0,R_100,828.66,0.014999999999986358,1,1.0
1785310665.0,R_100,828.87,0.10500000000001819,1,1.0
1785310666.0,R_100,828.72,0.07499999999998863,-1,1.0
1785310667.0,R_100,828.55,0.08500000000003638,-1,1.0
1785310668.0,R_100,828.47,0.03999999999996362,-1,1.0
1785310669.0,R_100,828.1,0.18500000000000227,-1,1.0
1785310670.0,R_100,828.17,0.03499999999996817,1,1.0
1785310671.0,R_100,828.26,0.045000000000015916,1,1.0
1785310672.0,R_100,828.54,0.13999999999998636,1,1.0
1785310673.0,R_100,828.5,0.01999999999998181,-1,1.0
1785310674.0,R_100,828.75,0.125,1,1.0
1785310675.0,R_100,828.9,0.07499999999998863,1,1.0
1785310676.0,R_100,828.82,0.03999999999996362,-1,1.0
1785310677.0,R_100,828.87,0.024999999999977263,1,1.0
1785310678.0,R_100,828.65,0.11000000000001364,-1,1.0
1785310679.0,R_100,828.35,0.14999999999997726,-1,1.0
1785310680.0,R_100,828.17,0.09000000000003183,-1,1.0
1785310681.0,R_100,828.35,0.09000000000003183,1,1.0
1785310682.0,R_100,828.54,0.09499999999997044,1,1.0
1785310683.0,R_100,828.37,0.08499999999997954,-1,1.0
1785310684.0,R_100,828.49,0.060000000000002274,1,1.0
1785310685.0,R_100,828.8,0.15499999999997272,1,1.0
1785310686.0,R_100,828.63,0.08499999999997954,-1,1.0
1785310687.0,R_100,828.63,0.0,0,1.0
1785310688.0,R_100,828.85,0.11000000000001364,1,1.0
1785310689.0,R_100,829.02,0.08499999999997954,1,1.0
1785310690.0,R_100,829.26,0.12000000000000455,1,1.0
1785310691.0,R_100,829.37,0.05500000000000682,1,1.0
1785310692.0,R_100,829.21,0.07999999999998408,-1,1.0
1785310693.0,R_100,829.01,0.10000000000002274,-1,1.0
1785310694.0,R_100,829.07,0.03000000000002956,1,1.0
1785310695.0,R_100,828.73,0.17000000000001592,-1,1.0
1785310696.0,R_100,829.08,0.17500000000001137,1,1.0
1785310697.0,R_100,829.23,0.07499999999998863,1,1.0
1785310698.0,R_100,828.93,0.1500000000000341,-1,1.0
1785310699.0,R_100,828.87,0.029999999999972715,-1,1.0
1785310700.0,R_100,828.76,0.05500000000000682,-1,1.0
1785310701.0,R_100,828.95,0.09500000000002728,1,1.0
1785310702.0,R_100,829.39,0.21999999999997044,1,1.0
1785310703.0,R_100,829.34,0.024999999999977263,-1,1.0
1785310704.0,R_100,829.37,0.014999999999986358,1,1.0
1785310705.0,R_100,829.57,0.10000000000002274,1,1.0
1785310706.0,R_100,829.19,0.18999999999999773,-1,1.0
1785310707.0,R_100,829.38,0.09499999999997044,1,1.0
1785310708.0,R_100,829.34,0.01999999999998181,-1,1.0
1785310709.0,R_100,829.46,0.060000000000002274,1,1.0
1785310710.0,R_100,829.66,0.0999999999999659,1,1.0
1785310711.0,R_100,829.57,0.04499999999995907,-1,1.0
1785310712.0,R_100,829.73,0.07999999999998408,1,1.0
1785310713.0,R_100,829.66,0.03500000000002501,-1,1.0
1785310714.0,R_100,829.66,0.0,0,1.0
1785310715.0,R_100,829.71,0.025000000000034106,1,1.0
1785310716.0,R_100,829.79,0.03999999999996362,1,1.0
1785310717.0,R_100,829.77,0.009999999999990905,-1,1.0
1785310718.0,R_100,829.72,0.024999999999977263,-1,1.0
1785310719.0,R_100,829.83,0.05500000000000682,1,1.0
1785310720.0,R_100,829.8,0.015000000000043201,-1,1.0
1785310721.0,R_100,829.83,0.015000000000043201,1,1.0
1785310722.0,R_100,829.77,0.03000000000002956,-1,1.0
1785310723.0,R_100,829.33,0.21999999999997044,-1,1.0
1785310724.0,R_100,829.22,0.05500000000000682,-1,1.0
1785310725.0,R_100,829.28,0.029999999999972715,1,1.0
1785310726.0,R_100,829.45,0.08500000000003638,1,1.0
1785310727.0,R_100,829.31,0.07000000000005002,-1,1.0
1785310728.0,R_100,829.02,0.1449999999999818,-1,1.0
1785310729.0,R_100,829.01,0.0049999999999954525,-1,1.0
1785310730.0,R_100,828.97,0.01999999999998181,-1,1.0
1785310731.0,R_100,828.84,0.06499999999999773,-1,1.0
1785310732.0,R_100,828.81,0.015000000000043201,-1,1.0
1785310733.0,R_100,828.95,0.07000000000005002,1,1.0
1785310734.0,R_100,828.95,0.0,0,1.0
1785310735.0,R_100,828.87,0.040000000000020464,-1,1.0
1785310736.0,R_100,829.02,0.07499999999998863,1,1.0
1785310737.0,R_100,829.27,0.125,1,1.0
1785310738.0,R_100,828.99,0.13999999999998636,-1,1.0
1785310739.0,R_100,829.17,0.08999999999997499,1,1.0
1785310740.0,R_100,829.04,0.06499999999999773,-1,1.0
1785310741.0,R_100,829.02,0.009999999999990905,-1,1.0
1785310742.0,R_100,828.94,0.03999999999996362,-1,1.0
1785310743.0,R_100,828.88,0.03000000000002956,-1,1.0
1785310744.0,R_100,829.04,0.07999999999998408,1,1.0
1785310745.0,R_100,828.97,0.03499999999996817,-1,1.0
1785310746.0,R_100,829.15,0.08999999999997499,1,1.0
1785310747.0,R_100,829.5,0.17500000000001137,1,1.0
1785310748.0,R_100,829.33,0.08499999999997954,-1,1.0
1785310749.0,R_100,829.32,0.0049999999999954525,-1,1.0
1785310750.0,R_100,829.42,0.049999999999954525,1,1.0
1785310751.0,R_100,829.33,0.04499999999995907,-1,1.0
1785310752.0,R_100,829.62,0.1449999999999818,1,1.0
1785310753.0,R_100,829.6,0.009999999999990905,-1,1.0
1785310754.0,R_100,829.71,0.05500000000000682,1,1.0
1785310755.0,R_100,829.5,0.10500000000001819,-1,1.0
1785310756.0,R_100,829.41,0.045000000000015916,-1,1.0
1785310757.0,R_100,829.39,0.009999999999990905,-1,1.0
1785310758.0,R_100,829.54,0.07499999999998863,1,1.0
1785310759.0,R_100,829.58,0.020000000000038654,1,1.0
1785310760.0,R_100,829.48,0.05000000000001137,-1,1.0
1785310761.0,R_100,829.56,0.03999999999996362,1,1.0
1785310762.0,R_100,829.54,0.009999999999990905,-1,1.0
1785310763.0,R_100,829.42,0.060000000000002274,-1,1.0
1785310764.0,R_100,829.36,0.029999999999972715,-1,1.0
1785310765.0,R_100,829.6,0.12000000000000455,1,1.0
1785310766.0,R_100,829.37,0.1150000000000091,-1,1.0
1785310767.0,R_100,829.33,0.01999999999998181,-1,1.0
1785310768.0,R_100,829.27,0.03000000000002956,-1,1.0
1785310769.0,R_100,829.42,0.07499999999998863,1,1.0
1785310770.0,R_100,829.35,0.03499999999996817,-1,1.0
1785310771.0,R_100,829.27,0.040000000000020464,-1,1.0
1785310772.0,R_100,829.1,0.08499999999997954,-1,1.0
1785310773.0,R_100,829.02,0.040000000000020464,-1,1.0
1785310774.0,R_100,828.57,0.2249999999999659,-1,1.0
1785310775.0,R_100,828.73,0.07999999999998408,1,1.0
1785310776.0,R_100,828.61,0.060000000000002274,-1,1.0
1785310777.0,R_100,828.81,0.0999999999999659,1,1.0
1785310778.0,R_100,828.76,0.024999999999977263,-1,1.0
1785310779.0,R_100,828.78,0.009999999999990905,1,1.0
1785310780.0,R_100,828.79,0.0049999999999954525,1,1.0
1785310781.0,R_100,828.72,0.03499999999996817,-1,1.0
1785310782.0,R_100,828.49,0.1150000000000091,-1,1.0
1785310783.0,R_100,828.37,0.060000000000002274,-1,1.0
1785310784.0,R_100,828.34,0.014999999999986358,-1,1.0
1785310785.0,R_100,828.53,0.09499999999997044,1,1.0
1785310786.0,R_100,828.54,0.0049999999999954525,1,1.0
1785310787.0,R_100,828.34,0.0999999999999659,-1,1.0
1785310788.0,R_100,828.26,0.040000000000020464,-1,1.0
1785310789.0,R_100,828.53,0.1349999999999909,1,1.0
1785310790.0,R_100,828.58,0.025000000000034106,1,1.0
1785310791.0,R_100,828.82,0.12000000000000455,1,1.0
1785310792.0,R_100,828.58,0.12000000000000455,-1,1.0
1785310793.0,R_100,828.43,0.07500000000004547,-1,1.0
1785310794.0,R_100,828.23,0.0999999999999659,-1,1.0
1785310795.0,R_100,828.11,0.060000000000002274,-1,1.0
1785310796.0,R_100,827.97,0.06999999999999318,-1,1.0
1785310797.0,R_100,828.12,0.07499999999998863,1,1.0
1785310798.0,R_100,828.18,0.029999999999972715,1,1.0
1785310799.0,R_100,828.17,0.0049999999999954525,-1,1.0
1785310800.0,R_100,828.29,0.060000000000002274,1,1.0
1785310801.0,R_100,828.38,0.045000000000015916,1,1.0
1785310802.0,R_100,828.22,0.07999999999998408,-1,1.0
1785310803.0,R_100,828.18,0.020000000000038654,-1,1.0
1785310804.0,R_100,828.04,0.06999999999999318,-1,1.0
1785310805.0,R_100,827.87,0.08499999999997954,-1,1.0
1785310806.0,R_100,827.93,0.029999999999972715,1,1.0
1785310807.0,R_100,827.96,0.015000000000043201,1,1.0
1785310808.0,R_100,827.96,0.0,0,1.0
1785310809.0,R_100,827.91,0.025000000000034106,-1,1.0
1785310810.0,R_100,827.88,0.014999999999986358,-1,1.0
1785310811.0,R_100,828.26,0.18999999999999773,1,1.0
1785310812.0,R_100,828.27,0.0049999999999954525,1,1.0
1785310813.0,R_100,828.28,0.0049999999999954525,1,1.0
1785310814.0,R_100,828.24,0.01999999999998181,-1,1.0
1785310815.0,R_100,828.46,0.11000000000001364,1,1.0
1785310816.0,R_100,828.71,0.125,1,1.0
1785310817.0,R_100,828.69,0.009999999999990905,-1,1.0
1785310818.0,R_100,828.52,0.08500000000003638,-1,1.0
1785310819.0,R_100,828.56,0.01999999999998181,1,1.0
1785310820.0,R_100,828.52,0.01999999999998181,-1,1.0
1785310821.0,R_100,828.58,0.03000000000002956,1,1.0
1785310822.0,R_100,828.46,0.060000000000002274,-1,1.0
1785310823.0,R_100,828.23,0.1150000000000091,-1,1.0
1785310824.0,R_100,827.9,0.16500000000002046,-1,1.0
1785310825.0,R_100,827.88,0.009999999999990905,-1,1.0
1785310826.0,R_100,827.68,0.10000000000002274,-1,1.0
1785310827.0,R_100,827.85,0.08500000000003638,1,1.0
1785310828.0,R_100,827.82,0.014999999999986358,-1,1.0
1785310829.0,R_100,827.61,0.10500000000001819,-1,1.0
1785310830.0,R_100,827.15,0.2300000000000182,-1,1.0
1785310831.0,R_100,827.02,0.06499999999999773,-1,1.0
1785310832.0,R_100,826.92,0.05000000000001137,-1,1.0
1785310833.0,R_100,827.16,0.12000000000000455,1,1.0
1785310834.0,R_100,827.41,0.125,1,1.0
1785310835.0,R_100,827.32,0.04499999999995907,-1,1.0
1785310836.0,R_100,827.28,0.020000000000038654,-1,1.0
1785310837.0,R_100,826.98,0.14999999999997726,-1,1.0
1785310838.0,R_100,826.79,0.09500000000002728,-1,1.0
1785310839.0,R_100,827.01,0.11000000000001364,1,1.0
1785310840.0,R_100,826.83,0.08999999999997499,-1,1.0
1785310841.0,R_100,826.65,0.09000000000003183,-1,1.0
1785310842.0,R_100,826.72,0.03500000000002501,1,1.0
1785310843.0,R_100,826.77,0.024999999999977263,1,1.0
1785310844.0,R_100,826.88,0.05500000000000682,1,1.0
1785310845.0,R_100,826.78,0.05000000000001137,-1,1.0
1785310846.0,R_100,826.9,0.060000000000002274,1,1.0
1785310847.0,R_100,826.93,0.014999999999986358,1,1.0
1785310848.0,R_100,827.01,0.040000000000020464,1,1.0
1785310849.0,R_100,827.19,0.09000000000003183,1,1.0
1785310850.0,R_100,827.18,0.005000000000052296,-1,1.0
1785310851.0,R_100,827.37,0.09500000000002728,1,1.0
1785310852.0,R_100,827.4,0.014999999999986358,1,1.0
1785310853.0,R_100,827.33,0.03499999999996817,-1,1.0
1785310854.0,R_100,827.38,0.024999999999977263,1,1.0
1785310855.0,R_100,827.44,0.03000000000002956,1,1.0
1785310856.0,R_100,827.41,0.015000000000043201,-1,1.0
1785310857.0,R_100,827.39,0.009999999999990905,-1,1.0
1785310858.0,R_100,827.38,0.0049999999999954525,-1,1.0
1785310859.0,R_100,827.34,0.01999999999998181,-1,1.0
1785310860.0,R_100,827.14,0.10000000000002274,-1,1.0
1785310861.0,R_100,826.95,0.09499999999997044,-1,1.0
1785310862.0,R_100,826.98,0.014999999999986358,1,1.0
1785310863.0,R_100,827.11,0.06499999999999773,1,1.0
1785310864.0,R_100,827.46,0.17500000000001137,1,1.0
1785310865.0,R_100,827.43,0.015000000000043201,-1,1.0
1785310866.0,R_100,827.51,0.040000000000020464,1,1.0
1785310867.0,R_100,827.78,0.1349999999999909,1,1.0
1785310868.0,R_100,827.73,0.024999999999977263,-1,1.0
1785310869.0,R_100,827.71,0.009999999999990905,-1,1.0
1785310870.0,R_100,827.88,0.08499999999997954,1,1.0
1785310871.0,R_100,827.55,0.16500000000002046,-1,1.0
1785310872.0,R_100,827.24,0.15499999999997272,-1,1.0
1785310873.0,R_100,827.29,0.024999999999977263,1,1.0
1785310874.0,R_100,827.18,0.05500000000000682,-1,1.0
1785310875.0,R_100,827.11,0.03499999999996817,-1,1.0
1785310876.0,R_100,826.88,0.1150000000000091,-1,1.0
1785310877.0,R_100,826.88,0.0,0,1.0
1785310878.0,R_100,826.79,0.045000000000015916,-1,1.0
1785310879.0,R_100,826.77,0.009999999999990905,-1,1.0
1785310880.0,R_100,826.91,0.06999999999999318,1,1.0
1785310881.0,R_100,827.03,0.060000000000002274,1,1.0
1785310882.0,R_100,827.01,0.009999999999990905,-1,1.0
1785310883.0,R_100,827.03,0.009999999999990905,1,1.0
1785310884.0,R_100,826.93,0.05000000000001137,-1,1.0
1785310885.0,R_100,826.97,0.020000000000038654,1,1.0
1785310886.0,R_100,826.84,0.06499999999999773,-1,1.0
1785310887.0,R_100,826.75,0.045000000000015916,-1,1.0
1785310888.0,R_100,826.95,0.10000000000002274,1,1.0
1785310889.0,R_100,826.77,0.09000000000003183,-1,1.0
1785310890.0,R_100,826.76,0.0049999999999954525,-1,1.0
1785310891.0,R_100,826.45,0.15499999999997272,-1,1.0
1785310892.0,R_100,826.24,0.10500000000001819,-1,1.0
1785310893.0,R_100,826.51,0.1349999999999909,1,1.0
1785310894.0,R_100,826.65,0.06999999999999318,1,1.0
1785310895.0,R_100,826.84,0.09500000000002728,1,1.0
1785310896.0,R_100,826.71,0.06499999999999773,-1,1.0
1785310897.0,R_100,826.56,0.07500000000004547,-1,1.0
1785310898.0,R_100,826.41,0.07499999999998863,-1,1.0
1785310899.0,R_100,826.46,0.025000000000034106,1,1.0
1785310900.0,R_100,826.4,0.03000000000002956,-1,1.0
1785310901.0,R_100,826.4,0.0,0,1.0
1785310902.0,R_100,826.4,0.0,0,1.0
1785310903.0,R_100,826.25,0.07499999999998863,-1,1.0
1785310904.0,R_100,826.01,0.12000000000000455,-1,1.0
1785310905.0,R_100,826.03,0.009999999999990905,1,1.0
1785310906.0,R_100,825.98,0.024999999999977263,-1,1.0
1785310907.0,R_100,825.92,0.03000000000002956,-1,1.0
1785310908.0,R_100,826.12,0.10000000000002274,1,1.0
1785310909.0,R_100,826.32,0.10000000000002274,1,1.0
1785310910.0,R_100,826.3,0.010000000000047748,-1,1.0
1785310911.0,R_100,826.35,0.025000000000034106,1,1.0
1785310912.0,R_100,826.27,0.040000000000020464,-1,1.0
1785310913.0,R_100,826.22,0.024999999999977263,-1,1.0
1785310914.0,R_100,826.31,0.04499999999995907,1,1.0
1785310915.0,R_100,826.19,0.05999999999994543,-1,1.0
1785310916.0,R_100,826.35,0.07999999999998408,1,1.0
1785310917.0,R_100,826.18,0.08500000000003638,-1,1.0
1785310918.0,R_100,826.11,0.03499999999996817,-1,1.0
1785310919.0,R_100,826.11,0.0,0,1.0
1785310920.0,R_100,826.49,0.18999999999999773,1,1.0
1785310921.0,R_100,826.42,0.03500000000002501,-1,1.0
1785310922.0,R_100,826.24,0.08999999999997499,-1,1.0
1785310923.0,R_100,826.18,0.03000000000002956,-1,1.0
1785310924.0,R_100,826.07,0.05499999999994998,-1,1.0
1785310925.0,R_100,826.02,0.025000000000034106,-1,1.0
1785310926.0,R_100,826.01,0.0049999999999954525,-1,1.0
1785310927.0,R_100,825.93,0.040000000000020464,-1,1.0
1785310928.0,R_100,825.6,0.16499999999996362,-1,1.0
1785310929.0,R_100,825.9,0.14999999999997726,1,1.0
1785310930.0,R_100,826.1,0.10000000000002274,1,1.0
1785310931.0,R_100,826.28,0.08999999999997499,1,1.0
1785310932.0,R_100,826.38,0.05000000000001137,1,1.0
1785310933.0,R_100,826.46,0.040000000000020464,1,1.0
1785310934.0,R_100,826.48,0.009999999999990905,1,1.0
1785310935.0,R_100,826.34,0.06999999999999318,-1,1.0
1785310936.0,R_100,826.51,0.08499999999997954,1,1.0
1785310937.0,R_100,826.64,0.06499999999999773,1,1.0
1785310938.0,R_100,826.54,0.05000000000001137,-1,1.0
1785310939.0,R_100,826.53,0.0049999999999954525,-1,1.0
1785310940.0,R_100,826.55,0.009999999999990905,1,1.0
1785310941.0,R_100,826.52,0.014999999999986358,-1,1.0
1785310942.0,R_100,826.78,0.12999999999999545,1,1.0
1785310943.0,R_100,826.74,0.01999999999998181,-1,1.0
1785310944.0,R_100,827.05,0.15499999999997272,1,1.0
1785310945.0,R_100,827.12,0.03500000000002501,1,1.0
1785310946.0,R_100,827.11,0.0049999999999954525,-1,1.0
1785310947.0,R_100,827.03,0.040000000000020464,-1,1.0
1785310948.0,R_100,827.08,0.025000000000034106,1,1.0
1785310949.0,R_100,826.89,0.09500000000002728,-1,1.0
1785310950.0,R_100,826.87,0.009999999999990905,-1,1.0
1785310951.0,R_100,826.95,0.040000000000020464,1,1.0
1785310952.0,R_100,826.95,0.0,0,1.0
1785310953.0,R_100,827.12,0.08499999999997954,1,1.0
1785310954.0,R_100,827.19,0.03500000000002501,1,1.0
1785310955.0,R_100,827.31,0.05999999999994543,1,1.0
1785310956.0,R_100,827.29,0.009999999999990905,-1,1.0
1785310957.0,R_100,827.45,0.08000000000004093,1,1.0
1785310958.0,R_100,827.52,0.03499999999996817,1,1.0
1785310959.0,R_100,827.82,0.1500000000000341,1,1.0
1785310960.0,R_100,827.61,0.10500000000001819,-1,1.0
1785310961.0,R_100,827.86,0.125,1,1.0
1785310962.0,R_100,827.64,0.11000000000001364,-1,1.0
1785310963.0,R_100,827.86,0.11000000000001364,1,1.0
1785310964.0,R_100,828.0,0.06999999999999318,1,1.0
1785310965.0,R_100,827.94,0.029999999999972715,-1,1.0
1785310966.0,R_100,827.89,0.025000000000034106,-1,1.0
1785310967.0,R_100,827.92,0.014999999999986358,1,1.0
1785310968.0,R_100,828.07,0.07500000000004547,1,1.0
1785310969.0,R_100,828.08,0.0049999999999954525,1,1.0
1785310970.0,R_100,827.9,0.09000000000003183,-1,1.0
1785310971.0,R_100,827.92,0.009999999999990905,1,1.0
1785310972.0,R_100,828.08,0.08000000000004093,1,1.0
1785310973.0,R_100,828.05,0.015000000000043201,-1,1.0
1785310974.0,R_100,828.08,0.015000000000043201,1,1.0
1785310975.0,R_100,827.98,0.05000000000001137,-1,1.0
1785310976.0,R_100,827.91,0.03500000000002501,-1,1.0
1785310977.0,R_100,828.05,0.06999999999999318,1,1.0
1785310978.0,R_100,828.12,0.03500000000002501,1,1.0
1785310979.0,R_100,827.91,0.10500000000001819,-1,1.0
1785310980.0,R_100,827.75,0.07999999999998408,-1,1.0
1785310981.0,R_100,827.92,0.08499999999997954,1,1.0
1785310982.0,R_100,827.9,0.009999999999990905,-1,1.0
1785310983.0,R_100,828.1,0.10000000000002274,1,1.0
1785310984.0,R_100,827.81,0.14500000000003865,-1,1.0
1785310985.0,R_100,827.68,0.06499999999999773,-1,1.0
1785310986.0,R_100,827.68,0.0,0,1.0
1785310987.0,R_100,827.56,0.060000000000002274,-1,1.0
1785310988.0,R_100,827.62,0.03000000000002956,1,1.0
1785310989.0,R_100,827.75,0.06499999999999773,1,1.0
1785310990.0,R_100,827.86,0.05500000000000682,1,1.0
1785310991.0,R_100,827.57,0.1449999999999818,-1,1.0
1785310992.0,R_100,827.58,0.0049999999999954525,1,1.0
1785310993.0,R_100,827.65,0.03499999999996817,1,1.0
1785310994.0,R_100,827.61,0.01999999999998181,-1,1.0
1785310995.0,R_100,827.61,0.0,0,1.0
1785310996.0,R_100,827.62,0.0049999999999954525,1,1.0
1785310997.0,R_100,827.41,0.10500000000001819,-1,1.0
1785310998.0,R_100,827.41,0.0,0,1.0
1785310999.0,R_100,827.32,0.04499999999995907,-1,1.0
1785311000.0,R_100,827.52,0.0999999999999659,1,1.0
1785311001.0,R_100,827.56,0.01999999999998181,1,1.0
1785311002.0,R_100,827.78,0.11000000000001364,1,1.0
1785311003.0,R_100,827.73,0.024999999999977263,-1,1.0
1785311004.0,R_100,827.97,0.12000000000000455,1,1.0
1785311005.0,R_100,827.9,0.03500000000002501,-1,1.0
1785311006.0,R_100,827.63,0.1349999999999909,-1,1.0
1785311007.0,R_100,827.91,0.13999999999998636,1,1.0
1785311008.0,R_100,827.83,0.03999999999996362,-1,1.0
1785311009.0,R_100,827.94,0.05500000000000682,1,1.0
1785311010.0,R_100,827.91,0.015000000000043201,-1,1.0
1785311011.0,R_100,827.9,0.0049999999999954525,-1,1.0
1785311012.0,R_100,827.91,0.0049999999999954525,1,1.0
1785311013.0,R_100,828.01,0.05000000000001137,1,1.0
1785311014.0,R_100,827.89,0.060000000000002274,-1,1.0
1785311015.0,R_100,827.94,0.025000000000034106,1,1.0
1785311016.0,R_100,828.11,0.08499999999997954,1,1.0
1785311017.0,R_100,828.15,0.01999999999998181,1,1.0
1785311018.0,R_100,827.88,0.1349999999999909,-1,1.0
1785311019.0,R_100,827.93,0.024999999999977263,1,1.0
1785311020.0,R_100,828.08,0.07500000000004547,1,1.0
1785311021.0,R_100,827.93,0.07500000000004547,-1,1.0
1785311022.0,R_100,828.02,0.045000000000015916,1,1.0
1785311023.0,R_100,828.2,0.09000000000003183,1,1.0
1785311024.0,R_100,828.25,0.024999999999977263,1,1.0
1785311025.0,R_100,828.53,0.13999999999998636,1,1.0
1785311026.0,R_100,828.73,0.10000000000002274,1,1.0
1785311027.0,R_100,828.77,0.01999999999998181,1,1.0
1785311028.0,R_100,828.8,0.014999999999986358,1,1.0
1785311029.0,R_100,828.68,0.060000000000002274,-1,1.0
1785311030.0,R_100,828.64,0.01999999999998181,-1,1.0
1785311031.0,R_100,828.56,0.040000000000020464,-1,1.0
1785311032.0,R_100,828.54,0.009999999999990905,-1,1.0
1785311033.0,R_100,828.67,0.06499999999999773,1,1.0
1785311034.0,R_100,828.79,0.060000000000002274,1,1.0
1785311035.0,R_100,828.75,0.01999999999998181,-1,1.0
1785311036.0,R_100,828.81,0.029999999999972715,1,1.0
1785311037.0,R_100,828.95,0.07000000000005002,1,1.0
1785311038.0,R_100,829.16,0.10499999999996135,1,1.0
1785311039.0,R_100,829.24,0.040000000000020464,1,1.0
1785311040.0,R_100,829.38,0.06999999999999318,1,1.0
1785311041.0,R_100,829.42,0.01999999999998181,1,1.0
1785311042.0,R_100,829.34,0.03999999999996362,-1,1.0
1785311043.0,R_100,829.17,0.08500000000003638,-1,1.0
1785311044.0,R_100,829.28,0.05500000000000682,1,1.0
1785311045.0,R_100,829.11,0.08499999999997954,-1,1.0
1785311046.0,R_100,829.06,0.025000000000034106,-1,1.0
1785311047.0,R_100,829.03,0.014999999999986358,-1,1.0
1785311048.0,R_100,828.97,0.029999999999972715,-1,1.0
1785311049.0,R_100,829.03,0.029999999999972715,1,1.0
1785311050.0,R_100,829.11,0.040000000000020464,1,1.0
1785311051.0,R_100,829.14,0.014999999999986358,1,1.0
1785311052.0,R_100,829.04,0.05000000000001137,-1,1.0
1785311053.0,R_100,829.03,0.0049999999999954525,-1,1.0
1785311054.0,R_100,828.85,0.08999999999997499,-1,1.0
1785311055.0,R_100,829.07,0.11000000000001364,1,1.0
1785311056.0,R_100,829.38,0.15499999999997272,1,1.0
1785311057.0,R_100,829.32,0.029999999999972715,-1,1.0
1785311058.0,R_100,829.17,0.07500000000004547,-1,1.0
1785311059.0,R_100,828.9,0.1349999999999909,-1,1.0
1785311060.0,R_100,829.04,0.06999999999999318,1,1.0
1785311061.0,R_100,829.28,0.12000000000000455,1,1.0
1785311062.0,R_100,829.03,0.125,-1,1.0
1785311063.0,R_100,829.07,0.020000000000038654,1,1.0
1785311064.0,R_100,829.14,0.03499999999996817,1,1.0
1785311065.0,R_100,829.31,0.08499999999997954,1,1.0
1785311066.0,R_100,829.36,0.025000000000034106,1,1.0
1785311067.0,R_100,829.3,0.03000000000002956,-1,1.0
1785311068.0,R_100,829.64,0.17000000000001592,1,1.0
1785311069.0,R_100,829.9,0.12999999999999545,1,1.0
1785311070.0,R_100,829.89,0.0049999999999954525,-1,1.0
1785311071.0,R_100,830.03,0.06999999999999318,1,1.0
1785311072.0,R_100,830.15,0.060000000000002274,1,1.0
1785311073.0,R_100,830.06,0.045000000000015916,-1,1.0
1785311074.0,R_100,830.47,0.20500000000004093,1,1.0
1785311075.0,R_100,830.07,0.19999999999998863,-1,1.0
1785311076.0,R_100,829.62,0.22500000000002274,-1,1.0
1785311077.0,R_100,829.87,0.125,1,1.0
1785311078.0,R_100,829.73,0.06999999999999318,-1,1.0
1785311079.0,R_100,829.87,0.06999999999999318,1,1.0
1785311080.0,R_100,829.76,0.05500000000000682,-1,1.0
1785311081.0,R_100,829.81,0.024999999999977263,1,1.0
1785311082.0,R_100,829.95,0.07000000000005002,1,1.0
1785311083.0,R_100,830.26,0.15499999999997272,1,1.0
1785311084.0,R_100,830.41,0.07499999999998863,1,1.0
1785311085.0,R_100,830.35,0.029999999999972715,-1,1.0
1785311086.0,R_100,830.46,0.05500000000000682,1,1.0
1785311087.0,R_100,830.3,0.08000000000004093,-1,1.0
1785311088.0,R_100,830.21,0.04499999999995907,-1,1.0
1785311089.0,R_100,830.44,0.1150000000000091,1,1.0
1785311090.0,R_100,830.78,0.16999999999995907,1,1.0
1785311091.0,R_100,830.74,0.01999999999998181,-1,1.0
1785311092.0,R_100,830.62,0.060000000000002274,-1,1.0
1785311093.0,R_100,830.34,0.13999999999998636,-1,1.0
1785311094.0,R_100,830.59,0.125,1,1.0
1785311095.0,R_100,830.65,0.029999999999972715,1,1.0
1785311096.0,R_100,830.5,0.07499999999998863,-1,1.0
1785311097.0,R_100,830.37,0.06499999999999773,-1,1.0
1785311098.0,R_100,830.4,0.014999999999986358,1,1.0
1785311099.0,R_100,830.22,0.08999999999997499,-1,1.0
1785311100.0,R_100,829.97,0.125,-1,1.0
1785311101.0,R_100,829.9,0.03500000000002501,-1,1.0
1785311102.0,R_100,829.77,0.06499999999999773,-1,1.0
1785311103.0,R_100,829.76,0.0049999999999954525,-1,1.0
1785311104.0,R_100,829.66,0.05000000000001137,-1,1.0
1785311105.0,R_100,829.79,0.06499999999999773,1,1.0
1785311106.0,R_100,829.62,0.08499999999997954,-1,1.0
1785311107.0,R_100,829.51,0.05500000000000682,-1,1.0
1785311108.0,R_100,829.64,0.06499999999999773,1,1.0
1785311109.0,R_100,829.76,0.060000000000002274,1,1.0
1785311110.0,R_100,829.79,0.014999999999986358,1,1.0
1785311111.0,R_100,829.91,0.060000000000002274,1,1.0
1785311112.0,R_100,829.95,0.020000000000038654,1,1.0
1785311113.0,R_100,829.7,0.125,-1,1.0
1785311114.0,R_100,829.8,0.049999999999954525,1,1.0
1785311115.0,R_100,829.95,0.07500000000004547,1,1.0
1785311116.0,R_100,830.08,0.06499999999999773,1,1.0
1785311117.0,R_100,830.06,0.010000000000047748,-1,1.0
1785311118.0,R_100,830.03,0.014999999999986358,-1,1.0
1785311119.0,R_100,829.99,0.01999999999998181,-1,1.0
1785311120.0,R_100,830.0,0.0049999999999954525,1,1.0
1785311121.0,R_100,829.84,0.07999999999998408,-1,1.0
1785311122.0,R_100,829.7,0.06999999999999318,-1,1.0
1785311123.0,R_100,829.77,0.03499999999996817,1,1.0
1785311124.0,R_100,829.84,0.03500000000002501,1,1.0
1785311125.0,R_100,829.62,0.11000000000001364,-1,1.0
1785311126.0,R_100,829.64,0.009999999999990905,1,1.0
1785311127.0,R_100,829.83,0.09500000000002728,1,1.0
1785311128.0,R_100,829.68,0.07500000000004547,-1,1.0
1785311129.0,R_100,829.56,0.060000000000002274,-1,1.0
1785311130.0,R_100,829.68,0.060000000000002274,1,1.0
1785311131.0,R_100,829.83,0.07500000000004547,1,1.0
1785311132.0,R_100,829.67,0.08000000000004093,-1,1.0
1785311133.0,R_100,829.78,0.05500000000000682,1,1.0
1785311134.0,R_100,829.68,0.05000000000001137,-1,1.0
1785311135.0,R_100,829.77,0.045000000000015916,1,1.0
1785311136.0,R_100,829.69,0.03999999999996362,-1,1.0
1785311137.0,R_100,829.69,0.0,0,1.0
1785311138.0,R_100,829.7,0.0049999999999954525,1,1.0
1785311139.0,R_100,829.66,0.020000000000038654,-1,1.0
1785311140.0,R_100,829.7,0.020000000000038654,1,1.0
1785311141.0,R_100,829.75,0.024999999999977263,1,1.0
1785311142.0,R_100,829.43,0.160000000000025,-1,1.0
1785311143.0,R_100,829.52,0.045000000000015916,1,1.0
1785311144.0,R_100,829.5,0.009999999999990905,-1,1.0
1785311145.0,R_100,829.56,0.029999999999972715,1,1.0
1785311146.0,R_100,829.57,0.005000000000052296,1,1.0
1785311147.0,R_100,829.61,0.01999999999998181,1,1.0
1785311148.0,R_100,829.51,0.05000000000001137,-1,1.0
1785311149.0,R_100,829.33,0.08999999999997499,-1,1.0
1785311150.0,R_100,829.16,0.08500000000003638,-1,1.0
1785311151.0,R_100,828.93,0.1150000000000091,-1,1.0
1785311152.0,R_100,828.96,0.015000000000043201,1,1.0
1785311153.0,R_100,829.04,0.03999999999996362,1,1.0
1785311154.0,R_100,828.99,0.024999999999977263,-1,1.0
1785311155.0,R_100,828.97,0.009999999999990905,-1,1.0
1785311156.0,R_100,829.19,0.11000000000001364,1,1.0
1785311157.0,R_100,829.37,0.08999999999997499,1,1.0
1785311158.0,R_100,829.38,0.0049999999999954525,1,1.0
1785311159.0,R_100,829.32,0.029999999999972715,-1,1.0
1785311160.0,R_100,829.26,0.03000000000002956,-1,1.0
1785311161.0,R_100,829.38,0.060000000000002274,1,1.0
1785311162.0,R_100,829.52,0.06999999999999318,1,1.0
1785311163.0,R_100,829.42,0.05000000000001137,-1,1.0
1785311164.0,R_100,829.22,0.0999999999999659,-1,1.0
1785311165.0,R_100,829.24,0.009999999999990905,1,1.0
1785311166.0,R_100,828.93,0.15500000000002956,-1,1.0
1785311167.0,R_100,828.71,0.1099999999999568,-1,1.0
1785311168.0,R_100,828.56,0.07500000000004547,-1,1.0
1785311169.0,R_100,828.65,0.045000000000015916,1,1.0
1785311170.0,R_100,828.61,0.01999999999998181,-1,1.0
1785311171.0,R_100,828.34,0.1349999999999909,-1,1.0
1785311172.0,R_100,828.61,0.1349999999999909,1,1.0
1785311173.0,R_100,828.73,0.060000000000002274,1,1.0
1785311174.0,R_100,828.8,0.03499999999996817,1,1.0
1785311175.0,R_100,828.78,0.009999999999990905,-1,1.0
1785311176.0,R_100,828.87,0.045000000000015916,1,1.0
1785311177.0,R_100,828.97,0.05000000000001137,1,1.0
1785311178.0,R_100,829.08,0.05500000000000682,1,1.0
1785311179.0,R_100,829.08,0.0,0,1.0
1785311180.0,R_100,829.07,0.0049999999999954525,-1,1.0
1785311181.0,R_100,829.13,0.029999999999972715,1,1.0
1785311182.0,R_100,829.04,0.045000000000015916,-1,1.0
1785311183.0,R_100,829.04,0.0,0,1.0
1785311184.0,R_100,829.26,0.11000000000001364,1,1.0
1785311185.0,R_100,829.4,0.06999999999999318,1,1.0
1785311186.0,R_100,829.6,0.10000000000002274,1,1.0
1785311187.0,R_100,829.63,0.014999999999986358,1,1.0
1785311188.0,R_100,829.54,0.045000000000015916,-1,1.0
1785311189.0,R_100,829.44,0.049999999999954525,-1,1.0
1785311190.0,R_100,829.65,0.10499999999996135,1,1.0
1785311191.0,R_100,829.82,0.08500000000003638,1,1.0
1785311192.0,R_100,829.66,0.08000000000004093,-1,1.0
1785311193.0,R_100,829.49,0.08499999999997954,-1,1.0
1785311194.0,R_100,829.17,0.160000000000025,-1,1.0
1785311195.0,R_100,829.01,0.07999999999998408,-1,1.0
1785311196.0,R_100,829.09,0.040000000000020464,1,1.0
1785311197.0,R_100,829.22,0.06499999999999773,1,1.0
1785311198.0,R_100,829.17,0.025000000000034106,-1,1.0
1785311199.0,R_100,829.1,0.03499999999996817,-1,1.0
1785311200.0,R_100,829.09,0.0049999999999954525,-1,1.0
1785311201.0,R_100,828.93,0.08000000000004093,-1,1.0
1785311202.0,R_100,828.99,0.03000000000002956,1,1.0
1785311203.0,R_100,828.72,0.1349999999999909,-1,1.0
1785311204.0,R_100,828.79,0.03499999999996817,1,1.0
1785311205.0,R_100,829.08,0.14500000000003865,1,1.0
1785311206.0,R_100,829.1,0.009999999999990905,1,1.0
1785311207.0,R_100,829.2,0.05000000000001137,1,1.0
1785311208.0,R_100,829.08,0.060000000000002274,-1,1.0
1785311209.0,R_100,829.29,0.10499999999996135,1,1.0
1785311210.0,R_100,829.11,0.08999999999997499,-1,1.0
1785311211.0,R_100,829.13,0.009999999999990905,1,1.0
1785311212.0,R_100,829.07,0.029999999999972715,-1,1.0
1785311213.0,R_100,829.02,0.025000000000034106,-1,1.0
1785311214.0,R_100,828.69,0.16499999999996362,-1,1.0
1785311215.0,R_100,828.72,0.014999999999986358,1,1.0
1785311216.0,R_100,828.6,0.060000000000002274,-1,1.0
1785311217.0,R_100,828.82,0.11000000000001364,1,1.0
1785311218.0,R_100,828.85,0.014999999999986358,1,1.0
1785311219.0,R_100,828.56,0.14500000000003865,-1,1.0
1785311220.0,R_100,828.35,0.10499999999996135,-1,1.0
1785311221.0,R_100,828.17,0.09000000000003183,-1,1.0
1785311222.0,R_100,828.13,0.01999999999998181,-1,1.0
1785311223.0,R_100,828.25,0.060000000000002274,1,1.0
1785311224.0,R_100,828.27,0.009999999999990905,1,1.0
1785311225.0,R_100,828.4,0.06499999999999773,1,1.0
1785311226.0,R_100,828.73,0.16500000000002046,1,1.0
1785311227.0,R_100,828.88,0.07499999999998863,1,1.0
1785311228.0,R_100,829.03,0.07499999999998863,1,1.0
1785311229.0,R_100,828.98,0.024999999999977263,-1,1.0
1785311230.0,R_100,829.05,0.03499999999996817,1,1.0
1785311231.0,R_100,828.91,0.06999999999999318,-1,1.0
1785311232.0,R_100,829.01,0.05000000000001137,1,1.0
1785311233.0,R_100,829.04,0.014999999999986358,1,1.0
1785311234.0,R_100,828.97,0.03499999999996817,-1,1.0
1785311235.0,R_100,828.92,0.025000000000034106,-1,1.0
1785311236.0,R_100,828.83,0.04499999999995907,-1,1.0
1785311237.0,R_100,828.91,0.03999999999996362,1,1.0
1785311238.0,R_100,828.96,0.025000000000034106,1,1.0
1785311239.0,R_100,829.0,0.01999999999998181,1,1.0
1785311240.0,R_100,829.1,0.05000000000001137,1,1.0
1785311241.0,R_100,828.94,0.07999999999998408,-1,1.0
1785311242.0,R_100,828.81,0.06500000000005457,-1,1.0
1785311243.0,R_100,828.7,0.05499999999994998,-1,1.0
1785311244.0,R_100,828.82,0.060000000000002274,1,1.0
1785311245.0,R_100,828.76,0.03000000000002956,-1,1.0
1785311246.0,R_100,828.78,0.009999999999990905,1,1.0
1785311247.0,R_100,828.63,0.07499999999998863,-1,1.0
1785311248.0,R_100,828.95,0.160000000000025,1,1.0
1785311249.0,R_100,829.03,0.03999999999996362,1,1.0
1785311250.0,R_100,829.15,0.060000000000002274,1,1.0
1785311251.0,R_100,828.95,0.0999999999999659,-1,1.0
1785311252.0,R_100,829.02,0.03499999999996817,1,1.0
1785311253.0,R_100,829.2,0.09000000000003183,1,1.0
1785311254.0,R_100,829.35,0.07499999999998863,1,1.0
1785311255.0,R_100,829.26,0.045000000000015916,-1,1.0
1785311256.0,R_100,829.2,0.029999999999972715,-1,1.0
1785311257.0,R_100,829.44,0.12000000000000455,1,1.0
1785311258.0,R_100,829.84,0.19999999999998863,1,1.0
1785311259.0,R_100,830.09,0.125,1,1.0
1785311260.0,R_100,829.87,0.11000000000001364,-1,1.0
1785311261.0,R_100,829.77,0.05000000000001137,-1,1.0
1785311262.0,R_100,829.83,0.03000000000002956,1,1.0
1785311263.0,R_100,829.61,0.11000000000001364,-1,1.0
1785311264.0,R_100,829.92,0.15499999999997272,1,1.0
1785311265.0,R_100,829.94,0.010000000000047748,1,1.0
1785311266.0,R_100,830.07,0.06499999999999773,1,1.0
1785311267.0,R_100,830.07,0.0,0,1.0
1785311268.0,R_100,830.02,0.025000000000034106,-1,1.0
1785311269.0,R_100,829.92,0.05000000000001137,-1,1.0
1785311270.0,R_100,830.22,0.1500000000000341,1,1.0
1785311271.0,R_100,830.24,0.009999999999990905,1,1.0
1785311272.0,R_100,830.41,0.08499999999997954,1,1.0
1785311273.0,R_100,830.47,0.03000000000002956,1,1.0
1785311274.0,R_100,830.34,0.06499999999999773,-1,1.0
1785311275.0,R_100,830.31,0.015000000000043201,-1,1.0
1785311276.0,R_100,830.25,0.029999999999972715,-1,1.0
1785311277.0,R_100,830.1,0.07499999999998863,-1,1.0
1785311278.0,R_100,829.91,0.09500000000002728,-1,1.0
1785311279.0,R_100,829.97,0.03000000000002956,1,1.0
1785311280.0,R_100,830.19,0.11000000000001364,1,1.0
1785311281.0,R_100,830.41,0.1099999999999568,1,1.0
1785311282.0,R_100,830.74,0.16500000000002046,1,1.0
1785311283.0,R_100,830.87,0.06499999999999773,1,1.0
1785311284.0,R_100,831.0,0.06499999999999773,1,1.0
1785311285.0,R_100,831.16,0.07999999999998408,1,1.0
1785311286.0,R_100,831.23,0.03500000000002501,1,1.0
1785311287.0,R_100,831.11,0.060000000000002274,-1,1.0
1785311288.0,R_100,831.11,0.0,0,1.0
1785311289.0,R_100,831.01,0.05000000000001137,-1,1.0
1785311290.0,R_100,830.91,0.05000000000001137,-1,1.0
1785311291.0,R_100,830.97,0.03000000000002956,1,1.0
1785311292.0,R_100,831.02,0.024999999999977263,1,1.0
1785311293.0,R_100,831.06,0.01999999999998181,1,1.0
1785311294.0,R_100,831.26,0.10000000000002274,1,1.0
1785311295.0,R_100,831.45,0.09500000000002728,1,1.0
1785311296.0,R_100,831.53,0.03999999999996362,1,1.0
1785311297.0,R_100,831.52,0.0049999999999954525,-1,1.0
1785311298.0,R_100,831.45,0.03499999999996817,-1,1.0
1785311299.0,R_100,831.42,0.015000000000043201,-1,1.0
1785311300.0,R_100,831.33,0.04499999999995907,-1,1.0
1785311301.0,R_100,831.25,0.040000000000020464,-1,1.0
1785311302.0,R_100,831.13,0.060000000000002274,-1,1.0
1785311303.0,R_100,830.98,0.07499999999998863,-1,1.0
1785311304.0,R_100,830.9,0.040000000000020464,-1,1.0
1785311305.0,R_100,830.8,0.05000000000001137,-1,1.0
1785311306.0,R_100,830.99,0.09500000000002728,1,1.0
1785311307.0,R_100,831.1,0.05500000000000682,1,1.0
1785311308.0,R_100,831.11,0.0049999999999954525,1,1.0
1785311309.0,R_100,831.28,0.08499999999997954,1,1.0
1785311310.0,R_100,831.28,0.0,0,1.0
1785311311.0,R_100,831.07,0.10499999999996135,-1,1.0
1785311312.0,R_100,831.17,0.049999999999954525,1,1.0
1785311313.0,R_100,831.01,0.07999999999998408,-1,1.0
1785311314.0,R_100,830.95,0.029999999999972715,-1,1.0
1785311315.0,R_100,831.17,0.1099999999999568,1,1.0
1785311316.0,R_100,831.31,0.06999999999999318,1,1.0
1785311317.0,R_100,831.5,0.09500000000002728,1,1.0
1785311318.0,R_100,831.45,0.024999999999977263,-1,1.0
1785311319.0,R_100,831.31,0.07000000000005002,-1,1.0
1785311320.0,R_100,831.18,0.06499999999999773,-1,1.0
1785311321.0,R_100,831.05,0.06499999999999773,-1,1.0
1785311322.0,R_100,831.1,0.025000000000034106,1,1.0
1785311323.0,R_100,831.0,0.05000000000001137,-1,1.0
1785311324.0,R_100,831.06,0.029999999999972715,1,1.0
1785311325.0,R_100,831.12,0.03000000000002956,1,1.0
1785311326.0,R_100,831.09,0.014999999999986358,-1,1.0
1785311327.0,R_100,831.1,0.0049999999999954525,1,1.0
1785311328.0,R_100,831.12,0.009999999999990905,1,1.0
1785311329.0,R_100,831.11,0.0049999999999954525,-1,1.0
1785311330.0,R_100,830.98,0.06499999999999773,-1,1.0
1785311331.0,R_100,830.84,0.06999999999999318,-1,1.0
1785311332.0,R_100,830.73,0.05500000000000682,-1,1.0
1785311333.0,R_100,830.47,0.12999999999999545,-1,1.0
1785311334.0,R_100,830.57,0.05000000000001137,1,1.0
1785311335.0,R_100,830.62,0.024999999999977263,1,1.0
1785311336.0,R_100,830.56,0.03000000000002956,-1,1.0
1785311337.0,R_100,830.49,0.03499999999996817,-1,1.0
1785311338.0,R_100,830.41,0.040000000000020464,-1,1.0
1785311339.0,R_100,830.63,0.11000000000001364,1,1.0
1785311340.0,R_100,830.43,0.10000000000002274,-1,1.0
1785311341.0,R_100,830.44,0.005000000000052296,1,1.0
1785311342.0,R_100,830.28,0.08000000000004093,-1,1.0
1785311343.0,R_100,830.36,0.040000000000020464,1,1.0
1785311344.0,R_100,830.33,0.014999999999986358,-1,1.0
1785311345.0,R_100,830.38,0.024999999999977263,1,1.0
1785311346.0,R_100,830.29,0.045000000000015916,-1,1.0
1785311347.0,R_100,830.5,0.10500000000001819,1,1.0
1785311348.0,R_100,830.35,0.07499999999998863,-1,1.0
1785311349.0,R_100,830.48,0.06499999999999773,1,1.0
1785311350.0,R_100,830.44,0.01999999999998181,-1,1.0
1785311351.0,R_100,830.28,0.08000000000004093,-1,1.0
1785311352.0,R_100,830.25,0.014999999999986358,-1,1.0
1785311353.0,R_100,830.05,0.10000000000002274,-1,1.0
1785311354.0,R_100,830.04,0.0049999999999954525,-1,1.0
1785311355.0,R_100,829.95,0.04499999999995907,-1,1.0
1785311356.0,R_100,830.13,0.08999999999997499,1,1.0
1785311357.0,R_100,830.17,0.01999999999998181,1,1.0
1785311358.0,R_100,830.19,0.010000000000047748,1,1.0
1785311359.0,R_100,829.94,0.125,-1,1.0
1785311360.0,R_100,829.81,0.06500000000005457,-1,1.0
1785311361.0,R_100,829.7,0.05499999999994998,-1,1.0
1785311362.0,R_100,829.62,0.040000000000020464,-1,1.0
1785311363.0,R_100,829.81,0.09499999999997044,1,1.0
1785311364.0,R_100,829.62,0.09499999999997044,-1,1.0
1785311365.0,R_100,829.75,0.06499999999999773,1,1.0
1785311366.0,R_100,829.97,0.11000000000001364,1,1.0
1785311367.0,R_100,829.73,0.12000000000000455,-1,1.0
1785311368.0,R_100,829.85,0.060000000000002274,1,1.0
1785311369.0,R_100,830.27,0.20999999999997954,1,1.0
1785311370.0,R_100,830.3,0.014999999999986358,1,1.0
1785311371.0,R_100,830.39,0.045000000000015916,1,1.0
1785311372.0,R_100,830.5,0.05500000000000682,1,1.0
1785311373.0,R_100,830.66,0.07999999999998408,1,1.0
1785311374.0,R_100,830.82,0.08000000000004093,1,1.0
1785311375.0,R_100,830.71,0.05500000000000682,-1,1.0
1785311376.0,R_100,830.73,0.009999999999990905,1,1.0
1785311377.0,R_100,830.57,0.07999999999998408,-1,1.0
1785311378.0,R_100,830.8,0.11499999999995225,1,1.0
1785311379.0,R_100,830.77,0.014999999999986358,-1,1.0
1785311380.0,R_100,830.71,0.029999999999972715,-1,1.0
1785311381.0,R_100,830.82,0.05500000000000682,1,1.0
1785311382.0,R_100,830.78,0.020000000000038654,-1,1.0
1785311383.0,R_100,830.57,0.10499999999996135,-1,1.0
1785311384.0,R_100,830.61,0.01999999999998181,1,1.0
1785311385.0,R_100,830.73,0.060000000000002274,1,1.0
1785311386.0,R_100,830.59,0.06999999999999318,-1,1.0
1785311387.0,R_100,830.9,0.15499999999997272,1,1.0
1785311388.0,R_100,830.8,0.05000000000001137,-1,1.0
1785311389.0,R_100,830.92,0.060000000000002274,1,1.0
1785311390.0,R_100,830.89,0.014999999999986358,-1,1.0
1785311391.0,R_100,830.78,0.05500000000000682,-1,1.0
1785311392.0,R_100,830.61,0.08499999999997954,-1,1.0
1785311393.0,R_100,830.49,0.060000000000002274,-1,1.0
1785311394.0,R_100,830.64,0.07499999999998863,1,1.0
1785311395.0,R_100,830.74,0.05000000000001137,1,1.0
1785311396.0,R_100,830.79,0.024999999999977263,1,1.0
1785311397.0,R_100,830.77,0.009999999999990905,-1,1.0
1785311398.0,R_100,830.86,0.045000000000015916,1,1.0
1785311399.0,R_100,830.92,0.029999999999972715,1,1.0
1785311400.0,R_100,830.72,0.0999999999999659,-1,1.0
1785311401.0,R_100,830.45,0.1349999999999909,-1,1.0
1785311402.0,R_100,830.35,0.05000000000001137,-1,1.0
1785311403.0,R_100,830.12,0.1150000000000091,-1,1.0
1785311404.0,R_100,830.1,0.009999999999990905,-1,1.0
1785311405.0,R_100,830.13,0.014999999999986358,1,1.0
1785311406.0,R_100,830.03,0.05000000000001137,-1,1.0
1785311407.0,R_100,829.94,0.04499999999995907,-1,1.0
1785311408.0,R_100,829.59,0.17500000000001137,-1,1.0
1785311409.0,R_100,829.79,0.0999999999999659,1,1.0
1785311410.0,R_100,829.89,0.05000000000001137,1,1.0
1785311411.0,R_100,829.87,0.009999999999990905,-1,1.0
1785311412.0,R_100,829.94,0.03500000000002501,1,1.0
1785311413.0,R_100,829.86,0.040000000000020464,-1,1.0
1785311414.0,R_100,829.87,0.0049999999999954525,1,1.0
1785311415.0,R_100,829.79,0.040000000000020464,-1,1.0
1785311416.0,R_100,829.86,0.03500000000002501,1,1.0
1785311417.0,R_100,829.66,0.10000000000002274,-1,1.0
1785311418.0,R_100,829.67,0.0049999999999954525,1,1.0
1785311419.0,R_100,829.6,0.03499999999996817,-1,1.0
1785311420.0,R_100,829.73,0.06499999999999773,1,1.0
1785311421.0,R_100,829.7,0.014999999999986358,-1,1.0
1785311422.0,R_100,829.58,0.060000000000002274,-1,1.0
1785311423.0,R_100,829.43,0.07500000000004547,-1,1.0
1785311424.0,R_100,829.41,0.009999999999990905,-1,1.0
1785311425.0,R_100,829.46,0.025000000000034106,1,1.0
1785311426.0,R_100,829.66,0.0999999999999659,1,1.0
1785311427.0,R_100,829.71,0.025000000000034106,1,1.0
1785311428.0,R_100,829.92,0.10499999999996135,1,1.0
1785311429.0,R_100,830.02,0.05000000000001137,1,1.0
1785311430.0,R_100,829.86,0.07999999999998408,-1,1.0
1785311431.0,R_100,829.94,0.040000000000020464,1,1.0
1785311432.0,R_100,829.86,0.040000000000020464,-1,1.0
1785311433.0,R_100,829.63,0.1150000000000091,-1,1.0
1785311434.0,R_100,829.56,0.03500000000002501,-1,1.0
1785311435.0,R_100,829.54,0.009999999999990905,-1,1.0
1785311436.0,R_100,829.44,0.049999999999954525,-1,1.0
1785311437.0,R_100,829.48,0.01999999999998181,1,1.0
1785311438.0,R_100,829.59,0.05500000000000682,1,1.0
1785311439.0,R_100,829.48,0.05500000000000682,-1,1.0
1785311440.0,R_100,829.53,0.024999999999977263,1,1.0
1785311441.0,R_100,829.5,0.014999999999986358,-1,1.0
1785311442.0,R_100,829.28,0.11000000000001364,-1,1.0
1785311443.0,R_100,829.29,0.0049999999999954525,1,1.0
1785311444.0,R_100,829.4,0.05500000000000682,1,1.0
1785311445.0,R_100,829.35,0.024999999999977263,-1,1.0
1785311446.0,R_100,829.39,0.01999999999998181,1,1.0
1785311447.0,R_100,829.33,0.029999999999972715,-1,1.0
1785311448.0,R_100,829.39,0.029999999999972715,1,1.0
1785311449.0,R_100,829.53,0.06999999999999318,1,1.0
1785311450.0,R_100,829.33,0.0999999999999659,-1,1.0
1785311451.0,R_100,829.07,0.12999999999999545,-1,1.0
1785311452.0,R_100,829.08,0.0049999999999954525,1,1.0
1785311453.0,R_100,828.97,0.05500000000000682,-1,1.0
1785311454.0,R_100,829.49,0.2599999999999909,1,1.0
1785311455.0,R_100,829.48,0.0049999999999954525,-1,1.0
1785311456.0,R_100,829.6,0.060000000000002274,1,1.0
1785311457.0,R_100,829.51,0.045000000000015916,-1,1.0
1785311458.0,R_100,829.62,0.05500000000000682,1,1.0
1785311459.0,R_100,829.66,0.01999999999998181,1,1.0
1785311460.0,R_100,829.58,0.03999999999996362,-1,1.0
1785311461.0,R_100,829.43,0.07500000000004547,-1,1.0
1785311462.0,R_100,829.36,0.03499999999996817,-1,1.0
1785311463.0,R_100,829.45,0.045000000000015916,1,1.0
1785311464.0,R_100,829.36,0.045000000000015916,-1,1.0
1785311465.0,R_100,829.24,0.060000000000002274,-1,1.0
1785311466.0,R_100,829.12,0.060000000000002274,-1,1.0
1785311467.0,R_100,829.17,0.024999999999977263,1,1.0
1785311468.0,R_100,829.01,0.07999999999998408,-1,1.0
1785311469.0,R_100,829.38,0.18500000000000227,1,1.0
1785311470.0,R_100,829.31,0.03500000000002501,-1,1.0
1785311471.0,R_100,829.25,0.029999999999972715,-1,1.0
1785311472.0,R_100,829.47,0.11000000000001364,1,1.0
1785311473.0,R_100,829.64,0.08499999999997954,1,1.0
1785311474.0,R_100,829.83,0.09500000000002728,1,1.0
1785311475.0,R_100,829.71,0.060000000000002274,-1,1.0
1785311476.0,R_100,829.66,0.025000000000034106,-1,1.0
1785311477.0,R_100,829.68,0.009999999999990905,1,1.0
1785311478.0,R_100,829.67,0.0049999999999954525,-1,1.0
1785311479.0,R_100,830.01,0.17000000000001592,1,1.0
1785311480.0,R_100,830.01,0.0,0,1.0
1785311481.0,R_100,829.99,0.009999999999990905,-1,1.0
1785311482.0,R_100,829.96,0.014999999999986358,-1,1.0
1785311483.0,R_100,830.17,0.10499999999996135,1,1.0
1785311484.0,R_100,830.18,0.0049999999999954525,1,1.0
1785311485.0,R_100,830.02,0.07999999999998408,-1,1.0
1785311486.0,R_100,830.15,0.06499999999999773,1,1.0
1785311487.0,R_100,830.21,0.03000000000002956,1,1.0
1785311488.0,R_100,830.26,0.024999999999977263,1,1.0
1785311489.0,R_100,830.33,0.03500000000002501,1,1.0
1785311490.0,R_100,830.23,0.05000000000001137,-1,1.0
1785311491.0,R_100,830.34,0.05500000000000682,1,1.0
1785311492.0,R_100,830.52,0.08999999999997499,1,1.0
1785311493.0,R_100,830.36,0.07999999999998408,-1,1.0
1785311494.0,R_100,830.41,0.024999999999977263,1,1.0
1785311495.0,R_100,830.46,0.025000000000034106,1,1.0
1785311496.0,R_100,830.61,0.07499999999998863,1,1.0
1785311497.0,R_100,830.47,0.06999999999999318,-1,1.0
1785311498.0,R_100,830.44,0.014999999999986358,-1,1.0
1785311499.0,R_100,830.64,0.0999999999999659,1,1.0
1785311500.0,R_100,830.56,0.040000000000020464,-1,1.0
1785311501.0,R_100,830.67,0.05500000000000682,1,1.0
1785311502.0,R_100,830.83,0.08000000000004093,1,1.0
1785311503.0,R_100,830.65,0.09000000000003183,-1,1.0
1785311504.0,R_100,830.38,0.1349999999999909,-1,1.0
1785311505.0,R_100,830.35,0.014999999999986358,-1,1.0
1785311506.0,R_100,830.52,0.08499999999997954,1,1.0
1785311507.0,R_100,830.46,0.029999999999972715,-1,1.0
1785311508.0,R_100,830.57,0.05500000000000682,1,1.0
1785311509.0,R_100,830.62,0.024999999999977263,1,1.0
1785311510.0,R_100,830.34,0.13999999999998636,-1,1.0
1785311511.0,R_100,830.34,0.0,0,1.0
1785311512.0,R_100,830.45,0.05500000000000682,1,1.0
1785311513.0,R_100,830.69,0.12000000000000455,1,1.0
1785311514.0,R_100,830.55,0.07000000000005002,-1,1.0
1785311515.0,R_100,830.3,0.125,-1,1.0
1785311516.0,R_100,830.17,0.06499999999999773,-1,1.0
1785311517.0,R_100,830.14,0.014999999999986358,-1,1.0
1785311518.0,R_100,829.94,0.0999999999999659,-1,1.0
1785311519.0,R_100,829.89,0.025000000000034106,-1,1.0
1785311520.0,R_100,829.83,0.029999999999972715,-1,1.0
1785311521.0,R_100,829.72,0.05500000000000682,-1,1.0
1785311522.0,R_100,829.59,0.06499999999999773,-1,1.0
1785311523.0,R_100,829.65,0.029999999999972715,1,1.0
1785311524.0,R_100,829.56,0.045000000000015916,-1,1.0
1785311525.0,R_100,829.65,0.045000000000015916,1,1.0
1785311526.0,R_100,829.62,0.014999999999986358,-1,1.0
1785311527.0,R_100,829.65,0.014999999999986358,1,1.0
1785311528.0,R_100,829.57,0.03999999999996362,-1,1.0
1785311529.0,R_100,829.47,0.05000000000001137,-1,1.0
1785311530.0,R_100,829.35,0.060000000000002274,-1,1.0
1785311531.0,R_100,829.24,0.05500000000000682,-1,1.0
1785311532.0,R_100,829.11,0.06499999999999773,-1,1.0
1785311533.0,R_100,829.0,0.05500000000000682,-1,1.0
1785311534.0,R_100,829.06,0.029999999999972715,1,1.0
1785311535.0,R_100,829.12,0.03000000000002956,1,1.0
1785311536.0,R_100,829.04,0.040000000000020464,-1,1.0
1785311537.0,R_100,828.91,0.06499999999999773,-1,1.0
1785311538.0,R_100,828.95,0.020000000000038654,1,1.0
1785311539.0,R_100,828.89,0.03000000000002956,-1,1.0
1785311540.0,R_100,828.92,0.014999999999986358,1,1.0
1785311541.0,R_100,828.88,0.01999999999998181,-1,1.0
1785311542.0,R_100,828.84,0.01999999999998181,-1,1.0
1785311543.0,R_100,828.61,0.1150000000000091,-1,1.0
1785311544.0,R_100,828.84,0.1150000000000091,1,1.0
1785311545.0,R_100,828.98,0.06999999999999318,1,1.0
1785311546.0,R_100,828.91,0.03500000000002501,-1,1.0
1785311547.0,R_100,828.86,0.024999999999977263,-1,1.0
1785311548.0,R_100,828.74,0.060000000000002274,-1,1.0
1785311549.0,R_100,828.33,0.20499999999998408,-1,1.0
1785311550.0,R_100,828.24,0.045000000000015916,-1,1.0
1785311551.0,R_100,828.4,0.07999999999998408,1,1.0
1785311552.0,R_100,828.55,0.07499999999998863,1,1.0
1785311553.0,R_100,828.59,0.020000000000038654,1,1.0
1785311554.0,R_100,828.5,0.045000000000015916,-1,1.0
1785311555.0,R_100,828.83,0.16500000000002046,1,1.0
1785311556.0,R_100,829.01,0.08999999999997499,1,1.0
1785311557.0,R_100,829.12,0.05500000000000682,1,1.0
1785311558.0,R_100,828.88,0.12000000000000455,-1,1.0
1785311559.0,R_100,828.79,0.045000000000015916,-1,1.0
1785311560.0,R_100,828.9,0.05500000000000682,1,1.0
1785311561.0,R_100,828.92,0.009999999999990905,1,1.0
1785311562.0,R_100,829.09,0.08500000000003638,1,1.0
1785311563.0,R_100,829.08,0.0049999999999954525,-1,1.0
1785311564.0,R_100,828.97,0.05500000000000682,-1,1.0
1785311565.0,R_100,828.74,0.1150000000000091,-1,1.0
1785311566.0,R_100,829.12,0.18999999999999773,1,1.0
1785311567.0,R_100,829.12,0.0,0,1.0
1785311568.0,R_100,828.98,0.06999999999999318,-1,1.0
1785311569.0,R_100,829.07,0.045000000000015916,1,1.0
1785311570.0,R_100,829.1,0.014999999999986358,1,1.0
1785311571.0,R_100,829.52,0.20999999999997954,1,1.0
1785311572.0,R_100,829.76,0.12000000000000455,1,1.0
1785311573.0,R_100,829.82,0.03000000000002956,1,1.0
1785311574.0,R_100,829.76,0.03000000000002956,-1,1.0
1785311575.0,R_100,829.94,0.09000000000003183,1,1.0
1785311576.0,R_100,829.91,0.015000000000043201,-1,1.0
1785311577.0,R_100,830.04,0.06499999999999773,1,1.0
1785311578.0,R_100,830.01,0.014999999999986358,-1,1.0
1785311579.0,R_100,830.06,0.024999999999977263,1,1.0
1785311580.0,R_100,830.04,0.009999999999990905,-1,1.0
1785311581.0,R_100,829.99,0.024999999999977263,-1,1.0
1785311582.0,R_100,829.91,0.040000000000020464,-1,1.0
1785311583.0,R_100,829.74,0.08499999999997954,-1,1.0
1785311584.0,R_100,829.63,0.05500000000000682,-1,1.0
1785311585.0,R_100,829.57,0.029999999999972715,-1,1.0
1785311586.0,R_100,829.73,0.07999999999998408,1,1.0
1785311587.0,R_100,829.77,0.01999999999998181,1,1.0
1785311588.0,R_100,829.74,0.014999999999986358,-1,1.0
1785311589.0,R_100,829.71,0.014999999999986358,-1,1.0
1785311590.0,R_100,829.71,0.0,0,1.0
1785311591.0,R_100,829.61,0.05000000000001137,-1,1.0
1785311592.0,R_100,829.63,0.009999999999990905,1,1.0
1785311593.0,R_100,829.45,0.08999999999997499,-1,1.0
1785311594.0,R_100,829.41,0.020000000000038654,-1,1.0
1785311595.0,R_100,829.48,0.03500000000002501,1,1.0
1785311596.0,R_100,829.61,0.06499999999999773,1,1.0
1785311597.0,R_100,829.58,0.014999999999986358,-1,1.0
1785311598.0,R_100,829.65,0.03499999999996817,1,1.0
1785311599.0,R_100,829.68,0.014999999999986358,1,1.0
1785311600.0,R_100,829.84,0.08000000000004093,1,1.0
1785311601.0,R_100,829.61,0.1150000000000091,-1,1.0
1785311602.0,R_100,829.66,0.024999999999977263,1,1.0
1785311603.0,R_100,829.63,0.014999999999986358,-1,1.0
1785311604.0,R_100,829.75,0.060000000000002274,1,1.0
1785311605.0,R_100,829.55,0.10000000000002274,-1,1.0
1785311606.0,R_100,829.66,0.05500000000000682,1,1.0
1785311607.0,R_100,829.37,0.1449999999999818,-1,1.0
1785311608.0,R_100,828.97,0.19999999999998863,-1,1.0
1785311609.0,R_100,828.91,0.03000000000002956,-1,1.0
1785311610.0,R_100,828.87,0.01999999999998181,-1,1.0
1785311611.0,R_100,828.92,0.024999999999977263,1,1.0
1785311612.0,R_100,828.88,0.01999999999998181,-1,1.0
1785311613.0,R_100,828.9,0.009999999999990905,1,1.0
1785311614.0,R_100,828.85,0.024999999999977263,-1,1.0
1785311615.0,R_100,828.92,0.03499999999996817,1,1.0
1785311616.0,R_100,829.0,0.040000000000020464,1,1.0
1785311617.0,R_100,829.09,0.045000000000015916,1,1.0
1785311618.0,R_100,829.06,0.015000000000043201,-1,1.0
1785311619.0,R_100,829.15,0.045000000000015916,1,1.0
1785311620.0,R_100,828.99,0.07999999999998408,-1,1.0
1785311621.0,R_100,828.99,0.0,0,1.0
1785311622.0,R_100,829.02,0.014999999999986358,1,1.0
1785311623.0,R_100,829.0,0.009999999999990905,-1,1.0
1785311624.0,R_100,828.99,0.0049999999999954525,-1,1.0
1785311625.0,R_100,829.12,0.06499999999999773,1,1.0
1785311626.0,R_100,829.09,0.014999999999986358,-1,1.0
1785311627.0,R_100,829.21,0.060000000000002274,1,1.0
1785311628.0,R_100,829.11,0.05000000000001137,-1,1.0
1785311629.0,R_100,829.05,0.03000000000002956,-1,1.0
1785311630.0,R_100,828.73,0.15999999999996817,-1,1.0
1785311631.0,R_100,828.6,0.06499999999999773,-1,1.0
1785311632.0,R_100,828.6,0.0,0,1.0
1785311633.0,R_100,828.64,0.01999999999998181,1,1.0
1785311634.0,R_100,828.62,0.009999999999990905,-1,1.0
1785311635.0,R_100,828.47,0.07499999999998863,-1,1.0
1785311636.0,R_100,828.49,0.009999999999990905,1,1.0
1785311637.0,R_100,828.56,0.03499999999996817,1,1.0
1785311638.0,R_100,828.66,0.05000000000001137,1,1.0
1785311639.0,R_100,828.78,0.060000000000002274,1,1.0
1785311640.0,R_100,828.81,0.014999999999986358,1,1.0
1785311641.0,R_100,828.96,0.07500000000004547,1,1.0
1785311642.0,R_100,829.04,0.03999999999996362,1,1.0
1785311643.0,R_100,829.13,0.045000000000015916,1,1.0
1785311644.0,R_100,829.1,0.014999999999986358,-1,1.0
1785311645.0,R_100,828.97,0.06499999999999773,-1,1.0
1785311646.0,R_100,828.84,0.06499999999999773,-1,1.0
1785311647.0,R_100,828.61,0.1150000000000091,-1,1.0
1785311648.0,R_100,828.75,0.06999999999999318,1,1.0
1785311649.0,R_100,829.11,0.18000000000000682,1,1.0
1785311650.0,R_100,829.24,0.06499999999999773,1,1.0
1785311651.0,R_100,829.33,0.045000000000015916,1,1.0
1785311652.0,R_100,829.2,0.06499999999999773,-1,1.0
1785311653.0,R_100,829.19,0.0049999999999954525,-1,1.0
1785311654.0,R_100,829.3,0.05499999999994998,1,1.0
1785311655.0,R_100,829.38,0.040000000000020464,1,1.0
1785311656.0,R_100,829.29,0.045000000000015916,-1,1.0
1785311657.0,R_100,829.08,0.10499999999996135,-1,1.0
1785311658.0,R_100,829.23,0.07499999999998863,1,1.0
1785311659.0,R_100,829.16,0.03500000000002501,-1,1.0
1785311660.0,R_100,829.22,0.03000000000002956,1,1.0
1785311661.0,R_100,829.11,0.05500000000000682,-1,1.0
1785311662.0,R_100,829.12,0.0049999999999954525,1,1.0
1785311663.0,R_100,829.17,0.024999999999977263,1,1.0
1785311664.0,R_100,829.12,0.024999999999977263,-1,1.0
1785311665.0,R_100,829.38,0.12999999999999545,1,1.0
1785311666.0,R_100,829.48,0.05000000000001137,1,1.0
1785311667.0,R_100,829.59,0.05500000000000682,1,1.0
1785311668.0,R_100,829.47,0.060000000000002274,-1,1.0
1785311669.0,R_100,829.36,0.05500000000000682,-1,1.0
1785311670.0,R_100,829.59,0.1150000000000091,1,1.0
1785311671.0,R_100,829.54,0.025000000000034106,-1,1.0
1785311672.0,R_100,829.51,0.014999999999986358,-1,1.0
1785311673.0,R_100,829.7,0.09500000000002728,1,1.0
1785311674.0,R_100,829.66,0.020000000000038654,-1,1.0
1785311675.0,R_100,829.85,0.09500000000002728,1,1.0
1785311676.0,R_100,829.89,0.01999999999998181,1,1.0
1785311677.0,R_100,829.83,0.029999999999972715,-1,1.0
1785311678.0,R_100,829.81,0.010000000000047748,-1,1.0
1785311679.0,R_100,829.91,0.05000000000001137,1,1.0
1785311680.0,R_100,829.87,0.01999999999998181,-1,1.0
1785311681.0,R_100,829.9,0.014999999999986358,1,1.0
1785311682.0,R_100,829.92,0.009999999999990905,1,1.0
1785311683.0,R_100,830.1,0.09000000000003183,1,1.0
1785311684.0,R_100,829.96,0.06999999999999318,-1,1.0
1785311685.0,R_100,830.01,0.024999999999977263,1,1.0
1785311686.0,R_100,830.22,0.10500000000001819,1,1.0
1785311687.0,R_100,830.32,0.05000000000001137,1,1.0
1785311688.0,R_100,830.25,0.03500000000002501,-1,1.0
1785311689.0,R_100,830.05,0.10000000000002274,-1,1.0
1785311690.0,R_100,830.08,0.015000000000043201,1,1.0
1785311691.0,R_100,829.77,0.15500000000002956,-1,1.0
1785311692.0,R_100,829.56,0.10500000000001819,-1,1.0
1785311693.0,R_100,829.68,0.060000000000002274,1,1.0
1785311694.0,R_100,829.5,0.08999999999997499,-1,1.0
1785311695.0,R_100,829.5,0.0,0,1.0
1785311696.0,R_100,829.53,0.014999999999986358,1,1.0
1785311697.0,R_100,829.8,0.1349999999999909,1,1.0
1785311698.0,R_100,829.72,0.03999999999996362,-1,1.0
1785311699.0,R_100,829.38,0.17000000000001592,-1,1.0
1785311700.0,R_100,829.26,0.060000000000002274,-1,1.0
1785311701.0,R_100,829.46,0.10000000000002274,1,1.0
1785311702.0,R_100,829.7,0.12000000000000455,1,1.0
1785311703.0,R_100,829.83,0.06499999999999773,1,1.0
1785311704.0,R_100,829.96,0.06499999999999773,1,1.0
1785311705.0,R_100,830.01,0.024999999999977263,1,1.0
1785311706.0,R_100,830.11,0.05000000000001137,1,1.0
1785311707.0,R_100,830.12,0.0049999999999954525,1,1.0
1785311708.0,R_100,830.22,0.05000000000001137,1,1.0
1785311709.0,R_100,830.46,0.12000000000000455,1,1.0
1785311710.0,R_100,830.45,0.0049999999999954525,-1,1.0
1785311711.0,R_100,830.39,0.03000000000002956,-1,1.0
1785311712.0,R_100,830.56,0.08499999999997954,1,1.0
1785311713.0,R_100,830.75,0.09500000000002728,1,1.0
1785311714.0,R_100,830.68,0.03500000000002501,-1,1.0
1785311715.0,R_100,830.58,0.049999999999954525,-1,1.0
1785311716.0,R_100,830.51,0.03500000000002501,-1,1.0
1785311717.0,R_100,830.63,0.060000000000002274,1,1.0
1785311718.0,R_100,830.52,0.05500000000000682,-1,1.0
1785311719.0,R_100,830.57,0.025000000000034106,1,1.0
1785311720.0,R_100,830.59,0.009999999999990905,1,1.0
1785311721.0,R_100,830.63,0.01999999999998181,1,1.0
1785311722.0,R_100,830.52,0.05500000000000682,-1,1.0
1785311723.0,R_100,830.25,0.1349999999999909,-1,1.0
1785311724.0,R_100,830.16,0.045000000000015916,-1,1.0
1785311725.0,R_100,830.14,0.009999999999990905,-1,1.0
1785311726.0,R_100,830.04,0.05000000000001137,-1,1.0
1785311727.0,R_100,829.95,0.04499999999995907,-1,1.0
1785311728.0,R_100,829.47,0.2400000000000091,-1,1.0
1785311729.0,R_100,829.3,0.08500000000003638,-1,1.0
1785311730.0,R_100,829.48,0.09000000000003183,1,1.0
1785311731.0,R_100,829.34,0.06999999999999318,-1,1.0
1785311732.0,R_100,829.32,0.009999999999990905,-1,1.0
1785311733.0,R_100,829.44,0.060000000000002274,1,1.0
1785311734.0,R_100,829.33,0.05500000000000682,-1,1.0
1785311735.0,R_100,829.21,0.060000000000002274,-1,1.0
1785311736.0,R_100,829.15,0.03000000000002956,-1,1.0
1785311737.0,R_100,829.17,0.009999999999990905,1,1.0
1785311738.0,R_100,829.5,0.16500000000002046,1,1.0
1785311739.0,R_100,829.82,0.160000000000025,1,1.0
1785311740.0,R_100,829.82,0.0,0,1.0
1785311741.0,R_100,829.78,0.020000000000038654,-1,1.0
1785311742.0,R_100,829.57,0.10499999999996135,-1,1.0
1785311743.0,R_100,829.67,0.049999999999954525,1,1.0
1785311744.0,R_100,829.86,0.09500000000002728,1,1.0
1785311745.0,R_100,830.2,0.17000000000001592,1,1.0
1785311746.0,R_100,830.11,0.045000000000015916,-1,1.0
1785311747.0,R_100,830.28,0.08499999999997954,1,1.0
1785311748.0,R_100,830.52,0.12000000000000455,1,1.0
1785311749.0,R_100,830.42,0.05000000000001137,-1,1.0
1785311750.0,R_100,830.39,0.014999999999986358,-1,1.0
1785311751.0,R_100,830.19,0.0999999999999659,-1,1.0
1785311752.0,R_100,830.13,0.03000000000002956,-1,1.0
1785311753.0,R_100,830.12,0.0049999999999954525,-1,1.0
1785311754.0,R_100,830.48,0.18000000000000682,1,1.0
1785311755.0,R_100,830.48,0.0,0,1.0
1785311756.0,R_100,830.45,0.014999999999986358,-1,1.0
1785311757.0,R_100,830.62,0.08499999999997954,1,1.0
1785311758.0,R_100,830.62,0.0,0,1.0
1785311759.0,R_100,830.72,0.05000000000001137,1,1.0
1785311760.0,R_100,830.76,0.01999999999998181,1,1.0
1785311761.0,R_100,830.72,0.01999999999998181,-1,1.0
1785311762.0,R_100,830.55,0.08500000000003638,-1,1.0
1785311763.0,R_100,830.19,0.17999999999994998,-1,1.0
1785311764.0,R_100,830.24,0.024999999999977263,1,1.0
1785311765.0,R_100,830.17,0.03500000000002501,-1,1.0
1785311766.0,R_100,830.46,0.14500000000003865,1,1.0
1785311767.0,R_100,830.18,0.1400000000000432,-1,1.0
1785311768.0,R_100,830.08,0.049999999999954525,-1,1.0
1785311769.0,R_100,829.97,0.05500000000000682,-1,1.0
1785311770.0,R_100,830.09,0.060000000000002274,1,1.0
1785311771.0,R_100,830.28,0.09499999999997044,1,1.0
1785311772.0,R_100,830.48,0.10000000000002274,1,1.0
1785311773.0,R_100,830.37,0.05500000000000682,-1,1.0
1785311774.0,R_100,830.54,0.08499999999997954,1,1.0
1785311775.0,R_100,830.5,0.01999999999998181,-1,1.0
1785311776.0,R_100,830.41,0.045000000000015916,-1,1.0
1785311777.0,R_100,830.49,0.040000000000020464,1,1.0
1785311778.0,R_100,830.38,0.05500000000000682,-1,1.0
1785311779.0,R_100,830.42,0.01999999999998181,1,1.0
1785311780.0,R_100,830.38,0.01999999999998181,-1,1.0
1785311781.0,R_100,830.16,0.11000000000001364,-1,1.0
1785311782.0,R_100,830.3,0.06999999999999318,1,1.0
1785311783.0,R_100,830.27,0.014999999999986358,-1,1.0
1785311784.0,R_100,830.2,0.03499999999996817,-1,1.0
1785311785.0,R_100,830.03,0.08500000000003638,-1,1.0
1785311786.0,R_100,830.01,0.009999999999990905,-1,1.0
1785311787.0,R_100,829.99,0.009999999999990905,-1,1.0
1785311788.0,R_100,830.03,0.01999999999998181,1,1.0
1785311789.0,R_100,830.13,0.05000000000001137,1,1.0
1785311790.0,R_100,830.17,0.01999999999998181,1,1.0
1785311791.0,R_100,830.11,0.029999999999972715,-1,1.0
1785311792.0,R_100,829.94,0.08499999999997954,-1,1.0
1785311793.0,R_100,829.86,0.040000000000020464,-1,1.0
1785311794.0,R_100,829.79,0.03500000000002501,-1,1.0
1785311795.0,R_100,829.53,0.12999999999999545,-1,1.0
1785311796.0,R_100,829.5,0.014999999999986358,-1,1.0
1785311797.0,R_100,829.35,0.07499999999998863,-1,1.0
1785311798.0,R_100,829.24,0.05500000000000682,-1,1.0
1785311799.0,R_100,829.35,0.05500000000000682,1,1.0
1785311800.0,R_100,828.96,0.19499999999999318,-1,1.0
1785311801.0,R_100,828.9,0.03000000000002956,-1,1.0
1785311802.0,R_100,828.7,0.0999999999999659,-1,1.0
1785311803.0,R_100,828.77,0.03499999999996817,1,1.0
1785311804.0,R_100,828.8,0.014999999999986358,1,1.0
1785311805.0,R_100,828.97,0.08500000000003638,1,1.0
1785311806.0,R_100,828.71,0.12999999999999545,-1,1.0
1785311807.0,R_100,828.78,0.03499999999996817,1,1.0
1785311808.0,R_100,828.99,0.10500000000001819,1,1.0
1785311809.0,R_100,829.1,0.05500000000000682,1,1.0
1785311810.0,R_100,829.35,0.125,1,1.0
1785311811.0,R_100,829.2,0.07499999999998863,-1,1.0
1785311812.0,R_100,829.21,0.0049999999999954525,1,1.0
1785311813.0,R_100,828.94,0.1349999999999909,-1,1.0
1785311814.0,R_100,828.96,0.009999999999990905,1,1.0
1785311815.0,R_100,828.97,0.0049999999999954525,1,1.0
1785311816.0,R_100,829.03,0.029999999999972715,1,1.0
1785311817.0,R_100,829.18,0.07499999999998863,1,1.0
1785311818.0,R_100,829.12,0.029999999999972715,-1,1.0
1785311819.0,R_100,828.98,0.06999999999999318,-1,1.0
1785311820.0,R_100,828.82,0.07999999999998408,-1,1.0
1785311821.0,R_100,828.77,0.025000000000034106,-1,1.0
1785311822.0,R_100,828.9,0.06499999999999773,1,1.0
1785311823.0,R_100,828.87,0.014999999999986358,-1,1.0
1785311824.0,R_100,828.98,0.05500000000000682,1,1.0
1785311825.0,R_100,828.87,0.05500000000000682,-1,1.0
1785311826.0,R_100,829.18,0.15499999999997272,1,1.0
1785311827.0,R_100,828.85,0.16499999999996362,-1,1.0
1785311828.0,R_100,828.9,0.024999999999977263,1,1.0
1785311829.0,R_100,828.81,0.045000000000015916,-1,1.0
1785311830.0,R_100,828.91,0.05000000000001137,1,1.0
1785311831.0,R_100,828.82,0.04499999999995907,-1,1.0
1785311832.0,R_100,828.98,0.07999999999998408,1,1.0
1785311833.0,R_100,828.77,0.10500000000001819,-1,1.0
1785311834.0,R_100,828.8,0.014999999999986358,1,1.0
1785311835.0,R_100,828.95,0.07500000000004547,1,1.0
1785311836.0,R_100,829.04,0.04499999999995907,1,1.0
1785311837.0,R_100,828.94,0.049999999999954525,-1,1.0
1785311838.0,R_100,829.21,0.1349999999999909,1,1.0
1785311839.0,R_100,829.03,0.09000000000003183,-1,1.0
1785311840.0,R_100,829.3,0.1349999999999909,1,1.0
1785311841.0,R_100,829.41,0.05500000000000682,1,1.0
1785311842.0,R_100,829.3,0.05500000000000682,-1,1.0
1785311843.0,R_100,829.3,0.0,0,1.0
1785311844.0,R_100,829.42,0.060000000000002274,1,1.0
1785311845.0,R_100,829.21,0.10499999999996135,-1,1.0
1785311846.0,R_100,829.21,0.0,0,1.0
1785311847.0,R_100,828.95,0.12999999999999545,-1,1.0
1785311848.0,R_100,828.94,0.0049999999999954525,-1,1.0
1785311849.0,R_100,828.69,0.125,-1,1.0
1785311850.0,R_100,828.52,0.08500000000003638,-1,1.0
1785311851.0,R_100,828.58,0.03000000000002956,1,1.0
1785311852.0,R_100,828.49,0.045000000000015916,-1,1.0
1785311853.0,R_100,828.56,0.03499999999996817,1,1.0
1785311854.0,R_100,828.67,0.05500000000000682,1,1.0
1785311855.0,R_100,828.6,0.03499999999996817,-1,1.0
1785311856.0,R_100,828.78,0.08999999999997499,1,1.0
1785311857.0,R_100,828.72,0.029999999999972715,-1,1.0
1785311858.0,R_100,828.65,0.03500000000002501,-1,1.0
1785311859.0,R_100,828.76,0.05500000000000682,1,1.0
1785311860.0,R_100,828.9,0.06999999999999318,1,1.0
1785311861.0,R_100,828.93,0.014999999999986358,1,1.0
1785311862.0,R_100,829.16,0.1150000000000091,1,1.0
1785311863.0,R_100,829.23,0.03500000000002501,1,1.0
1785311864.0,R_100,829.12,0.05500000000000682,-1,1.0
1785311865.0,R_100,829.17,0.024999999999977263,1,1.0
1785311866.0,R_100,829.12,0.024999999999977263,-1,1.0
1785311867.0,R_100,829.22,0.05000000000001137,1,1.0
1785311868.0,R_100,829.0,0.11000000000001364,-1,1.0
1785311869.0,R_100,828.78,0.11000000000001364,-1,1.0
1785311870.0,R_100,828.8,0.009999999999990905,1,1.0
1785311871.0,R_100,828.71,0.04499999999995907,-1,1.0
1785311872.0,R_100,828.74,0.014999999999986358,1,1.0
1785311873.0,R_100,828.68,0.03000000000002956,-1,1.0
1785311874.0,R_100,828.39,0.1449999999999818,-1,1.0
1785311875.0,R_100,828.48,0.045000000000015916,1,1.0
1785311876.0,R_100,828.37,0.05500000000000682,-1,1.0
1785311877.0,R_100,828.08,0.1449999999999818,-1,1.0
1785311878.0,R_100,828.12,0.01999999999998181,1,1.0
1785311879.0,R_100,827.96,0.07999999999998408,-1,1.0
1785311880.0,R_100,827.75,0.10500000000001819,-1,1.0
1785311881.0,R_100,827.61,0.06999999999999318,-1,1.0
1785311882.0,R_100,827.57,0.01999999999998181,-1,1.0
1785311883.0,R_100,827.71,0.06999999999999318,1,1.0
1785311884.0,R_100,827.71,0.0,0,1.0
1785311885.0,R_100,827.57,0.06999999999999318,-1,1.0
1785311886.0,R_100,827.58,0.0049999999999954525,1,1.0
1785311887.0,R_100,827.54,0.020000000000038654,-1,1.0
1785311888.0,R_100,827.71,0.08500000000003638,1,1.0
1785311889.0,R_100,827.58,0.06499999999999773,-1,1.0
1785311890.0,R_100,827.36,0.11000000000001364,-1,1.0
1785311891.0,R_100,827.19,0.08499999999997954,-1,1.0
1785311892.0,R_100,827.11,0.040000000000020464,-1,1.0
1785311893.0,R_100,826.96,0.07499999999998863,-1,1.0
1785311894.0,R_100,826.93,0.015000000000043201,-1,1.0
1785311895.0,R_100,827.09,0.08000000000004093,1,1.0
1785311896.0,R_100,827.1,0.0049999999999954525,1,1.0
1785311897.0,R_100,826.96,0.06999999999999318,-1,1.0
1785311898.0,R_100,827.07,0.05500000000000682,1,1.0
1785311899.0,R_100,827.1,0.014999999999986358,1,1.0
1785311900.0,R_100,827.43,0.16499999999996362,1,1.0
1785311901.0,R_100,827.39,0.01999999999998181,-1,1.0
1785311902.0,R_100,827.33,0.029999999999972715,-1,1.0
1785311903.0,R_100,827.52,0.09499999999997044,1,1.0
1785311904.0,R_100,827.53,0.0049999999999954525,1,1.0
1785311905.0,R_100,827.31,0.11000000000001364,-1,1.0
1785311906.0,R_100,827.29,0.009999999999990905,-1,1.0
1785311907.0,R_100,827.38,0.045000000000015916,1,1.0
1785311908.0,R_100,827.45,0.03500000000002501,1,1.0
1785311909.0,R_100,827.56,0.05499999999994998,1,1.0
1785311910.0,R_100,827.74,0.09000000000003183,1,1.0
1785311911.0,R_100,827.6,0.06999999999999318,-1,1.0
1785311912.0,R_100,827.49,0.05500000000000682,-1,1.0
1785311913.0,R_100,827.36,0.06499999999999773,-1,1.0
1785311914.0,R_100,827.33,0.014999999999986358,-1,1.0
1785311915.0,R_100,827.32,0.0049999999999954525,-1,1.0
1785311916.0,R_100,827.46,0.06999999999999318,1,1.0
1785311917.0,R_100,827.56,0.049999999999954525,1,1.0
1785311918.0,R_100,827.38,0.08999999999997499,-1,1.0
1785311919.0,R_100,827.22,0.07999999999998408,-1,1.0
1785311920.0,R_100,827.04,0.09000000000003183,-1,1.0
1785311921.0,R_100,827.05,0.0049999999999954525,1,1.0
1785311922.0,R_100,827.22,0.08500000000003638,1,1.0
1785311923.0,R_100,827.17,0.025000000000034106,-1,1.0
1785311924.0,R_100,827.46,0.14500000000003865,1,1.0
1785311925.0,R_100,827.29,0.08500000000003638,-1,1.0
1785311926.0,R_100,827.0,0.1449999999999818,-1,1.0
1785311927.0,R_100,826.93,0.03500000000002501,-1,1.0
1785311928.0,R_100,826.99,0.03000000000002956,1,1.0
1785311929.0,R_100,826.94,0.024999999999977263,-1,1.0
1785311930.0,R_100,826.9,0.020000000000038654,-1,1.0
1785311931.0,R_100,826.95,0.025000000000034106,1,1.0
1785311932.0,R_100,827.13,0.08999999999997499,1,1.0
1785311933.0,R_100,826.99,0.06999999999999318,-1,1.0
1785311934.0,R_100,826.99,0.0,0,1.0
1785311935.0,R_100,826.96,0.014999999999986358,-1,1.0
1785311936.0,R_100,827.07,0.05500000000000682,1,1.0
1785311937.0,R_100,826.92,0.07500000000004547,-1,1.0
1785311938.0,R_100,826.9,0.009999999999990905,-1,1.0
1785311939.0,R_100,826.96,0.03000000000002956,1,1.0
1785311940.0,R_100,826.81,0.07500000000004547,-1,1.0
1785311941.0,R_100,826.73,0.03999999999996362,-1,1.0
1785311942.0,R_100,826.74,0.0049999999999954525,1,1.0
1785311943.0,R_100,826.54,0.10000000000002274,-1,1.0
1785311944.0,R_100,826.55,0.0049999999999954525,1,1.0
1785311945.0,R_100,826.82,0.13500000000004775,1,1.0
1785311946.0,R_100,826.68,0.07000000000005002,-1,1.0
1785311947.0,R_100,826.34,0.16999999999995907,-1,1.0
1785311948.0,R_100,826.2,0.06999999999999318,-1,1.0
1785311949.0,R_100,826.49,0.1449999999999818,1,1.0
1785311950.0,R_100,826.15,0.17000000000001592,-1,1.0
1785311951.0,R_100,826.03,0.060000000000002274,-1,1.0
1785311952.0,R_100,826.05,0.009999999999990905,1,1.0
1785311953.0,R_100,825.87,0.08999999999997499,-1,1.0
1785311954.0,R_100,825.83,0.01999999999998181,-1,1.0
1785311955.0,R_100,825.97,0.06999999999999318,1,1.0
1785311956.0,R_100,825.69,0.13999999999998636,-1,1.0
1785311957.0,R_100,825.6,0.045000000000015916,-1,1.0
1785311958.0,R_100,825.45,0.07499999999998863,-1,1.0
1785311959.0,R_100,825.54,0.04499999999995907,1,1.0
1785311960.0,R_100,825.73,0.09500000000002728,1,1.0
1785311961.0,R_100,825.76,0.014999999999986358,1,1.0
1785311962.0,R_100,825.74,0.009999999999990905,-1,1.0
1785311963.0,R_100,825.78,0.01999999999998181,1,1.0
1785311964.0,R_100,825.6,0.08999999999997499,-1,1.0
1785311965.0,R_100,825.74,0.06999999999999318,1,1.0
1785311966.0,R_100,825.64,0.05000000000001137,-1,1.0
1785311967.0,R_100,825.69,0.025000000000034106,1,1.0
1785311968.0,R_100,825.62,0.03500000000002501,-1,1.0
1785311969.0,R_100,825.54,0.040000000000020464,-1,1.0
1785311970.0,R_100,825.77,0.1150000000000091,1,1.0
1785311971.0,R_100,825.7,0.03499999999996817,-1,1.0
1785311972.0,R_100,825.9,0.0999999999999659,1,1.0
1785311973.0,R_100,825.91,0.0049999999999954525,1,1.0
1785311974.0,R_100,825.58,0.16499999999996362,-1,1.0
1785311975.0,R_100,825.6,0.009999999999990905,1,1.0
1785311976.0,R_100,825.56,0.020000000000038654,-1,1.0
1785311977.0,R_100,825.68,0.060000000000002274,1,1.0
1785311978.0,R_100,825.58,0.049999999999954525,-1,1.0
1785311979.0,R_100,825.35,0.1150000000000091,-1,1.0
1785311980.0,R_100,825.36,0.0049999999999954525,1,1.0
1785311981.0,R_100,825.61,0.125,1,1.0
1785311982.0,R_100,825.64,0.014999999999986358,1,1.0
1785311983.0,R_100,825.79,0.07499999999998863,1,1.0
1785311984.0,R_100,825.88,0.045000000000015916,1,1.0
1785311985.0,R_100,826.05,0.08499999999997954,1,1.0
1785311986.0,R_100,826.09,0.020000000000038654,1,1.0
1785311987.0,R_100,826.08,0.0049999999999954525,-1,1.0
1785311988.0,R_100,826.04,0.020000000000038654,-1,1.0
1785311989.0,R_100,825.99,0.024999999999977263,-1,1.0
1785311990.0,R_100,825.83,0.07999999999998408,-1,1.0
1785311991.0,R_100,825.71,0.060000000000002274,-1,1.0
1785311992.0,R_100,825.81,0.049999999999954525,1,1.0
1785311993.0,R_100,825.87,0.03000000000002956,1,1.0
1785311994.0,R_100,825.72,0.07499999999998863,-1,1.0
1785311995.0,R_100,825.74,0.009999999999990905,1,1.0
1785311996.0,R_100,825.7,0.01999999999998181,-1,1.0
1785311997.0,R_100,825.82,0.060000000000002274,1,1.0
1785311998.0,R_100,825.38,0.22000000000002728,-1,1.0
1785311999.0,R_100,825.13,0.125,-1,1.0
1785312000.0,R_100,825.0,0.06499999999999773,-1,1.0
1785312001.0,R_100,824.98,0.009999999999990905,-1,1.0
1785312002.0,R_100,825.0,0.009999999999990905,1,1.0
1785312003.0,R_100,825.01,0.0049999999999954525,1,1.0
1785312004.0,R_100,825.23,0.11000000000001364,1,1.0
1785312005.0,R_100,825.13,0.05000000000001137,-1,1.0
1785312006.0,R_100,825.05,0.040000000000020464,-1,1.0
1785312007.0,R_100,825.2,0.07500000000004547,1,1.0
1785312008.0,R_100,825.48,0.13999999999998636,1,1.0
1785312009.0,R_100,825.42,0.03000000000002956,-1,1.0
1785312010.0,R_100,825.65,0.1150000000000091,1,1.0
1785312011.0,R_100,825.54,0.05500000000000682,-1,1.0
1785312012.0,R_100,825.43,0.05500000000000682,-1,1.0
1785312013.0,R_100,825.3,0.06499999999999773,-1,1.0
1785312014.0,R_100,825.44,0.07000000000005002,1,1.0
1785312015.0,R_100,825.4,0.020000000000038654,-1,1.0
1785312016.0,R_100,825.45,0.025000000000034106,1,1.0
1785312017.0,R_100,825.37,0.040000000000020464,-1,1.0
1785312018.0,R_100,825.42,0.024999999999977263,1,1.0
1785312019.0,R_100,825.2,0.1099999999999568,-1,1.0
1785312020.0,R_100,825.23,0.014999999999986358,1,1.0
1785312021.0,R_100,825.2,0.014999999999986358,-1,1.0
1785312022.0,R_100,825.08,0.060000000000002274,-1,1.0
1785312023.0,R_100,824.88,0.10000000000002274,-1,1.0
1785312024.0,R_100,824.75,0.06499999999999773,-1,1.0
1785312025.0,R_100,824.94,0.09500000000002728,1,1.0
1785312026.0,R_100,824.78,0.08000000000004093,-1,1.0
1785312027.0,R_100,824.9,0.060000000000002274,1,1.0
1785312028.0,R_100,824.81,0.045000000000015916,-1,1.0
1785312029.0,R_100,824.57,0.1199999999999477,-1,1.0
1785312030.0,R_100,824.63,0.029999999999972715,1,1.0
1785312031.0,R_100,824.43,0.10000000000002274,-1,1.0
1785312032.0,R_100,824.61,0.09000000000003183,1,1.0
1785312033.0,R_100,824.61,0.0,0,1.0
1785312034.0,R_100,824.65,0.01999999999998181,1,1.0
1785312035.0,R_100,824.62,0.014999999999986358,-1,1.0
1785312036.0,R_100,824.21,0.20499999999998408,-1,1.0
1785312037.0,R_100,824.48,0.1349999999999909,1,1.0
1785312038.0,R_100,824.67,0.09499999999997044,1,1.0
1785312039.0,R_100,825.01,0.17000000000001592,1,1.0
1785312040.0,R_100,825.12,0.05500000000000682,1,1.0
1785312041.0,R_100,825.22,0.05000000000001137,1,1.0
1785312042.0,R_100,825.31,0.04499999999995907,1,1.0
1785312043.0,R_100,825.6,0.14500000000003865,1,1.0
1785312044.0,R_100,825.45,0.07499999999998863,-1,1.0
1785312045.0,R_100,825.51,0.029999999999972715,1,1.0
1785312046.0,R_100,825.47,0.01999999999998181,-1,1.0
1785312047.0,R_100,825.52,0.024999999999977263,1,1.0
1785312048.0,R_100,825.48,0.01999999999998181,-1,1.0
1785312049.0,R_100,825.57,0.045000000000015916,1,1.0
1785312050.0,R_100,825.66,0.04499999999995907,1,1.0
1785312051.0,R_100,825.79,0.06499999999999773,1,1.0
1785312052.0,R_100,825.82,0.015000000000043201,1,1.0
1785312053.0,R_100,826.02,0.0999999999999659,1,1.0
1785312054.0,R_100,826.26,0.12000000000000455,1,1.0
1785312055.0,R_100,826.31,0.024999999999977263,1,1.0
1785312056.0,R_100,826.17,0.06999999999999318,-1,1.0
1785312057.0,R_100,826.09,0.03999999999996362,-1,1.0
1785312058.0,R_100,826.03,0.03000000000002956,-1,1.0
1785312059.0,R_100,825.8,0.1150000000000091,-1,1.0
1785312060.0,R_100,825.73,0.03499999999996817,-1,1.0
1785312061.0,R_100,825.93,0.0999999999999659,1,1.0
1785312062.0,R_100,826.12,0.09500000000002728,1,1.0
1785312063.0,R_100,826.47,0.17500000000001137,1,1.0
1785312064.0,R_100,826.5,0.014999999999986358,1,1.0
1785312065.0,R_100,826.71,0.10500000000001819,1,1.0
1785312066.0,R_100,826.47,0.12000000000000455,-1,1.0
1785312067.0,R_100,826.41,0.03000000000002956,-1,1.0
1785312068.0,R_100,826.46,0.025000000000034106,1,1.0
1785312069.0,R_100,826.44,0.009999999999990905,-1,1.0
1785312070.0,R_100,826.43,0.005000000000052296,-1,1.0
1785312071.0,R_100,826.37,0.029999999999972715,-1,1.0
1785312072.0,R_100,826.45,0.040000000000020464,1,1.0
1785312073.0,R_100,826.13,0.160000000000025,-1,1.0
1785312074.0,R_100,825.89,0.12000000000000455,-1,1.0
1785312075.0,R_100,825.69,0.0999999999999659,-1,1.0
1785312076.0,R_100,825.88,0.09499999999997044,1,1.0
1785312077.0,R_100,826.03,0.07499999999998863,1,1.0
1785312078.0,R_100,826.13,0.05000000000001137,1,1.0
1785312079.0,R_100,825.85,0.13999999999998636,-1,1.0
1785312080.0,R_100,825.85,0.0,0,1.0
1785312081.0,R_100,825.61,0.12000000000000455,-1,1.0
1785312082.0,R_100,825.75,0.06999999999999318,1,1.0
1785312083.0,R_100,825.92,0.08499999999997954,1,1.0
1785312084.0,R_100,825.94,0.010000000000047748,1,1.0
1785312085.0,R_100,825.97,0.014999999999986358,1,1.0
1785312086.0,R_100,825.98,0.0049999999999954525,1,1.0
1785312087.0,R_100,825.71,0.1349999999999909,-1,1.0
1785312088.0,R_100,825.58,0.06499999999999773,-1,1.0
1785312089.0,R_100,825.91,0.16499999999996362,1,1.0
1785312090.0,R_100,825.94,0.015000000000043201,1,1.0
1785312091.0,R_100,826.2,0.12999999999999545,1,1.0
1785312092.0,R_100,826.04,0.08000000000004093,-1,1.0
1785312093.0,R_100,826.01,0.014999999999986358,-1,1.0
1785312094.0,R_100,826.21,0.10000000000002274,1,1.0
1785312095.0,R_100,826.04,0.08500000000003638,-1,1.0
1785312096.0,R_100,826.12,0.040000000000020464,1,1.0
1785312097.0,R_100,826.23,0.05500000000000682,1,1.0
1785312098.0,R_100,826.27,0.01999999999998181,1,1.0
1785312099.0,R_100,826.45,0.09000000000003183,1,1.0
1785312100.0,R_100,826.31,0.07000000000005002,-1,1.0
1785312101.0,R_100,826.2,0.05499999999994998,-1,1.0
1785312102.0,R_100,826.13,0.03500000000002501,-1,1.0
1785312103.0,R_100,826.31,0.08999999999997499,1,1.0
1785312104.0,R_100,826.44,0.06500000000005457,1,1.0
1785312105.0,R_100,826.46,0.009999999999990905,1,1.0
1785312106.0,R_100,826.25,0.10500000000001819,-1,1.0
1785312107.0,R_100,826.21,0.01999999999998181,-1,1.0
1785312108.0,R_100,826.34,0.06499999999999773,1,1.0
1785312109.0,R_100,826.4,0.029999999999972715,1,1.0
1785312110.0,R_100,826.55,0.07499999999998863,1,1.0
1785312111.0,R_100,826.46,0.04499999999995907,-1,1.0
1785312112.0,R_100,826.67,0.10499999999996135,1,1.0
1785312113.0,R_100,826.6,0.03499999999996817,-1,1.0
1785312114.0,R_100,826.72,0.060000000000002274,1,1.0
1785312115.0,R_100,826.81,0.04499999999995907,1,1.0
1785312116.0,R_100,826.86,0.025000000000034106,1,1.0
1785312117.0,R_100,826.94,0.040000000000020464,1,1.0
1785312118.0,R_100,826.85,0.045000000000015916,-1,1.0
1785312119.0,R_100,826.74,0.05500000000000682,-1,1.0
1785312120.0,R_100,826.9,0.07999999999998408,1,1.0
1785312121.0,R_100,827.15,0.125,1,1.0
1785312122.0,R_100,827.11,0.01999999999998181,-1,1.0
1785312123.0,R_100,827.2,0.045000000000015916,1,1.0
1785312124.0,R_100,827.18,0.010000000000047748,-1,1.0
1785312125.0,R_100,827.0,0.08999999999997499,-1,1.0
1785312126.0,R_100,826.96,0.01999999999998181,-1,1.0
1785312127.0,R_100,826.73,0.1150000000000091,-1,1.0
1785312128.0,R_100,826.64,0.045000000000015916,-1,1.0
1785312129.0,R_100,826.9,0.12999999999999545,1,1.0
1785312130.0,R_100,826.71,0.09499999999997044,-1,1.0
1785312131.0,R_100,826.89,0.08999999999997499,1,1.0
1785312132.0,R_100,826.86,0.014999999999986358,-1,1.0
1785312133.0,R_100,826.84,0.009999999999990905,-1,1.0
1785312134.0,R_100,827.0,0.07999999999998408,1,1.0
1785312135.0,R_100,826.78,0.11000000000001364,-1,1.0
1785312136.0,R_100,826.92,0.06999999999999318,1,1.0
1785312137.0,R_100,826.94,0.010000000000047748,1,1.0
1785312138.0,R_100,826.91,0.015000000000043201,-1,1.0
1785312139.0,R_100,826.82,0.04499999999995907,-1,1.0
1785312140.0,R_100,826.72,0.05000000000001137,-1,1.0
1785312141.0,R_100,826.9,0.08999999999997499,1,1.0
1785312142.0,R_100,826.93,0.014999999999986358,1,1.0
1785312143.0,R_100,827.03,0.05000000000001137,1,1.0
1785312144.0,R_100,826.89,0.06999999999999318,-1,1.0
1785312145.0,R_100,826.99,0.05000000000001137,1,1.0
1785312146.0,R_100,826.91,0.040000000000020464,-1,1.0
1785312147.0,R_100,826.71,0.0999999999999659,-1,1.0
1785312148.0,R_100,826.7,0.0049999999999954525,-1,1.0
1785312149.0,R_100,826.78,0.03999999999996362,1,1.0
1785312150.0,R_100,826.53,0.125,-1,1.0
1785312151.0,R_100,826.45,0.03999999999996362,-1,1.0
1785312152.0,R_100,826.45,0.0,0,1.0
1785312153.0,R_100,826.55,0.049999999999954525,1,1.0
1785312154.0,R_100,826.48,0.03499999999996817,-1,1.0
1785312155.0,R_100,826.66,0.08999999999997499,1,1.0
1785312156.0,R_100,826.72,0.03000000000002956,1,1.0
1785312157.0,R_100,826.82,0.05000000000001137,1,1.0
1785312158.0,R_100,826.89,0.03499999999996817,1,1.0
1785312159.0,R_100,826.69,0.0999999999999659,-1,1.0
1785312160.0,R_100,826.66,0.015000000000043201,-1,1.0
1785312161.0,R_100,826.57,0.04499999999995907,-1,1.0
1785312162.0,R_100,826.92,0.17499999999995453,1,1.0
1785312163.0,R_100,826.87,0.024999999999977263,-1,1.0
1785312164.0,R_100,826.71,0.07999999999998408,-1,1.0
1785312165.0,R_100,826.81,0.049999999999954525,1,1.0
1785312166.0,R_100,826.77,0.01999999999998181,-1,1.0
1785312167.0,R_100,826.82,0.025000000000034106,1,1.0
1785312168.0,R_100,826.72,0.05000000000001137,-1,1.0
1785312169.0,R_100,826.75,0.014999999999986358,1,1.0
1785312170.0,R_100,826.94,0.09500000000002728,1,1.0
1785312171.0,R_100,826.81,0.06500000000005457,-1,1.0
1785312172.0,R_100,826.73,0.03999999999996362,-1,1.0
1785312173.0,R_100,826.84,0.05500000000000682,1,1.0
1785312174.0,R_100,827.11,0.1349999999999909,1,1.0
1785312175.0,R_100,827.12,0.0049999999999954525,1,1.0
1785312176.0,R_100,827.32,0.10000000000002274,1,1.0
1785312177.0,R_100,826.99,0.16500000000002046,-1,1.0
1785312178.0,R_100,827.36,0.18500000000000227,1,1.0
1785312179.0,R_100,827.26,0.05000000000001137,-1,1.0
1785312180.0,R_100,827.34,0.040000000000020464,1,1.0
1785312181.0,R_100,827.42,0.03999999999996362,1,1.0
1785312182.0,R_100,827.42,0.0,0,1.0
1785312183.0,R_100,827.56,0.06999999999999318,1,1.0
1785312184.0,R_100,827.61,0.025000000000034106,1,1.0
1785312185.0,R_100,827.61,0.0,0,1.0
1785312186.0,R_100,827.63,0.009999999999990905,1,1.0
1785312187.0,R_100,827.6,0.014999999999986358,-1,1.0
1785312188.0,R_100,827.53,0.03500000000002501,-1,1.0
1785312189.0,R_100,827.53,0.0,0,1.0
1785312190.0,R_100,827.53,0.0,0,1.0
1785312191.0,R_100,827.53,0.0,0,1.0
1785312192.0,R_100,827.62,0.045000000000015916,1,1.0
1785312193.0,R_100,827.7,0.040000000000020464,1,1.0
1785312194.0,R_100,827.78,0.03999999999996362,1,1.0
1785312195.0,R_100,828.04,0.12999999999999545,1,1.0
1785312196.0,R_100,827.91,0.06499999999999773,-1,1.0
1785312197.0,R_100,827.94,0.015000000000043201,1,1.0
1785312198.0,R_100,828.0,0.029999999999972715,1,1.0
1785312199.0,R_100,828.17,0.08499999999997954,1,1.0
1785312200.0,R_100,828.24,0.03500000000002501,1,1.0
1785312201.0,R_100,828.47,0.1150000000000091,1,1.0
1785312202.0,R_100,828.53,0.029999999999972715,1,1.0
1785312203.0,R_100,828.35,0.08999999999997499,-1,1.0
1785312204.0,R_100,828.34,0.0049999999999954525,-1,1.0
1785312205.0,R_100,828.4,0.029999999999972715,1,1.0
1785312206.0,R_100,828.12,0.13999999999998636,-1,1.0
1785312207.0,R_100,827.91,0.10500000000001819,-1,1.0
1785312208.0,R_100,828.02,0.05500000000000682,1,1.0
1785312209.0,R_100,828.3,0.13999999999998636,1,1.0
1785312210.0,R_100,828.09,0.10499999999996135,-1,1.0
1785312211.0,R_100,827.97,0.060000000000002274,-1,1.0
1785312212.0,R_100,827.91,0.03000000000002956,-1,1.0
1785312213.0,R_100,827.91,0.0,0,1.0
1785312214.0,R_100,828.14,0.1150000000000091,1,1.0
1785312215.0,R_100,828.08,0.029999999999972715,-1,1.0
1785312216.0,R_100,827.92,0.08000000000004093,-1,1.0
1785312217.0,R_100,827.88,0.01999999999998181,-1,1.0
1785312218.0,R_100,827.86,0.009999999999990905,-1,1.0
1785312219.0,R_100,827.48,0.18999999999999773,-1,1.0
1785312220.0,R_100,827.54,0.029999999999972715,1,1.0
1785312221.0,R_100,827.48,0.029999999999972715,-1,1.0
1785312222.0,R_100,827.38,0.05000000000001137,-1,1.0
1785312223.0,R_100,827.26,0.060000000000002274,-1,1.0
1785312224.0,R_100,827.18,0.040000000000020464,-1,1.0
1785312225.0,R_100,827.16,0.009999999999990905,-1,1.0
1785312226.0,R_100,827.25,0.045000000000015916,1,1.0
1785312227.0,R_100,827.2,0.024999999999977263,-1,1.0
1785312228.0,R_100,827.2,0.0,0,1.0
1785312229.0,R_100,827.26,0.029999999999972715,1,1.0
1785312230.0,R_100,827.54,0.13999999999998636,1,1.0
1785312231.0,R_100,827.68,0.06999999999999318,1,1.0
1785312232.0,R_100,827.91,0.1150000000000091,1,1.0
1785312233.0,R_100,827.75,0.07999999999998408,-1,1.0
1785312234.0,R_100,827.91,0.07999999999998408,1,1.0
1785312235.0,R_100,827.89,0.009999999999990905,-1,1.0
1785312236.0,R_100,828.03,0.06999999999999318,1,1.0
1785312237.0,R_100,828.03,0.0,0,1.0
1785312238.0,R_100,827.9,0.06499999999999773,-1,1.0
1785312239.0,R_100,828.0,0.05000000000001137,1,1.0
1785312240.0,R_100,827.71,0.1449999999999818,-1,1.0
1785312241.0,R_100,827.82,0.05500000000000682,1,1.0
1785312242.0,R_100,827.97,0.07499999999998863,1,1.0
1785312243.0,R_100,827.92,0.025000000000034106,-1,1.0
1785312244.0,R_100,827.96,0.020000000000038654,1,1.0
1785312245.0,R_100,828.05,0.04499999999995907,1,1.0
1785312246.0,R_100,828.02,0.014999999999986358,-1,1.0
1785312247.0,R_100,828.11,0.045000000000015916,1,1.0
1785312248.0,R_100,827.93,0.09000000000003183,-1,1.0
1785312249.0,R_100,827.68,0.125,-1,1.0
1785312250.0,R_100,827.65,0.014999999999986358,-1,1.0
1785312251.0,R_100,827.6,0.024999999999977263,-1,1.0
1785312252.0,R_100,827.33,0.1349999999999909,-1,1.0
1785312253.0,R_100,827.5,0.08499999999997954,1,1.0
1785312254.0,R_100,827.41,0.045000000000015916,-1,1.0
1785312255.0,R_100,827.49,0.040000000000020464,1,1.0
1785312256.0,R_100,827.4,0.045000000000015916,-1,1.0
1785312257.0,R_100,827.56,0.07999999999998408,1,1.0
1785312258.0,R_100,827.67,0.05500000000000682,1,1.0
1785312259.0,R_100,827.7,0.015000000000043201,1,1.0
1785312260.0,R_100,827.7,0.0,0,1.0
1785312261.0,R_100,827.53,0.08500000000003638,-1,1.0
1785312262.0,R_100,827.64,0.05500000000000682,1,1.0
1785312263.0,R_100,827.69,0.025000000000034106,1,1.0
1785312264.0,R_100,828.04,0.17499999999995453,1,1.0
1785312265.0,R_100,827.7,0.16999999999995907,-1,1.0
1785312266.0,R_100,827.66,0.020000000000038654,-1,1.0
1785312267.0,R_100,827.47,0.09499999999997044,-1,1.0
1785312268.0,R_100,827.52,0.024999999999977263,1,1.0
1785312269.0,R_100,827.19,0.16499999999996362,-1,1.0
1785312270.0,R_100,827.09,0.05000000000001137,-1,1.0
1785312271.0,R_100,827.0,0.045000000000015916,-1,1.0
1785312272.0,R_100,826.98,0.009999999999990905,-1,1.0
1785312273.0,R_100,826.86,0.060000000000002274,-1,1.0
1785312274.0,R_100,826.91,0.024999999999977263,1,1.0
1785312275.0,R_100,826.98,0.03500000000002501,1,1.0
1785312276.0,R_100,826.96,0.009999999999990905,-1,1.0
1785312277.0,R_100,827.1,0.06999999999999318,1,1.0
1785312278.0,R_100,827.18,0.03999999999996362,1,1.0
1785312279.0,R_100,827.64,0.2300000000000182,1,1.0
1785312280.0,R_100,828.12,0.2400000000000091,1,1.0
1785312281.0,R_100,827.87,0.125,-1,1.0
1785312282.0,R_100,827.94,0.03500000000002501,1,1.0
1785312283.0,R_100,828.13,0.09499999999997044,1,1.0
1785312284.0,R_100,827.9,0.1150000000000091,-1,1.0
1785312285.0,R_100,827.81,0.045000000000015916,-1,1.0
1785312286.0,R_100,827.69,0.05999999999994543,-1,1.0
1785312287.0,R_100,827.48,0.10500000000001819,-1,1.0
1785312288.0,R_100,827.34,0.06999999999999318,-1,1.0
1785312289.0,R_100,827.31,0.015000000000043201,-1,1.0
1785312290.0,R_100,827.16,0.07499999999998863,-1,1.0
1785312291.0,R_100,827.23,0.03500000000002501,1,1.0
1785312292.0,R_100,827.28,0.024999999999977263,1,1.0
1785312293.0,R_100,827.34,0.03000000000002956,1,1.0
1785312294.0,R_100,827.44,0.05000000000001137,1,1.0
1785312295.0,R_100,827.21,0.1150000000000091,-1,1.0
1785312296.0,R_100,827.36,0.07499999999998863,1,1.0
1785312297.0,R_100,827.33,0.014999999999986358,-1,1.0
1785312298.0,R_100,827.09,0.12000000000000455,-1,1.0
1785312299.0,R_100,826.99,0.05000000000001137,-1,1.0
1785312300.0,R_100,826.79,0.10000000000002274,-1,1.0
1785312301.0,R_100,826.8,0.0049999999999954525,1,1.0
1785312302.0,R_100,826.74,0.029999999999972715,-1,1.0
1785312303.0,R_100,826.8,0.029999999999972715,1,1.0
1785312304.0,R_100,826.97,0.08500000000003638,1,1.0
1785312305.0,R_100,826.98,0.0049999999999954525,1,1.0
1785312306.0,R_100,827.09,0.05500000000000682,1,1.0
1785312307.0,R_100,827.22,0.06499999999999773,1,1.0
1785312308.0,R_100,827.2,0.009999999999990905,-1,1.0
1785312309.0,R_100,827.27,0.03499999999996817,1,1.0
1785312310.0,R_100,827.19,0.03999999999996362,-1,1.0
1785312311.0,R_100,827.0,0.09500000000002728,-1,1.0
1785312312.0,R_100,827.06,0.029999999999972715,1,1.0
1785312313.0,R_100,826.99,0.03499999999996817,-1,1.0
1785312314.0,R_100,826.91,0.040000000000020464,-1,1.0
1785312315.0,R_100,827.31,0.19999999999998863,1,1.0
1785312316.0,R_100,827.09,0.1099999999999568,-1,1.0
1785312317.0,R_100,827.07,0.009999999999990905,-1,1.0
1785312318.0,R_100,826.96,0.05500000000000682,-1,1.0
1785312319.0,R_100,826.9,0.03000000000002956,-1,1.0
1785312320.0,R_100,827.06,0.07999999999998408,1,1.0
1785312321.0,R_100,827.27,0.10500000000001819,1,1.0
1785312322.0,R_100,827.21,0.029999999999972715,-1,1.0
1785312323.0,R_100,827.42,0.10499999999996135,1,1.0
1785312324.0,R_100,827.35,0.03499999999996817,-1,1.0
1785312325.0,R_100,827.45,0.05000000000001137,1,1.0
1785312326.0,R_100,827.38,0.03500000000002501,-1,1.0
1785312327.0,R_100,827.39,0.0049999999999954525,1,1.0
1785312328.0,R_100,827.23,0.07999999999998408,-1,1.0
1785312329.0,R_100,827.34,0.05500000000000682,1,1.0
1785312330.0,R_100,827.17,0.08500000000003638,-1,1.0
1785312331.0,R_100,827.43,0.12999999999999545,1,1.0
1785312332.0,R_100,827.36,0.03499999999996817,-1,1.0
1785312333.0,R_100,827.47,0.05500000000000682,1,1.0
1785312334.0,R_100,827.66,0.09499999999997044,1,1.0
1785312335.0,R_100,827.46,0.0999999999999659,-1,1.0
1785312336.0,R_100,827.31,0.07500000000004547,-1,1.0
1785312337.0,R_100,827.26,0.024999999999977263,-1,1.0
1785312338.0,R_100,827.27,0.0049999999999954525,1,1.0
1785312339.0,R_100,827.13,0.06999999999999318,-1,1.0
1785312340.0,R_100,827.2,0.03500000000002501,1,1.0
1785312341.0,R_100,827.02,0.09000000000003183,-1,1.0
1785312342.0,R_100,826.85,0.08499999999997954,-1,1.0
1785312343.0,R_100,826.84,0.0049999999999954525,-1,1.0
1785312344.0,R_100,826.91,0.03499999999996817,1,1.0
1785312345.0,R_100,826.74,0.08499999999997954,-1,1.0
1785312346.0,R_100,826.67,0.03500000000002501,-1,1.0
1785312347.0,R_100,826.86,0.09500000000002728,1,1.0
1785312348.0,R_100,827.01,0.07499999999998863,1,1.0
1785312349.0,R_100,827.36,0.17500000000001137,1,1.0
1785312350.0,R_100,827.06,0.1500000000000341,-1,1.0
1785312351.0,R_100,827.15,0.045000000000015916,1,1.0
1785312352.0,R_100,827.24,0.045000000000015916,1,1.0
1785312353.0,R_100,827.4,0.07999999999998408,1,1.0
1785312354.0,R_100,827.59,0.09500000000002728,1,1.0
1785312355.0,R_100,827.55,0.020000000000038654,-1,1.0
1785312356.0,R_100,827.62,0.03500000000002501,1,1.0
1785312357.0,R_100,827.45,0.08499999999997954,-1,1.0
1785312358.0,R_100,827.27,0.09000000000003183,-1,1.0
1785312359.0,R_100,827.25,0.009999999999990905,-1,1.0
1785312360.0,R_100,827.33,0.040000000000020464,1,1.0
1785312361.0,R_100,827.49,0.07999999999998408,1,1.0
1785312362.0,R_100,827.36,0.06499999999999773,-1,1.0
1785312363.0,R_100,827.26,0.05000000000001137,-1,1.0
1785312364.0,R_100,827.08,0.08999999999997499,-1,1.0
1785312365.0,R_100,827.1,0.009999999999990905,1,1.0
1785312366.0,R_100,827.04,0.03000000000002956,-1,1.0
1785312367.0,R_100,827.11,0.03500000000002501,1,1.0
1785312368.0,R_100,827.43,0.15999999999996817,1,1.0
1785312369.0,R_100,827.31,0.060000000000002274,-1,1.0
1785312370.0,R_100,827.09,0.1099999999999568,-1,1.0
1785312371.0,R_100,826.86,0.1150000000000091,-1,1.0
1785312372.0,R_100,826.99,0.06499999999999773,1,1.0
1785312373.0,R_100,827.15,0.07999999999998408,1,1.0
1785312374.0,R_100,827.26,0.05500000000000682,1,1.0
1785312375.0,R_100,827.22,0.01999999999998181,-1,1.0
1785312376.0,R_100,827.11,0.05500000000000682,-1,1.0
1785312377.0,R_100,827.21,0.05000000000001137,1,1.0
1785312378.0,R_100,827.32,0.05500000000000682,1,1.0
1785312379.0,R_100,827.4,0.03999999999996362,1,1.0
1785312380.0,R_100,827.49,0.045000000000015916,1,1.0
1785312381.0,R_100,827.73,0.12000000000000455,1,1.0
1785312382.0,R_100,827.52,0.10500000000001819,-1,1.0
1785312383.0,R_100,827.42,0.05000000000001137,-1,1.0
1785312384.0,R_100,827.29,0.06499999999999773,-1,1.0
1785312385.0,R_100,827.47,0.09000000000003183,1,1.0
1785312386.0,R_100,827.11,0.18000000000000682,-1,1.0
1785312387.0,R_100,827.06,0.025000000000034106,-1,1.0
1785312388.0,R_100,827.14,0.040000000000020464,1,1.0
1785312389.0,R_100,826.87,0.1349999999999909,-1,1.0
1785312390.0,R_100,827.27,0.19999999999998863,1,1.0
1785312391.0,R_100,827.31,0.01999999999998181,1,1.0
1785312392.0,R_100,827.36,0.025000000000034106,1,1.0
1785312393.0,R_100,827.32,0.01999999999998181,-1,1.0
1785312394.0,R_100,827.24,0.040000000000020464,-1,1.0
1785312395.0,R_100,827.34,0.05000000000001137,1,1.0
1785312396.0,R_100,827.26,0.040000000000020464,-1,1.0
1785312397.0,R_100,827.29,0.014999999999986358,1,1.0
1785312398.0,R_100,827.38,0.045000000000015916,1,1.0
1785312399.0,R_100,827.22,0.07999999999998408,-1,1.0
1785312400.0,R_100,827.21,0.0049999999999954525,-1,1.0
1785312401.0,R_100,827.28,0.03499999999996817,1,1.0
1785312402.0,R_100,827.19,0.04499999999995907,-1,1.0
1785312403.0,R_100,827.49,0.14999999999997726,1,1.0
1785312404.0,R_100,827.61,0.060000000000002274,1,1.0
1785312405.0,R_100,827.92,0.15499999999997272,1,1.0
1785312406.0,R_100,828.17,0.125,1,1.0
1785312407.0,R_100,828.3,0.06499999999999773,1,1.0
1785312408.0,R_100,828.16,0.06999999999999318,-1,1.0
1785312409.0,R_100,828.1,0.029999999999972715,-1,1.0
1785312410.0,R_100,828.1,0.0,0,1.0
1785312411.0,R_100,828.0,0.05000000000001137,-1,1.0
1785312412.0,R_100,827.84,0.07999999999998408,-1,1.0
1785312413.0,R_100,827.64,0.10000000000002274,-1,1.0
1785312414.0,R_100,827.34,0.14999999999997726,-1,1.0
1785312415.0,R_100,827.22,0.060000000000002274,-1,1.0
1785312416.0,R_100,827.23,0.0049999999999954525,1,1.0
1785312417.0,R_100,827.1,0.06499999999999773,-1,1.0
1785312418.0,R_100,827.11,0.0049999999999954525,1,1.0
1785312419.0,R_100,827.1,0.0049999999999954525,-1,1.0
1785312420.0,R_100,826.87,0.1150000000000091,-1,1.0
1785312421.0,R_100,826.94,0.03500000000002501,1,1.0
1785312422.0,R_100,826.78,0.08000000000004093,-1,1.0
1785312423.0,R_100,826.7,0.03999999999996362,-1,1.0
1785312424.0,R_100,826.87,0.08499999999997954,1,1.0
1785312425.0,R_100,827.05,0.08999999999997499,1,1.0
1785312426.0,R_100,827.21,0.08000000000004093,1,1.0
1785312427.0,R_100,827.25,0.01999999999998181,1,1.0
1785312428.0,R_100,827.3,0.024999999999977263,1,1.0
1785312429.0,R_100,827.41,0.05500000000000682,1,1.0
1785312430.0,R_100,827.42,0.0049999999999954525,1,1.0
1785312431.0,R_100,827.48,0.03000000000002956,1,1.0
1785312432.0,R_100,827.55,0.03499999999996817,1,1.0
1785312433.0,R_100,827.47,0.03999999999996362,-1,1.0
1785312434.0,R_100,827.69,0.11000000000001364,1,1.0
1785312435.0,R_100,827.42,0.13500000000004775,-1,1.0
1785312436.0,R_100,827.61,0.09500000000002728,1,1.0
1785312437.0,R_100,827.65,0.01999999999998181,1,1.0
1785312438.0,R_100,827.8,0.07499999999998863,1,1.0
1785312439.0,R_100,827.9,0.05000000000001137,1,1.0
1785312440.0,R_100,827.78,0.060000000000002274,-1,1.0
1785312441.0,R_100,827.77,0.0049999999999954525,-1,1.0
1785312442.0,R_100,827.9,0.06499999999999773,1,1.0
1785312443.0,R_100,827.98,0.040000000000020464,1,1.0
1785312444.0,R_100,828.3,0.15999999999996817,1,1.0
1785312445.0,R_100,828.49,0.09500000000002728,1,1.0
1785312446.0,R_100,828.37,0.060000000000002274,-1,1.0
1785312447.0,R_100,828.53,0.07999999999998408,1,1.0
1785312448.0,R_100,828.44,0.04499999999995907,-1,1.0
1785312449.0,R_100,828.47,0.014999999999986358,1,1.0
1785312450.0,R_100,828.19,0.13999999999998636,-1,1.0
1785312451.0,R_100,828.18,0.005000000000052296,-1,1.0
1785312452.0,R_100,828.05,0.06499999999999773,-1,1.0
1785312453.0,R_100,827.88,0.08499999999997954,-1,1.0
1785312454.0,R_100,827.86,0.009999999999990905,-1,1.0
1785312455.0,R_100,827.66,0.10000000000002274,-1,1.0
1785312456.0,R_100,827.59,0.03499999999996817,-1,1.0
1785312457.0,R_100,827.56,0.015000000000043201,-1,1.0
1785312458.0,R_100,827.57,0.005000000000052296,1,1.0
1785312459.0,R_100,827.48,0.045000000000015916,-1,1.0
1785312460.0,R_100,827.68,0.0999999999999659,1,1.0
1785312461.0,R_100,827.52,0.07999999999998408,-1,1.0
1785312462.0,R_100,827.33,0.09499999999997044,-1,1.0
1785312463.0,R_100,827.21,0.060000000000002274,-1,1.0
1785312464.0,R_100,826.91,0.1500000000000341,-1,1.0
1785312465.0,R_100,826.95,0.020000000000038654,1,1.0
1785312466.0,R_100,827.14,0.09499999999997044,1,1.0
1785312467.0,R_100,827.09,0.024999999999977263,-1,1.0
1785312468.0,R_100,827.17,0.03999999999996362,1,1.0
1785312469.0,R_100,827.41,0.12000000000000455,1,1.0
1785312470.0,R_100,827.57,0.08000000000004093,1,1.0
1785312471.0,R_100,827.55,0.010000000000047748,-1,1.0
1785312472.0,R_100,827.45,0.049999999999954525,-1,1.0
1785312473.0,R_100,827.39,0.03000000000002956,-1,1.0
1785312474.0,R_100,827.51,0.060000000000002274,1,1.0
1785312475.0,R_100,827.36,0.07499999999998863,-1,1.0
1785312476.0,R_100,827.5,0.06999999999999318,1,1.0
1785312477.0,R_100,827.41,0.045000000000015916,-1,1.0
1785312478.0,R_100,827.35,0.029999999999972715,-1,1.0
1785312479.0,R_100,827.03,0.160000000000025,-1,1.0
1785312480.0,R_100,826.84,0.09499999999997044,-1,1.0
1785312481.0,R_100,827.0,0.07999999999998408,1,1.0
1785312482.0,R_100,827.0,0.0,0,1.0
1785312483.0,R_100,826.69,0.15499999999997272,-1,1.0
1785312484.0,R_100,826.64,0.025000000000034106,-1,1.0
1785312485.0,R_100,826.82,0.09000000000003183,1,1.0
1785312486.0,R_100,826.58,0.12000000000000455,-1,1.0
1785312487.0,R_100,826.61,0.014999999999986358,1,1.0
1785312488.0,R_100,826.68,0.03499999999996817,1,1.0
1785312489.0,R_100,826.8,0.060000000000002274,1,1.0
1785312490.0,R_100,826.87,0.03500000000002501,1,1.0
1785312491.0,R_100,826.9,0.014999999999986358,1,1.0
1785312492.0,R_100,826.88,0.009999999999990905,-1,1.0
1785312493.0,R_100,826.73,0.07499999999998863,-1,1.0
1785312494.0,R_100,826.85,0.060000000000002274,1,1.0
1785312495.0,R_100,826.81,0.020000000000038654,-1,1.0
1785312496.0,R_100,826.89,0.040000000000020464,1,1.0
1785312497.0,R_100,826.84,0.024999999999977263,-1,1.0
1785312498.0,R_100,827.05,0.10499999999996135,1,1.0
1785312499.0,R_100,827.29,0.12000000000000455,1,1.0
1785312500.0,R_100,827.32,0.015000000000043201,1,1.0
1785312501.0,R_100,827.31,0.005000000000052296,-1,1.0
1785312502.0,R_100,827.07,0.1199999999999477,-1,1.0
1785312503.0,R_100,827.12,0.024999999999977263,1,1.0
1785312504.0,R_100,827.13,0.0049999999999954525,1,1.0
1785312505.0,R_100,826.97,0.07999999999998408,-1,1.0
1785312506.0,R_100,827.24,0.1349999999999909,1,1.0
1785312507.0,R_100,827.07,0.08499999999997954,-1,1.0
1785312508.0,R_100,827.13,0.029999999999972715,1,1.0
1785312509.0,R_100,827.05,0.040000000000020464,-1,1.0
1785312510.0,R_100,826.89,0.07999999999998408,-1,1.0
1785312511.0,R_100,826.8,0.045000000000015916,-1,1.0
1785312512.0,R_100,826.89,0.045000000000015916,1,1.0
1785312513.0,R_100,826.74,0.07499999999998863,-1,1.0
1785312514.0,R_100,826.64,0.05000000000001137,-1,1.0
1785312515.0,R_100,826.53,0.05500000000000682,-1,1.0
1785312516.0,R_100,826.39,0.06999999999999318,-1,1.0
1785312517.0,R_100,826.46,0.03500000000002501,1,1.0
1785312518.0,R_100,826.57,0.05500000000000682,1,1.0
1785312519.0,R_100,826.51,0.03000000000002956,-1,1.0
1785312520.0,R_100,826.34,0.08499999999997954,-1,1.0
1785312521.0,R_100,826.1,0.12000000000000455,-1,1.0
1785312522.0,R_100,826.32,0.11000000000001364,1,1.0
1785312523.0,R_100,826.57,0.125,1,1.0
1785312524.0,R_100,826.43,0.07000000000005002,-1,1.0
1785312525.0,R_100,826.68,0.125,1,1.0
1785312526.0,R_100,826.57,0.05499999999994998,-1,1.0
1785312527.0,R_100,826.69,0.060000000000002274,1,1.0
1785312528.0,R_100,826.57,0.060000000000002274,-1,1.0
1785312529.0,R_100,826.57,0.0,0,1.0
1785312530.0,R_100,826.54,0.015000000000043201,-1,1.0
1785312531.0,R_100,826.42,0.060000000000002274,-1,1.0
1785312532.0,R_100,826.62,0.10000000000002274,1,1.0
1785312533.0,R_100,826.73,0.05500000000000682,1,1.0
1785312534.0,R_100,826.42,0.15500000000002956,-1,1.0
1785312535.0,R_100,826.49,0.03500000000002501,1,1.0
1785312536.0,R_100,826.62,0.06499999999999773,1,1.0
1785312537.0,R_100,826.91,0.1449999999999818,1,1.0
1785312538.0,R_100,826.56,0.17500000000001137,-1,1.0
1785312539.0,R_100,826.59,0.015000000000043201,1,1.0
1785312540.0,R_100,826.84,0.125,1,1.0
1785312541.0,R_100,826.87,0.014999999999986358,1,1.0
1785312542.0,R_100,826.79,0.040000000000020464,-1,1.0
1785312543.0,R_100,826.53,0.12999999999999545,-1,1.0
1785312544.0,R_100,826.35,0.08999999999997499,-1,1.0
1785312545.0,R_100,826.61,0.12999999999999545,1,1.0
1785312546.0,R_100,826.79,0.08999999999997499,1,1.0
1785312547.0,R_100,826.71,0.03999999999996362,-1,1.0
1785312548.0,R_100,826.78,0.03499999999996817,1,1.0
1785312549.0,R_100,826.89,0.05500000000000682,1,1.0
1785312550.0,R_100,827.08,0.09500000000002728,1,1.0
1785312551.0,R_100,827.25,0.08499999999997954,1,1.0
1785312552.0,R_100,827.44,0.09500000000002728,1,1.0
1785312553.0,R_100,827.31,0.06500000000005457,-1,1.0
1785312554.0,R_100,827.55,0.12000000000000455,1,1.0
1785312555.0,R_100,827.4,0.07499999999998863,-1,1.0
1785312556.0,R_100,827.18,0.11000000000001364,-1,1.0
1785312557.0,R_100,827.32,0.07000000000005002,1,1.0
1785312558.0,R_100,827.53,0.10499999999996135,1,1.0
1785312559.0,R_100,827.82,0.14500000000003865,1,1.0
1785312560.0,R_100,827.74,0.040000000000020464,-1,1.0
1785312561.0,R_100,827.31,0.21500000000003183,-1,1.0
1785312562.0,R_100,827.17,0.06999999999999318,-1,1.0
1785312563.0,R_100,827.12,0.024999999999977263,-1,1.0
1785312564.0,R_100,827.25,0.06499999999999773,1,1.0
1785312565.0,R_100,827.09,0.07999999999998408,-1,1.0
1785312566.0,R_100,827.09,0.0,0,1.0
1785312567.0,R_100,827.16,0.03499999999996817,1,1.0
1785312568.0,R_100,827.09,0.03499999999996817,-1,1.0
1785312569.0,R_100,827.27,0.08999999999997499,1,1.0
1785312570.0,R_100,827.08,0.09499999999997044,-1,1.0
1785312571.0,R_100,827.09,0.0049999999999954525,1,1.0
1785312572.0,R_100,826.87,0.11000000000001364,-1,1.0
1785312573.0,R_100,826.7,0.08499999999997954,-1,1.0
1785312574.0,R_100,826.87,0.08499999999997954,1,1.0
1785312575.0,R_100,827.02,0.07499999999998863,1,1.0
1785312576.0,R_100,826.94,0.03999999999996362,-1,1.0
1785312577.0,R_100,826.98,0.01999999999998181,1,1.0
1785312578.0,R_100,826.94,0.01999999999998181,-1,1.0
1785312579.0,R_100,827.05,0.05499999999994998,1,1.0
1785312580.0,R_100,826.88,0.08499999999997954,-1,1.0
1785312581.0,R_100,826.76,0.060000000000002274,-1,1.0
1785312582.0,R_100,826.7,0.029999999999972715,-1,1.0
1785312583.0,R_100,827.0,0.14999999999997726,1,1.0
1785312584.0,R_100,826.96,0.01999999999998181,-1,1.0
1785312585.0,R_100,826.93,0.015000000000043201,-1,1.0
1785312586.0,R_100,827.01,0.040000000000020464,1,1.0
1785312587.0,R_100,827.03,0.009999999999990905,1,1.0
1785312588.0,R_100,827.04,0.0049999999999954525,1,1.0
1785312589.0,R_100,826.82,0.1099999999999568,-1,1.0
1785312590.0,R_100,826.8,0.010000000000047748,-1,1.0
1785312591.0,R_100,826.88,0.040000000000020464,1,1.0
1785312592.0,R_100,826.87,0.0049999999999954525,-1,1.0
1785312593.0,R_100,826.85,0.009999999999990905,-1,1.0
1785312594.0,R_100,826.87,0.009999999999990905,1,1.0
1785312595.0,R_100,827.13,0.12999999999999545,1,1.0
1785312596.0,R_100,827.21,0.040000000000020464,1,1.0
1785312597.0,R_100,827.29,0.03999999999996362,1,1.0
1785312598.0,R_100,827.27,0.009999999999990905,-1,1.0
1785312599.0,R_100,827.22,0.024999999999977263,-1,1.0
1785312600.0,R_100,827.01,0.10500000000001819,-1,1.0
1785312601.0,R_100,827.25,0.12000000000000455,1,1.0
1785312602.0,R_100,827.09,0.07999999999998408,-1,1.0
1785312603.0,R_100,827.12,0.014999999999986358,1,1.0
1785312604.0,R_100,827.07,0.024999999999977263,-1,1.0
1785312605.0,R_100,826.89,0.09000000000003183,-1,1.0
1785312606.0,R_100,826.82,0.03499999999996817,-1,1.0
1785312607.0,R_100,827.33,0.25499999999999545,1,1.0
1785312608.0,R_100,827.57,0.12000000000000455,1,1.0
1785312609.0,R_100,827.56,0.005000000000052296,-1,1.0
1785312610.0,R_100,827.67,0.05500000000000682,1,1.0
1785312611.0,R_100,827.51,0.07999999999998408,-1,1.0
1785312612.0,R_100,827.45,0.029999999999972715,-1,1.0
1785312613.0,R_100,827.08,0.18500000000000227,-1,1.0
1785312614.0,R_100,827.09,0.0049999999999954525,1,1.0
1785312615.0,R_100,827.44,0.17500000000001137,1,1.0
1785312616.0,R_100,827.41,0.015000000000043201,-1,1.0
1785312617.0,R_100,827.42,0.0049999999999954525,1,1.0
1785312618.0,R_100,827.41,0.0049999999999954525,-1,1.0
1785312619.0,R_100,827.41,0.0,0,1.0
1785312620.0,R_100,827.28,0.06499999999999773,-1,1.0
1785312621.0,R_100,827.43,0.07499999999998863,1,1.0
1785312622.0,R_100,827.63,0.10000000000002274,1,1.0
1785312623.0,R_100,827.84,0.10500000000001819,1,1.0
1785312624.0,R_100,827.85,0.0049999999999954525,1,1.0
1785312625.0,R_100,827.69,0.07999999999998408,-1,1.0
1785312626.0,R_100,827.53,0.08000000000004093,-1,1.0
1785312627.0,R_100,827.59,0.03000000000002956,1,1.0
1785312628.0,R_100,827.48,0.05500000000000682,-1,1.0
1785312629.0,R_100,827.44,0.01999999999998181,-1,1.0
1785312630.0,R_100,827.58,0.06999999999999318,1,1.0
1785312631.0,R_100,827.56,0.010000000000047748,-1,1.0
1785312632.0,R_100,827.51,0.024999999999977263,-1,1.0
1785312633.0,R_100,827.56,0.024999999999977263,1,1.0
1785312634.0,R_100,827.38,0.08999999999997499,-1,1.0
1785312635.0,R_100,827.38,0.0,0,1.0
1785312636.0,R_100,827.42,0.01999999999998181,1,1.0
1785312637.0,R_100,827.38,0.01999999999998181,-1,1.0
1785312638.0,R_100,827.27,0.05500000000000682,-1,1.0
1785312639.0,R_100,827.22,0.024999999999977263,-1,1.0
1785312640.0,R_100,827.35,0.06499999999999773,1,1.0
1785312641.0,R_100,827.41,0.029999999999972715,1,1.0
1785312642.0,R_100,827.38,0.014999999999986358,-1,1.0
1785312643.0,R_100,827.82,0.22000000000002728,1,1.0
1785312644.0,R_100,827.86,0.01999999999998181,1,1.0
1785312645.0,R_100,827.74,0.060000000000002274,-1,1.0
1785312646.0,R_100,827.95,0.10500000000001819,1,1.0
1785312647.0,R_100,827.62,0.16500000000002046,-1,1.0
1785312648.0,R_100,827.27,0.17500000000001137,-1,1.0
1785312649.0,R_100,827.22,0.024999999999977263,-1,1.0
1785312650.0,R_100,827.32,0.05000000000001137,1,1.0
1785312651.0,R_100,827.37,0.024999999999977263,1,1.0
1785312652.0,R_100,827.28,0.045000000000015916,-1,1.0
1785312653.0,R_100,827.7,0.21000000000003638,1,1.0
1785312654.0,R_100,827.48,0.11000000000001364,-1,1.0
1785312655.0,R_100,827.54,0.029999999999972715,1,1.0
1785312656.0,R_100,827.53,0.0049999999999954525,-1,1.0
1785312657.0,R_100,827.65,0.060000000000002274,1,1.0
1785312658.0,R_100,827.49,0.07999999999998408,-1,1.0
1785312659.0,R_100,827.65,0.07999999999998408,1,1.0
1785312660.0,R_100,827.79,0.06999999999999318,1,1.0
1785312661.0,R_100,827.78,0.0049999999999954525,-1,1.0
1785312662.0,R_100,827.97,0.09500000000002728,1,1.0
1785312663.0,R_100,828.23,0.12999999999999545,1,1.0
1785312664.0,R_100,828.3,0.03499999999996817,1,1.0
1785312665.0,R_100,828.2,0.049999999999954525,-1,1.0
1785312666.0,R_100,828.08,0.060000000000002274,-1,1.0
1785312667.0,R_100,828.13,0.024999999999977263,1,1.0
1785312668.0,R_100,828.51,0.18999999999999773,1,1.0
1785312669.0,R_100,828.65,0.06999999999999318,1,1.0
1785312670.0,R_100,828.62,0.014999999999986358,-1,1.0
1785312671.0,R_100,828.55,0.03500000000002501,-1,1.0
1785312672.0,R_100,828.3,0.125,-1,1.0
1785312673.0,R_100,828.21,0.04499999999995907,-1,1.0
1785312674.0,R_100,828.03,0.09000000000003183,-1,1.0
1785312675.0,R_100,828.02,0.0049999999999954525,-1,1.0
1785312676.0,R_100,828.19,0.08500000000003638,1,1.0
1785312677.0,R_100,828.0,0.09500000000002728,-1,1.0
1785312678.0,R_100,827.98,0.009999999999990905,-1,1.0
1785312679.0,R_100,827.65,0.16500000000002046,-1,1.0
1785312680.0,R_100,827.64,0.0049999999999954525,-1,1.0
1785312681.0,R_100,827.9,0.12999999999999545,1,1.0
1785312682.0,R_100,827.75,0.07499999999998863,-1,1.0
1785312683.0,R_100,827.86,0.05500000000000682,1,1.0
1785312684.0,R_100,827.73,0.06499999999999773,-1,1.0
1785312685.0,R_100,827.68,0.025000000000034106,-1,1.0
1785312686.0,R_100,827.55,0.06499999999999773,-1,1.0
1785312687.0,R_100,827.61,0.03000000000002956,1,1.0
1785312688.0,R_100,827.45,0.07999999999998408,-1,1.0
1785312689.0,R_100,827.34,0.05500000000000682,-1,1.0
1785312690.0,R_100,827.3,0.020000000000038654,-1,1.0
1785312691.0,R_100,827.33,0.015000000000043201,1,1.0
1785312692.0,R_100,827.27,0.03000000000002956,-1,1.0
1785312693.0,R_100,827.45,0.09000000000003183,1,1.0
1785312694.0,R_100,827.31,0.07000000000005002,-1,1.0
1785312695.0,R_100,827.29,0.009999999999990905,-1,1.0
1785312696.0,R_100,827.22,0.03499999999996817,-1,1.0
1785312697.0,R_100,827.15,0.03500000000002501,-1,1.0
1785312698.0,R_100,827.17,0.009999999999990905,1,1.0
1785312699.0,R_100,827.06,0.05500000000000682,-1,1.0
1785312700.0,R_100,826.99,0.03499999999996817,-1,1.0
1785312701.0,R_100,827.02,0.014999999999986358,1,1.0
1785312702.0,R_100,826.81,0.10500000000001819,-1,1.0
1785312703.0,R_100,827.02,0.10500000000001819,1,1.0
1785312704.0,R_100,826.97,0.024999999999977263,-1,1.0
1785312705.0,R_100,826.71,0.12999999999999545,-1,1.0
1785312706.0,R_100,826.66,0.025000000000034106,-1,1.0
1785312707.0,R_100,826.77,0.05500000000000682,1,1.0
1785312708.0,R_100,826.94,0.08500000000003638,1,1.0
1785312709.0,R_100,826.68,0.1300000000000523,-1,1.0
1785312710.0,R_100,826.6,0.03999999999996362,-1,1.0
1785312711.0,R_100,826.72,0.060000000000002274,1,1.0
1785312712.0,R_100,826.7,0.009999999999990905,-1,1.0
1785312713.0,R_100,826.53,0.08500000000003638,-1,1.0
1785312714.0,R_100,826.32,0.10499999999996135,-1,1.0
1785312715.0,R_100,826.6,0.13999999999998636,1,1.0
1785312716.0,R_100,826.72,0.060000000000002274,1,1.0
1785312717.0,R_100,826.75,0.014999999999986358,1,1.0
1785312718.0,R_100,826.68,0.03500000000002501,-1,1.0
1785312719.0,R_100,826.53,0.07499999999998863,-1,1.0
1785312720.0,R_100,826.69,0.08000000000004093,1,1.0
1785312721.0,R_100,827.01,0.15999999999996817,1,1.0
1785312722.0,R_100,827.12,0.05500000000000682,1,1.0
1785312723.0,R_100,827.18,0.029999999999972715,1,1.0
1785312724.0,R_100,827.14,0.01999999999998181,-1,1.0
1785312725.0,R_100,827.15,0.0049999999999954525,1,1.0
1785312726.0,R_100,827.26,0.05500000000000682,1,1.0
1785312727.0,R_100,827.09,0.08499999999997954,-1,1.0
1785312728.0,R_100,826.85,0.12000000000000455,-1,1.0
1785312729.0,R_100,826.86,0.0049999999999954525,1,1.0
1785312730.0,R_100,826.92,0.029999999999972715,1,1.0
1785312731.0,R_100,827.12,0.10000000000002274,1,1.0
1785312732.0,R_100,827.17,0.024999999999977263,1,1.0
1785312733.0,R_100,827.52,0.17500000000001137,1,1.0
1785312734.0,R_100,827.31,0.10500000000001819,-1,1.0
1785312735.0,R_100,827.39,0.040000000000020464,1,1.0
1785312736.0,R_100,827.21,0.08999999999997499,-1,1.0
1785312737.0,R_100,827.33,0.060000000000002274,1,1.0
1785312738.0,R_100,827.24,0.045000000000015916,-1,1.0
1785312739.0,R_100,827.4,0.07999999999998408,1,1.0
1785312740.0,R_100,827.66,0.12999999999999545,1,1.0
1785312741.0,R_100,827.86,0.10000000000002274,1,1.0
1785312742.0,R_100,828.01,0.07499999999998863,1,1.0
1785312743.0,R_100,827.91,0.05000000000001137,-1,1.0
1785312744.0,R_100,827.95,0.020000000000038654,1,1.0
1785312745.0,R_100,828.15,0.0999999999999659,1,1.0
1785312746.0,R_100,828.12,0.014999999999986358,-1,1.0
1785312747.0,R_100,828.11,0.0049999999999954525,-1,1.0
1785312748.0,R_100,828.1,0.0049999999999954525,-1,1.0
1785312749.0,R_100,828.24,0.06999999999999318,1,1.0
1785312750.0,R_100,828.13,0.05500000000000682,-1,1.0
1785312751.0,R_100,828.48,0.17500000000001137,1,1.0
1785312752.0,R_100,828.21,0.1349999999999909,-1,1.0
1785312753.0,R_100,828.08,0.06499999999999773,-1,1.0
1785312754.0,R_100,827.97,0.05500000000000682,-1,1.0
1785312755.0,R_100,828.06,0.04499999999995907,1,1.0
1785312756.0,R_100,827.94,0.05999999999994543,-1,1.0
1785312757.0,R_100,827.85,0.045000000000015916,-1,1.0
1785312758.0,R_100,827.93,0.03999999999996362,1,1.0
1785312759.0,R_100,827.91,0.009999999999990905,-1,1.0
1785312760.0,R_100,827.59,0.15999999999996817,-1,1.0
1785312761.0,R_100,827.63,0.01999999999998181,1,1.0
1785312762.0,R_100,827.52,0.05500000000000682,-1,1.0
1785312763.0,R_100,827.7,0.09000000000003183,1,1.0
1785312764.0,R_100,827.56,0.07000000000005002,-1,1.0
1785312765.0,R_100,827.7,0.07000000000005002,1,1.0
1785312766.0,R_100,827.75,0.024999999999977263,1,1.0
1785312767.0,R_100,828.1,0.17500000000001137,1,1.0
1785312768.0,R_100,827.76,0.17000000000001592,-1,1.0
1785312769.0,R_100,827.66,0.05000000000001137,-1,1.0
1785312770.0,R_100,827.31,0.17500000000001137,-1,1.0
1785312771.0,R_100,827.19,0.05999999999994543,-1,1.0
1785312772.0,R_100,827.09,0.05000000000001137,-1,1.0
1785312773.0,R_100,827.07,0.009999999999990905,-1,1.0
1785312774.0,R_100,826.95,0.060000000000002274,-1,1.0
1785312775.0,R_100,826.75,0.10000000000002274,-1,1.0
1785312776.0,R_100,826.82,0.03500000000002501,1,1.0
1785312777.0,R_100,826.49,0.16500000000002046,-1,1.0
1785312778.0,R_100,826.6,0.05500000000000682,1,1.0
1785312779.0,R_100,826.88,0.13999999999998636,1,1.0
1785312780.0,R_100,826.98,0.05000000000001137,1,1.0
1785312781.0,R_100,827.31,0.16499999999996362,1,1.0
1785312782.0,R_100,827.37,0.03000000000002956,1,1.0
1785312783.0,R_100,827.3,0.03500000000002501,-1,1.0
1785312784.0,R_100,827.34,0.020000000000038654,1,1.0
1785312785.0,R_100,827.16,0.09000000000003183,-1,1.0
1785312786.0,R_100,827.23,0.03500000000002501,1,1.0
1785312787.0,R_100,827.1,0.06499999999999773,-1,1.0
1785312788.0,R_100,827.11,0.0049999999999954525,1,1.0
1785312789.0,R_100,827.15,0.01999999999998181,1,1.0
1785312790.0,R_100,827.21,0.03000000000002956,1,1.0
1785312791.0,R_100,827.49,0.13999999999998636,1,1.0
1785312792.0,R_100,827.3,0.09500000000002728,-1,1.0
1785312793.0,R_100,827.49,0.09500000000002728,1,1.0
1785312794.0,R_100,827.3,0.09500000000002728,-1,1.0
1785312795.0,R_100,827.23,0.03499999999996817,-1,1.0
1785312796.0,R_100,827.24,0.0049999999999954525,1,1.0
1785312797.0,R_100,827.26,0.009999999999990905,1,1.0
1785312798.0,R_100,827.3,0.01999999999998181,1,1.0
1785312799.0,R_100,827.58,0.1400000000000432,1,1.0
1785312800.0,R_100,827.73,0.07499999999998863,1,1.0
1785312801.0,R_100,827.62,0.05500000000000682,-1,1.0
1785312802.0,R_100,827.76,0.06999999999999318,1,1.0
1785312803.0,R_100,827.9,0.06999999999999318,1,1.0
1785312804.0,R_100,828.02,0.060000000000002274,1,1.0
1785312805.0,R_100,828.14,0.060000000000002274,1,1.0
1785312806.0,R_100,828.22,0.040000000000020464,1,1.0
1785312807.0,R_100,828.04,0.09000000000003183,-1,1.0
1785312808.0,R_100,827.91,0.06499999999999773,-1,1.0
1785312809.0,R_100,827.7,0.10499999999996135,-1,1.0
1785312810.0,R_100,827.56,0.07000000000005002,-1,1.0
1785312811.0,R_100,827.8,0.12000000000000455,1,1.0
1785312812.0,R_100,827.77,0.014999999999986358,-1,1.0
1785312813.0,R_100,827.95,0.09000000000003183,1,1.0
1785312814.0,R_100,827.94,0.0049999999999954525,-1,1.0
1785312815.0,R_100,828.05,0.05499999999994998,1,1.0
1785312816.0,R_100,827.84,0.10499999999996135,-1,1.0
1785312817.0,R_100,827.81,0.015000000000043201,-1,1.0
1785312818.0,R_100,827.81,0.0,0,1.0
1785312819.0,R_100,827.75,0.029999999999972715,-1,1.0
1785312820.0,R_100,827.71,0.01999999999998181,-1,1.0
1785312821.0,R_100,827.86,0.07499999999998863,1,1.0
1785312822.0,R_100,827.54,0.160000000000025,-1,1.0
1785312823.0,R_100,827.7,0.08000000000004093,1,1.0
1785312824.0,R_100,827.73,0.014999999999986358,1,1.0
1785312825.0,R_100,827.66,0.03500000000002501,-1,1.0
1785312826.0,R_100,827.55,0.05500000000000682,-1,1.0
1785312827.0,R_100,827.47,0.03999999999996362,-1,1.0
1785312828.0,R_100,827.81,0.16999999999995907,1,1.0
1785312829.0,R_100,827.82,0.005000000000052296,1,1.0
1785312830.0,R_100,827.97,0.07499999999998863,1,1.0
1785312831.0,R_100,828.14,0.08499999999997954,1,1.0
1785312832.0,R_100,827.88,0.12999999999999545,-1,1.0
1785312833.0,R_100,827.85,0.014999999999986358,-1,1.0
1785312834.0,R_100,827.89,0.01999999999998181,1,1.0
1785312835.0,R_100,827.8,0.045000000000015916,-1,1.0
1785312836.0,R_100,827.63,0.08499999999997954,-1,1.0
1785312837.0,R_100,827.49,0.06999999999999318,-1,1.0
1785312838.0,R_100,827.17,0.160000000000025,-1,1.0
1785312839.0,R_100,827.45,0.1400000000000432,1,1.0
1785312840.0,R_100,827.61,0.07999999999998408,1,1.0
1785312841.0,R_100,827.42,0.09500000000002728,-1,1.0
1785312842.0,R_100,827.5,0.040000000000020464,1,1.0
1785312843.0,R_100,827.67,0.08499999999997954,1,1.0
1785312844.0,R_100,827.31,0.18000000000000682,-1,1.0
1785312845.0,R_100,827.36,0.025000000000034106,1,1.0
1785312846.0,R_100,827.58,0.11000000000001364,1,1.0
1785312847.0,R_100,827.43,0.07500000000004547,-1,1.0
1785312848.0,R_100,827.45,0.010000000000047748,1,1.0
1785312849.0,R_100,827.61,0.07999999999998408,1,1.0
1785312850.0,R_100,827.54,0.03500000000002501,-1,1.0
1785312851.0,R_100,827.63,0.045000000000015916,1,1.0
1785312852.0,R_100,827.56,0.03500000000002501,-1,1.0
1785312853.0,R_100,827.47,0.04499999999995907,-1,1.0
1785312854.0,R_100,827.44,0.014999999999986358,-1,1.0
1785312855.0,R_100,827.48,0.01999999999998181,1,1.0
1785312856.0,R_100,827.69,0.10500000000001819,1,1.0
1785312857.0,R_100,827.94,0.125,1,1.0
1785312858.0,R_100,828.15,0.10499999999996135,1,1.0
1785312859.0,R_100,828.56,0.20499999999998408,1,1.0
1785312860.0,R_100,828.55,0.0049999999999954525,-1,1.0
1785312861.0,R_100,828.51,0.01999999999998181,-1,1.0
1785312862.0,R_100,828.71,0.10000000000002274,1,1.0
1785312863.0,R_100,828.72,0.0049999999999954525,1,1.0
1785312864.0,R_100,828.81,0.04499999999995907,1,1.0
1785312865.0,R_100,828.74,0.03499999999996817,-1,1.0
1785312866.0,R_100,828.59,0.07499999999998863,-1,1.0
1785312867.0,R_100,828.4,0.09500000000002728,-1,1.0
1785312868.0,R_100,828.4,0.0,0,1.0
1785312869.0,R_100,828.22,0.08999999999997499,-1,1.0
1785312870.0,R_100,828.13,0.045000000000015916,-1,1.0
1785312871.0,R_100,827.88,0.125,-1,1.0
1785312872.0,R_100,828.42,0.2699999999999818,1,1.0
1785312873.0,R_100,828.18,0.12000000000000455,-1,1.0
1785312874.0,R_100,828.41,0.1150000000000091,1,1.0
1785312875.0,R_100,828.37,0.01999999999998181,-1,1.0
1785312876.0,R_100,828.55,0.08999999999997499,1,1.0
1785312877.0,R_100,828.63,0.040000000000020464,1,1.0
1785312878.0,R_100,828.5,0.06499999999999773,-1,1.0
1785312879.0,R_100,828.53,0.014999999999986358,1,1.0
1785312880.0,R_100,828.49,0.01999999999998181,-1,1.0
1785312881.0,R_100,828.41,0.040000000000020464,-1,1.0
1785312882.0,R_100,828.51,0.05000000000001137,1,1.0
1785312883.0,R_100,828.54,0.014999999999986358,1,1.0
1785312884.0,R_100,828.58,0.020000000000038654,1,1.0
1785312885.0,R_100,828.81,0.11499999999995225,1,1.0
1785312886.0,R_100,828.83,0.010000000000047748,1,1.0
1785312887.0,R_100,828.7,0.06499999999999773,-1,1.0
1785312888.0,R_100,828.61,0.045000000000015916,-1,1.0
1785312889.0,R_100,828.57,0.01999999999998181,-1,1.0
1785312890.0,R_100,828.34,0.1150000000000091,-1,1.0
1785312891.0,R_100,828.41,0.03499999999996817,1,1.0
1785312892.0,R_100,828.33,0.03999999999996362,-1,1.0
1785312893.0,R_100,828.33,0.0,0,1.0
1785312894.0,R_100,828.34,0.0049999999999954525,1,1.0
1785312895.0,R_100,828.39,0.024999999999977263,1,1.0
1785312896.0,R_100,828.48,0.045000000000015916,1,1.0
1785312897.0,R_100,828.39,0.045000000000015916,-1,1.0
1785312898.0,R_100,828.32,0.03499999999996817,-1,1.0
1785312899.0,R_100,828.43,0.05499999999994998,1,1.0
1785312900.0,R_100,828.27,0.07999999999998408,-1,1.0
1785312901.0,R_100,828.19,0.03999999999996362,-1,1.0
1785312902.0,R_100,827.96,0.1150000000000091,-1,1.0
1785312903.0,R_100,828.02,0.029999999999972715,1,1.0
1785312904.0,R_100,827.84,0.08999999999997499,-1,1.0
1785312905.0,R_100,827.74,0.05000000000001137,-1,1.0
1785312906.0,R_100,827.55,0.09500000000002728,-1,1.0
1785312907.0,R_100,827.52,0.014999999999986358,-1,1.0
1785312908.0,R_100,827.52,0.0,0,1.0
1785312909.0,R_100,827.71,0.09500000000002728,1,1.0
1785312910.0,R_100,827.84,0.06499999999999773,1,1.0
1785312911.0,R_100,827.64,0.10000000000002274,-1,1.0
1785312912.0,R_100,827.72,0.040000000000020464,1,1.0
1785312913.0,R_100,827.83,0.05500000000000682,1,1.0
1785312914.0,R_100,827.85,0.009999999999990905,1,1.0
1785312915.0,R_100,827.98,0.06499999999999773,1,1.0
1785312916.0,R_100,828.05,0.03499999999996817,1,1.0
1785312917.0,R_100,828.2,0.07500000000004547,1,1.0
1785312918.0,R_100,828.11,0.045000000000015916,-1,1.0
1785312919.0,R_100,828.14,0.014999999999986358,1,1.0
1785312920.0,R_100,828.3,0.07999999999998408,1,1.0
1785312921.0,R_100,828.31,0.0049999999999954525,1,1.0
1785312922.0,R_100,828.47,0.08000000000004093,1,1.0
1785312923.0,R_100,828.58,0.05500000000000682,1,1.0
1785312924.0,R_100,828.52,0.03000000000002956,-1,1.0
1785312925.0,R_100,828.38,0.06999999999999318,-1,1.0
1785312926.0,R_100,828.4,0.009999999999990905,1,1.0
1785312927.0,R_100,828.45,0.025000000000034106,1,1.0
1785312928.0,R_100,828.62,0.08499999999997954,1,1.0
1785312929.0,R_100,828.5,0.060000000000002274,-1,1.0
1785312930.0,R_100,828.38,0.060000000000002274,-1,1.0
1785312931.0,R_100,828.56,0.08999999999997499,1,1.0
1785312932.0,R_100,828.88,0.160000000000025,1,1.0
1785312933.0,R_100,829.18,0.14999999999997726,1,1.0
1785312934.0,R_100,829.21,0.015000000000043201,1,1.0
1785312935.0,R_100,829.35,0.06999999999999318,1,1.0
1785312936.0,R_100,829.29,0.03000000000002956,-1,1.0
1785312937.0,R_100,829.34,0.025000000000034106,1,1.0
1785312938.0,R_100,829.42,0.03999999999996362,1,1.0
1785312939.0,R_100,829.43,0.0049999999999954525,1,1.0
1785312940.0,R_100,829.55,0.060000000000002274,1,1.0
1785312941.0,R_100,829.45,0.049999999999954525,-1,1.0
1785312942.0,R_100,829.55,0.049999999999954525,1,1.0
1785312943.0,R_100,829.43,0.060000000000002274,-1,1.0
1785312944.0,R_100,829.16,0.1349999999999909,-1,1.0
1785312945.0,R_100,829.12,0.01999999999998181,-1,1.0
1785312946.0,R_100,829.2,0.040000000000020464,1,1.0
1785312947.0,R_100,829.31,0.05499999999994998,1,1.0
1785312948.0,R_100,829.44,0.06500000000005457,1,1.0
1785312949.0,R_100,829.7,0.12999999999999545,1,1.0
1785312950.0,R_100,829.71,0.0049999999999954525,1,1.0
1785312951.0,R_100,830.01,0.14999999999997726,1,1.0
1785312952.0,R_100,830.18,0.08499999999997954,1,1.0
1785312953.0,R_100,830.31,0.06499999999999773,1,1.0
1785312954.0,R_100,830.24,0.03499999999996817,-1,1.0
1785312955.0,R_100,830.0,0.12000000000000455,-1,1.0
1785312956.0,R_100,829.66,0.17000000000001592,-1,1.0
1785312957.0,R_100,829.46,0.0999999999999659,-1,1.0
1785312958.0,R_100,829.3,0.08000000000004093,-1,1.0
1785312959.0,R_100,829.4,0.05000000000001137,1,1.0
1785312960.0,R_100,829.28,0.060000000000002274,-1,1.0
1785312961.0,R_100,829.14,0.06999999999999318,-1,1.0
1785312962.0,R_100,829.32,0.09000000000003183,1,1.0
1785312963.0,R_100,829.48,0.07999999999998408,1,1.0
1785312964.0,R_100,829.37,0.05500000000000682,-1,1.0
1785312965.0,R_100,829.54,0.08499999999997954,1,1.0
1785312966.0,R_100,829.34,0.0999999999999659,-1,1.0
1785312967.0,R_100,829.22,0.060000000000002274,-1,1.0
1785312968.0,R_100,829.23,0.0049999999999954525,1,1.0
1785312969.0,R_100,829.32,0.045000000000015916,1,1.0
1785312970.0,R_100,829.35,0.014999999999986358,1,1.0
1785312971.0,R_100,829.22,0.06499999999999773,-1,1.0
1785312972.0,R_100,829.25,0.014999999999986358,1,1.0
1785312973.0,R_100,829.41,0.07999999999998408,1,1.0
1785312974.0,R_100,829.44,0.015000000000043201,1,1.0
1785312975.0,R_100,829.31,0.06500000000005457,-1,1.0
1785312976.0,R_100,829.26,0.024999999999977263,-1,1.0
1785312977.0,R_100,829.15,0.05500000000000682,-1,1.0
1785312978.0,R_100,829.12,0.014999999999986358,-1,1.0
1785312979.0,R_100,829.06,0.03000000000002956,-1,1.0
1785312980.0,R_100,829.17,0.05500000000000682,1,1.0
1785312981.0,R_100,829.09,0.03999999999996362,-1,1.0
1785312982.0,R_100,829.04,0.025000000000034106,-1,1.0
1785312983.0,R_100,828.93,0.05500000000000682,-1,1.0
1785312984.0,R_100,829.07,0.07000000000005002,1,1.0
1785312985.0,R_100,829.03,0.020000000000038654,-1,1.0
1785312986.0,R_100,828.92,0.05500000000000682,-1,1.0
1785312987.0,R_100,828.92,0.0,0,1.0
1785312988.0,R_100,828.79,0.06499999999999773,-1,1.0
1785312989.0,R_100,828.92,0.06499999999999773,1,1.0
1785312990.0,R_100,828.77,0.07499999999998863,-1,1.0
1785312991.0,R_100,828.66,0.05500000000000682,-1,1.0
1785312992.0,R_100,828.82,0.08000000000004093,1,1.0
1785312993.0,R_100,828.85,0.014999999999986358,1,1.0
1785312994.0,R_100,828.94,0.045000000000015916,1,1.0
1785312995.0,R_100,829.05,0.05499999999994998,1,1.0
1785312996.0,R_100,828.88,0.08499999999997954,-1,1.0
1785312997.0,R_100,828.41,0.23500000000001364,-1,1.0
1785312998.0,R_100,828.18,0.1150000000000091,-1,1.0
1785312999.0,R_100,828.16,0.009999999999990905,-1,1.0
1785313000.0,R_100,828.29,0.06499999999999773,1,1.0
1785313001.0,R_100,828.43,0.06999999999999318,1,1.0
1785313002.0,R_100,828.86,0.21500000000003183,1,1.0
1785313003.0,R_100,828.96,0.05000000000001137,1,1.0
1785313004.0,R_100,829.07,0.05500000000000682,1,1.0
1785313005.0,R_100,828.91,0.08000000000004093,-1,1.0
1785313006.0,R_100,829.13,0.11000000000001364,1,1.0
1785313007.0,R_100,829.04,0.045000000000015916,-1,1.0
1785313008.0,R_100,829.05,0.0049999999999954525,1,1.0
1785313009.0,R_100,828.86,0.09499999999997044,-1,1.0
1785313010.0,R_100,828.97,0.05500000000000682,1,1.0
1785313011.0,R_100,828.91,0.03000000000002956,-1,1.0
1785313012.0,R_100,828.89,0.009999999999990905,-1,1.0
1785313013.0,R_100,829.01,0.060000000000002274,1,1.0
1785313014.0,R_100,829.13,0.060000000000002274,1,1.0
1785313015.0,R_100,829.26,0.06499999999999773,1,1.0
1785313016.0,R_100,828.94,0.15999999999996817,-1,1.0
1785313017.0,R_100,829.02,0.03999999999996362,1,1.0
1785313018.0,R_100,828.93,0.045000000000015916,-1,1.0
1785313019.0,R_100,828.96,0.015000000000043201,1,1.0
1785313020.0,R_100,829.12,0.07999999999998408,1,1.0
1785313021.0,R_100,829.49,0.18500000000000227,1,1.0
1785313022.0,R_100,829.09,0.19999999999998863,-1,1.0
1785313023.0,R_100,829.23,0.06999999999999318,1,1.0
1785313024.0,R_100,829.12,0.05500000000000682,-1,1.0
1785313025.0,R_100,829.33,0.10500000000001819,1,1.0
1785313026.0,R_100,829.34,0.0049999999999954525,1,1.0
1785313027.0,R_100,829.39,0.024999999999977263,1,1.0
1785313028.0,R_100,829.36,0.014999999999986358,-1,1.0
1785313029.0,R_100,829.23,0.06499999999999773,-1,1.0
1785313030.0,R_100,829.13,0.05000000000001137,-1,1.0
1785313031.0,R_100,829.2,0.03500000000002501,1,1.0
1785313032.0,R_100,829.2,0.0,0,1.0
1785313033.0,R_100,829.35,0.07499999999998863,1,1.0
1785313034.0,R_100,829.26,0.045000000000015916,-1,1.0
1785313035.0,R_100,829.02,0.12000000000000455,-1,1.0
1785313036.0,R_100,829.19,0.08500000000003638,1,1.0
1785313037.0,R_100,829.14,0.025000000000034106,-1,1.0
1785313038.0,R_100,829.36,0.11000000000001364,1,1.0
1785313039.0,R_100,829.17,0.09500000000002728,-1,1.0
1785313040.0,R_100,829.1,0.03499999999996817,-1,1.0
1785313041.0,R_100,829.07,0.014999999999986358,-1,1.0
1785313042.0,R_100,829.34,0.1349999999999909,1,1.0
1785313043.0,R_100,829.42,0.03999999999996362,1,1.0
1785313044.0,R_100,828.98,0.21999999999997044,-1,1.0
1785313045.0,R_100,828.94,0.01999999999998181,-1,1.0
1785313046.0,R_100,828.72,0.11000000000001364,-1,1.0
1785313047.0,R_100,828.72,0.0,0,1.0
1785313048.0,R_100,828.85,0.06499999999999773,1,1.0
1785313049.0,R_100,828.91,0.029999999999972715,1,1.0
1785313050.0,R_100,828.84,0.03499999999996817,-1,1.0
1785313051.0,R_100,828.87,0.014999999999986358,1,1.0
1785313052.0,R_100,828.83,0.01999999999998181,-1,1.0
1785313053.0,R_100,828.69,0.06999999999999318,-1,1.0
1785313054.0,R_100,828.74,0.024999999999977263,1,1.0
1785313055.0,R_100,828.89,0.07499999999998863,1,1.0
1785313056.0,R_100,828.85,0.01999999999998181,-1,1.0
1785313057.0,R_100,828.8,0.025000000000034106,-1,1.0
1785313058.0,R_100,828.62,0.08999999999997499,-1,1.0
1785313059.0,R_100,828.68,0.029999999999972715,1,1.0
1785313060.0,R_100,828.83,0.07500000000004547,1,1.0
1785313061.0,R_100,828.63,0.10000000000002274,-1,1.0
1785313062.0,R_100,828.66,0.014999999999986358,1,1.0
1785313063.0,R_100,828.64,0.009999999999990905,-1,1.0
1785313064.0,R_100,828.59,0.024999999999977263,-1,1.0
1785313065.0,R_100,828.43,0.08000000000004093,-1,1.0
1785313066.0,R_100,828.64,0.10500000000001819,1,1.0
1785313067.0,R_100,828.59,0.024999999999977263,-1,1.0
1785313068.0,R_100,828.31,0.1400000000000432,-1,1.0
1785313069.0,R_100,828.41,0.05000000000001137,1,1.0
1785313070.0,R_100,828.34,0.03499999999996817,-1,1.0
1785313071.0,R_100,828.43,0.04499999999995907,1,1.0
1785313072.0,R_100,828.32,0.05499999999994998,-1,1.0
1785313073.0,R_100,828.59,0.1349999999999909,1,1.0
1785313074.0,R_100,828.88,0.1449999999999818,1,1.0
1785313075.0,R_100,828.89,0.0049999999999954525,1,1.0
1785313076.0,R_100,828.78,0.05500000000000682,-1,1.0
1785313077.0,R_100,828.73,0.024999999999977263,-1,1.0
1785313078.0,R_100,828.71,0.009999999999990905,-1,1.0
1785313079.0,R_100,828.75,0.01999999999998181,1,1.0
1785313080.0,R_100,828.67,0.040000000000020464,-1,1.0
1785313081.0,R_100,828.57,0.049999999999954525,-1,1.0
1785313082.0,R_100,828.79,0.1099999999999568,1,1.0
1785313083.0,R_100,828.86,0.03500000000002501,1,1.0
1785313084.0,R_100,828.75,0.05500000000000682,-1,1.0
1785313085.0,R_100,828.95,0.10000000000002274,1,1.0
1785313086.0,R_100,829.04,0.04499999999995907,1,1.0
1785313087.0,R_100,829.0,0.01999999999998181,-1,1.0
1785313088.0,R_100,829.01,0.0049999999999954525,1,1.0
1785313089.0,R_100,828.65,0.18000000000000682,-1,1.0
1785313090.0,R_100,828.59,0.029999999999972715,-1,1.0
1785313091.0,R_100,828.53,0.03000000000002956,-1,1.0
1785313092.0,R_100,828.49,0.01999999999998181,-1,1.0
1785313093.0,R_100,828.54,0.024999999999977263,1,1.0
1785313094.0,R_100,828.63,0.045000000000015916,1,1.0
1785313095.0,R_100,828.56,0.03500000000002501,-1,1.0
1785313096.0,R_100,828.74,0.09000000000003183,1,1.0
1785313097.0,R_100,828.7,0.01999999999998181,-1,1.0
1785313098.0,R_100,828.75,0.024999999999977263,1,1.0
1785313099.0,R_100,828.62,0.06499999999999773,-1,1.0
1785313100.0,R_100,828.49,0.06499999999999773,-1,1.0
1785313101.0,R_100,828.27,0.11000000000001364,-1,1.0
1785313102.0,R_100,828.05,0.11000000000001364,-1,1.0
1785313103.0,R_100,828.22,0.08500000000003638,1,1.0
1785313104.0,R_100,828.16,0.03000000000002956,-1,1.0
1785313105.0,R_100,827.99,0.08499999999997954,-1,1.0
1785313106.0,R_100,827.85,0.06999999999999318,-1,1.0
1785313107.0,R_100,827.61,0.12000000000000455,-1,1.0
1785313108.0,R_100,827.54,0.03500000000002501,-1,1.0
1785313109.0,R_100,827.54,0.0,0,1.0
1785313110.0,R_100,827.47,0.03499999999996817,-1,1.0
1785313111.0,R_100,827.31,0.08000000000004093,-1,1.0
1785313112.0,R_100,827.29,0.009999999999990905,-1,1.0
1785313113.0,R_100,827.16,0.06499999999999773,-1,1.0
1785313114.0,R_100,827.35,0.09500000000002728,1,1.0
1785313115.0,R_100,827.01,0.17000000000001592,-1,1.0
1785313116.0,R_100,826.85,0.07999999999998408,-1,1.0
1785313117.0,R_100,826.81,0.020000000000038654,-1,1.0
1785313118.0,R_100,826.73,0.03999999999996362,-1,1.0
1785313119.0,R_100,826.71,0.009999999999990905,-1,1.0
1785313120.0,R_100,826.78,0.03499999999996817,1,1.0
1785313121.0,R_100,826.62,0.07999999999998408,-1,1.0
1785313122.0,R_100,826.65,0.014999999999986358,1,1.0
1785313123.0,R_100,826.69,0.020000000000038654,1,1.0
1785313124.0,R_100,826.86,0.08499999999997954,1,1.0
1785313125.0,R_100,826.71,0.07499999999998863,-1,1.0
1785313126.0,R_100,826.62,0.045000000000015916,-1,1.0
1785313127.0,R_100,826.51,0.05500000000000682,-1,1.0
1785313128.0,R_100,826.61,0.05000000000001137,1,1.0
1785313129.0,R_100,826.43,0.09000000000003183,-1,1.0
1785313130.0,R_100,826.56,0.06499999999999773,1,1.0
1785313131.0,R_100,826.41,0.07499999999998863,-1,1.0
1785313132.0,R_100,826.52,0.05500000000000682,1,1.0
1785313133.0,R_100,826.59,0.03500000000002501,1,1.0
1785313134.0,R_100,826.61,0.009999999999990905,1,1.0
1785313135.0,R_100,826.62,0.0049999999999954525,1,1.0
1785313136.0,R_100,826.64,0.009999999999990905,1,1.0
1785313137.0,R_100,826.33,0.15499999999997272,-1,1.0
1785313138.0,R_100,826.34,0.0049999999999954525,1,1.0
1785313139.0,R_100,826.0,0.17000000000001592,-1,1.0
1785313140.0,R_100,826.11,0.05500000000000682,1,1.0
1785313141.0,R_100,826.18,0.03499999999996817,1,1.0
1785313142.0,R_100,826.19,0.005000000000052296,1,1.0
1785313143.0,R_100,826.0,0.09500000000002728,-1,1.0
1785313144.0,R_100,826.03,0.014999999999986358,1,1.0
1785313145.0,R_100,826.01,0.009999999999990905,-1,1.0
1785313146.0,R_100,826.02,0.0049999999999954525,1,1.0
1785313147.0,R_100,825.7,0.15999999999996817,-1,1.0
1785313148.0,R_100,825.73,0.014999999999986358,1,1.0
1785313149.0,R_100,825.87,0.06999999999999318,1,1.0
1785313150.0,R_100,825.83,0.01999999999998181,-1,1.0
1785313151.0,R_100,826.05,0.1099999999999568,1,1.0
1785313152.0,R_100,825.89,0.07999999999998408,-1,1.0
1785313153.0,R_100,826.05,0.07999999999998408,1,1.0
1785313154.0,R_100,825.99,0.029999999999972715,-1,1.0
1785313155.0,R_100,826.13,0.06999999999999318,1,1.0
1785313156.0,R_100,825.99,0.06999999999999318,-1,1.0
1785313157.0,R_100,826.06,0.03499999999996817,1,1.0
1785313158.0,R_100,826.19,0.06500000000005457,1,1.0
1785313159.0,R_100,826.24,0.024999999999977263,1,1.0
1785313160.0,R_100,826.23,0.0049999999999954525,-1,1.0
1785313161.0,R_100,826.12,0.05500000000000682,-1,1.0
1785313162.0,R_100,826.01,0.05500000000000682,-1,1.0
1785313163.0,R_100,825.92,0.045000000000015916,-1,1.0
1785313164.0,R_100,825.84,0.03999999999996362,-1,1.0
1785313165.0,R_100,825.7,0.06999999999999318,-1,1.0
1785313166.0,R_100,825.84,0.06999999999999318,1,1.0
1785313167.0,R_100,826.08,0.12000000000000455,1,1.0
1785313168.0,R_100,826.16,0.03999999999996362,1,1.0
1785313169.0,R_100,825.9,0.12999999999999545,-1,1.0
1785313170.0,R_100,825.78,0.060000000000002274,-1,1.0
1785313171.0,R_100,825.88,0.05000000000001137,1,1.0
1785313172.0,R_100,825.77,0.05500000000000682,-1,1.0
1785313173.0,R_100,825.73,0.01999999999998181,-1,1.0
1785313174.0,R_100,825.76,0.014999999999986358,1,1.0
1785313175.0,R_100,825.81,0.024999999999977263,1,1.0
1785313176.0,R_100,825.96,0.07500000000004547,1,1.0
1785313177.0,R_100,826.01,0.024999999999977263,1,1.0
1785313178.0,R_100,825.98,0.014999999999986358,-1,1.0
1785313179.0,R_100,825.82,0.07999999999998408,-1,1.0
1785313180.0,R_100,825.58,0.12000000000000455,-1,1.0
1785313181.0,R_100,825.66,0.03999999999996362,1,1.0
1785313182.0,R_100,825.85,0.09500000000002728,1,1.0
1785313183.0,R_100,825.87,0.009999999999990905,1,1.0
1785313184.0,R_100,825.78,0.045000000000015916,-1,1.0
1785313185.0,R_100,826.09,0.15500000000002956,1,1.0
1785313186.0,R_100,825.94,0.07499999999998863,-1,1.0
1785313187.0,R_100,826.07,0.06499999999999773,1,1.0
1785313188.0,R_100,825.86,0.10500000000001819,-1,1.0
1785313189.0,R_100,825.66,0.10000000000002274,-1,1.0
1785313190.0,R_100,825.6,0.029999999999972715,-1,1.0
1785313191.0,R_100,825.54,0.03000000000002956,-1,1.0
1785313192.0,R_100,825.59,0.025000000000034106,1,1.0
1785313193.0,R_100,825.54,0.025000000000034106,-1,1.0
1785313194.0,R_100,825.61,0.03500000000002501,1,1.0
1785313195.0,R_100,825.46,0.07499999999998863,-1,1.0
1785313196.0,R_100,825.35,0.05500000000000682,-1,1.0
1785313197.0,R_100,825.37,0.009999999999990905,1,1.0
1785313198.0,R_100,825.3,0.03500000000002501,-1,1.0
1785313199.0,R_100,825.2,0.049999999999954525,-1,1.0
1785313200.0,R_100,825.25,0.024999999999977263,1,1.0
1785313201.0,R_100,825.15,0.05000000000001137,-1,1.0
1785313202.0,R_100,825.06,0.045000000000015916,-1,1.0
1785313203.0,R_100,825.0,0.029999999999972715,-1,1.0
1785313204.0,R_100,825.17,0.08499999999997954,1,1.0
1785313205.0,R_100,825.17,0.0,0,1.0
1785313206.0,R_100,825.0,0.08499999999997954,-1,1.0
1785313207.0,R_100,825.02,0.009999999999990905,1,1.0
1785313208.0,R_100,824.99,0.014999999999986358,-1,1.0
1785313209.0,R_100,825.05,0.029999999999972715,1,1.0
1785313210.0,R_100,825.05,0.0,0,1.0
1785313211.0,R_100,825.1,0.025000000000034106,1,1.0
1785313212.0,R_100,825.1,0.0,0,1.0
1785313213.0,R_100,825.14,0.01999999999998181,1,1.0
1785313214.0,R_100,825.03,0.05500000000000682,-1,1.0
1785313215.0,R_100,825.07,0.020000000000038654,1,1.0
1785313216.0,R_100,824.91,0.08000000000004093,-1,1.0
1785313217.0,R_100,824.86,0.024999999999977263,-1,1.0
1785313218.0,R_100,824.83,0.014999999999986358,-1,1.0
1785313219.0,R_100,824.86,0.014999999999986358,1,1.0
1785313220.0,R_100,825.09,0.1150000000000091,1,1.0
1785313221.0,R_100,825.05,0.020000000000038654,-1,1.0
1785313222.0,R_100,825.16,0.05500000000000682,1,1.0
1785313223.0,R_100,824.93,0.1150000000000091,-1,1.0
1785313224.0,R_100,824.89,0.01999999999998181,-1,1.0
1785313225.0,R_100,824.78,0.05500000000000682,-1,1.0
1785313226.0,R_100,824.91,0.06499999999999773,1,1.0
1785313227.0,R_100,824.88,0.014999999999986358,-1,1.0
1785313228.0,R_100,824.95,0.03500000000002501,1,1.0
1785313229.0,R_100,824.72,0.1150000000000091,-1,1.0
1785313230.0,R_100,824.77,0.024999999999977263,1,1.0
1785313231.0,R_100,824.81,0.01999999999998181,1,1.0
1785313232.0,R_100,824.53,0.13999999999998636,-1,1.0
1785313233.0,R_100,824.36,0.08499999999997954,-1,1.0
1785313234.0,R_100,824.41,0.024999999999977263,1,1.0
1785313235.0,R_100,824.33,0.03999999999996362,-1,1.0
1785313236.0,R_100,824.72,0.19499999999999318,1,1.0
1785313237.0,R_100,824.66,0.03000000000002956,-1,1.0
1785313238.0,R_100,824.62,0.01999999999998181,-1,1.0
1785313239.0,R_100,824.49,0.06499999999999773,-1,1.0
1785313240.0,R_100,824.75,0.12999999999999545,1,1.0
1785313241.0,R_100,824.8,0.024999999999977263,1,1.0
1785313242.0,R_100,824.98,0.09000000000003183,1,1.0
1785313243.0,R_100,824.66,0.160000000000025,-1,1.0
1785313244.0,R_100,824.8,0.06999999999999318,1,1.0
1785313245.0,R_100,824.92,0.060000000000002274,1,1.0
1785313246.0,R_100,824.85,0.03499999999996817,-1,1.0
1785313247.0,R_100,824.84,0.0049999999999954525,-1,1.0
1785313248.0,R_100,824.92,0.03999999999996362,1,1.0
1785313249.0,R_100,824.74,0.08999999999997499,-1,1.0
1785313250.0,R_100,824.51,0.1150000000000091,-1,1.0
1785313251.0,R_100,824.53,0.009999999999990905,1,1.0
1785313252.0,R_100,824.55,0.009999999999990905,1,1.0
1785313253.0,R_100,824.39,0.07999999999998408,-1,1.0
1785313254.0,R_100,824.46,0.03500000000002501,1,1.0
1785313255.0,R_100,824.53,0.03499999999996817,1,1.0
1785313256.0,R_100,824.42,0.05500000000000682,-1,1.0
1785313257.0,R_100,824.37,0.024999999999977263,-1,1.0
1785313258.0,R_100,824.35,0.009999999999990905,-1,1.0
1785313259.0,R_100,824.21,0.06999999999999318,-1,1.0
1785313260.0,R_100,824.0,0.10500000000001819,-1,1.0
1785313261.0,R_100,823.67,0.16500000000002046,-1,1.0
1785313262.0,R_100,823.85,0.09000000000003183,1,1.0
1785313263.0,R_100,823.87,0.009999999999990905,1,1.0
1785313264.0,R_100,824.06,0.09499999999997044,1,1.0
1785313265.0,R_100,824.02,0.01999999999998181,-1,1.0
1785313266.0,R_100,824.01,0.0049999999999954525,-1,1.0
1785313267.0,R_100,823.99,0.009999999999990905,-1,1.0
1785313268.0,R_100,824.01,0.009999999999990905,1,1.0
1785313269.0,R_100,823.88,0.06499999999999773,-1,1.0
1785313270.0,R_100,824.0,0.060000000000002274,1,1.0
1785313271.0,R_100,823.96,0.01999999999998181,-1,1.0
1785313272.0,R_100,824.07,0.05500000000000682,1,1.0
1785313273.0,R_100,823.87,0.10000000000002274,-1,1.0
1785313274.0,R_100,823.96,0.045000000000015916,1,1.0
1785313275.0,R_100,823.85,0.05500000000000682,-1,1.0
1785313276.0,R_100,823.86,0.0049999999999954525,1,1.0
1785313277.0,R_100,823.9,0.01999999999998181,1,1.0
1785313278.0,R_100,823.85,0.024999999999977263,-1,1.0
1785313279.0,R_100,823.63,0.11000000000001364,-1,1.0
1785313280.0,R_100,823.47,0.07999999999998408,-1,1.0
1785313281.0,R_100,823.46,0.0049999999999954525,-1,1.0
1785313282.0,R_100,823.21,0.125,-1,1.0
1785313283.0,R_100,823.22,0.0049999999999954525,1,1.0
1785313284.0,R_100,823.22,0.0,0,1.0
1785313285.0,R_100,822.89,0.16500000000002046,-1,1.0
1785313286.0,R_100,822.97,0.040000000000020464,1,1.0
1785313287.0,R_100,823.0,0.014999999999986358,1,1.0
1785313288.0,R_100,823.09,0.045000000000015916,1,1.0
1785313289.0,R_100,823.12,0.014999999999986358,1,1.0
1785313290.0,R_100,822.9,0.11000000000001364,-1,1.0
1785313291.0,R_100,822.78,0.060000000000002274,-1,1.0
1785313292.0,R_100,822.99,0.10500000000001819,1,1.0
1785313293.0,R_100,823.28,0.1449999999999818,1,1.0
1785313294.0,R_100,823.08,0.0999999999999659,-1,1.0
1785313295.0,R_100,822.95,0.06499999999999773,-1,1.0
1785313296.0,R_100,822.83,0.060000000000002274,-1,1.0
1785313297.0,R_100,822.81,0.010000000000047748,-1,1.0
1785313298.0,R_100,822.8,0.0049999999999954525,-1,1.0
1785313299.0,R_100,823.09,0.14500000000003865,1,1.0
1785313300.0,R_100,823.19,0.05000000000001137,1,1.0
1785313301.0,R_100,823.21,0.009999999999990905,1,1.0
1785313302.0,R_100,823.24,0.014999999999986358,1,1.0
1785313303.0,R_100,823.06,0.09000000000003183,-1,1.0
1785313304.0,R_100,822.81,0.125,-1,1.0
1785313305.0,R_100,823.21,0.20000000000004547,1,1.0
1785313306.0,R_100,823.12,0.045000000000015916,-1,1.0
1785313307.0,R_100,823.22,0.05000000000001137,1,1.0
1785313308.0,R_100,823.23,0.0049999999999954525,1,1.0
1785313309.0,R_100,823.21,0.009999999999990905,-1,1.0
1785313310.0,R_100,822.95,0.12999999999999545,-1,1.0
1785313311.0,R_100,823.13,0.08999999999997499,1,1.0
1785313312.0,R_100,823.25,0.060000000000002274,1,1.0
1785313313.0,R_100,823.08,0.08499999999997954,-1,1.0
1785313314.0,R_100,822.89,0.09500000000002728,-1,1.0
1785313315.0,R_100,822.92,0.014999999999986358,1,1.0
1785313316.0,R_100,822.88,0.01999999999998181,-1,1.0
1785313317.0,R_100,822.89,0.0049999999999954525,1,1.0
1785313318.0,R_100,822.96,0.03500000000002501,1,1.0
1785313319.0,R_100,823.23,0.1349999999999909,1,1.0
1785313320.0,R_100,823.06,0.08500000000003638,-1,1.0
1785313321.0,R_100,823.07,0.005000000000052296,1,1.0
1785313322.0,R_100,822.83,0.12000000000000455,-1,1.0
1785313323.0,R_100,822.89,0.029999999999972715,1,1.0
1785313324.0,R_100,822.75,0.06999999999999318,-1,1.0
1785313325.0,R_100,822.64,0.05500000000000682,-1,1.0
1785313326.0,R_100,822.48,0.07999999999998408,-1,1.0
1785313327.0,R_100,822.44,0.01999999999998181,-1,1.0
1785313328.0,R_100,822.42,0.010000000000047748,-1,1.0
1785313329.0,R_100,822.38,0.01999999999998181,-1,1.0
1785313330.0,R_100,822.58,0.10000000000002274,1,1.0
1785313331.0,R_100,822.4,0.09000000000003183,-1,1.0
1785313332.0,R_100,822.1,0.14999999999997726,-1,1.0
1785313333.0,R_100,822.24,0.06999999999999318,1,1.0
1785313334.0,R_100,822.33,0.045000000000015916,1,1.0
1785313335.0,R_100,822.48,0.07499999999998863,1,1.0
1785313336.0,R_100,822.51,0.014999999999986358,1,1.0
1785313337.0,R_100,822.51,0.0,0,1.0
1785313338.0,R_100,822.52,0.0049999999999954525,1,1.0
1785313339.0,R_100,822.43,0.045000000000015916,-1,1.0
1785313340.0,R_100,822.41,0.009999999999990905,-1,1.0
1785313341.0,R_100,822.69,0.1400000000000432,1,1.0
1785313342.0,R_100,822.56,0.06500000000005457,-1,1.0
1785313343.0,R_100,822.67,0.05500000000000682,1,1.0
1785313344.0,R_100,822.76,0.045000000000015916,1,1.0
1785313345.0,R_100,822.84,0.040000000000020464,1,1.0
1785313346.0,R_100,822.99,0.07499999999998863,1,1.0
1785313347.0,R_100,823.37,0.18999999999999773,1,1.0
1785313348.0,R_100,823.26,0.05500000000000682,-1,1.0
1785313349.0,R_100,823.56,0.14999999999997726,1,1.0
1785313350.0,R_100,823.65,0.045000000000015916,1,1.0
1785313351.0,R_100,823.89,0.12000000000000455,1,1.0
1785313352.0,R_100,823.66,0.1150000000000091,-1,1.0
1785313353.0,R_100,823.76,0.05000000000001137,1,1.0
1785313354.0,R_100,823.75,0.0049999999999954525,-1,1.0
1785313355.0,R_100,823.91,0.07999999999998408,1,1.0
1785313356.0,R_100,823.71,0.0999999999999659,-1,1.0
1785313357.0,R_100,823.68,0.015000000000043201,-1,1.0
1785313358.0,R_100,823.93,0.125,1,1.0
1785313359.0,R_100,824.11,0.09000000000003183,1,1.0
1785313360.0,R_100,824.43,0.15999999999996817,1,1.0
1785313361.0,R_100,824.43,0.0,0,1.0
1785313362.0,R_100,824.52,0.045000000000015916,1,1.0
1785313363.0,R_100,824.26,0.12999999999999545,-1,1.0
1785313364.0,R_100,824.25,0.0049999999999954525,-1,1.0
1785313365.0,R_100,823.98,0.1349999999999909,-1,1.0
1785313366.0,R_100,823.8,0.09000000000003183,-1,1.0
1785313367.0,R_100,824.16,0.18000000000000682,1,1.0
1785313368.0,R_100,824.2,0.020000000000038654,1,1.0
1785313369.0,R_100,824.05,0.07500000000004547,-1,1.0
1785313370.0,R_100,823.96,0.04499999999995907,-1,1.0
1785313371.0,R_100,824.09,0.06499999999999773,1,1.0
1785313372.0,R_100,824.09,0.0,0,1.0
1785313373.0,R_100,823.91,0.09000000000003183,-1,1.0
1785313374.0,R_100,823.64,0.1349999999999909,-1,1.0
1785313375.0,R_100,823.61,0.014999999999986358,-1,1.0
1785313376.0,R_100,823.54,0.03500000000002501,-1,1.0
1785313377.0,R_100,823.53,0.0049999999999954525,-1,1.0
1785313378.0,R_100,823.7,0.08500000000003638,1,1.0
1785313379.0,R_100,823.64,0.03000000000002956,-1,1.0
1785313380.0,R_100,823.82,0.09000000000003183,1,1.0
1785313381.0,R_100,823.77,0.025000000000034106,-1,1.0
1785313382.0,R_100,823.79,0.009999999999990905,1,1.0
1785313383.0,R_100,823.91,0.060000000000002274,1,1.0
1785313384.0,R_100,823.91,0.0,0,1.0
1785313385.0,R_100,824.08,0.08500000000003638,1,1.0
1785313386.0,R_100,824.09,0.0049999999999954525,1,1.0
1785313387.0,R_100,823.88,0.10500000000001819,-1,1.0
1785313388.0,R_100,823.6,0.13999999999998636,-1,1.0
1785313389.0,R_100,823.61,0.0049999999999954525,1,1.0
1785313390.0,R_100,823.39,0.11000000000001364,-1,1.0
1785313391.0,R_100,823.26,0.06499999999999773,-1,1.0
1785313392.0,R_100,823.45,0.09500000000002728,1,1.0
1785313393.0,R_100,823.47,0.009999999999990905,1,1.0
1785313394.0,R_100,823.26,0.10500000000001819,-1,1.0
1785313395.0,R_100,823.4,0.06999999999999318,1,1.0
1785313396.0,R_100,823.37,0.014999999999986358,-1,1.0
1785313397.0,R_100,823.41,0.01999999999998181,1,1.0
1785313398.0,R_100,823.24,0.08499999999997954,-1,1.0
1785313399.0,R_100,823.38,0.06999999999999318,1,1.0
1785313400.0,R_100,823.29,0.045000000000015916,-1,1.0
1785313401.0,R_100,823.38,0.045000000000015916,1,1.0
1785313402.0,R_100,823.41,0.014999999999986358,1,1.0
1785313403.0,R_100,823.44,0.015000000000043201,1,1.0
1785313404.0,R_100,823.31,0.06500000000005457,-1,1.0
1785313405.0,R_100,823.06,0.125,-1,1.0
1785313406.0,R_100,823.02,0.01999999999998181,-1,1.0
1785313407.0,R_100,823.04,0.009999999999990905,1,1.0
1785313408.0,R_100,822.93,0.05500000000000682,-1,1.0
1785313409.0,R_100,822.73,0.0999999999999659,-1,1.0
1785313410.0,R_100,822.81,0.03999999999996362,1,1.0
1785313411.0,R_100,823.01,0.10000000000002274,1,1.0
1785313412.0,R_100,823.01,0.0,0,1.0
1785313413.0,R_100,823.01,0.0,0,1.0
1785313414.0,R_100,822.85,0.07999999999998408,-1,1.0
1785313415.0,R_100,822.81,0.020000000000038654,-1,1.0
1785313416.0,R_100,822.91,0.05000000000001137,1,1.0
1785313417.0,R_100,822.93,0.009999999999990905,1,1.0
1785313418.0,R_100,822.72,0.10499999999996135,-1,1.0
1785313419.0,R_100,822.74,0.009999999999990905,1,1.0
1785313420.0,R_100,822.87,0.06499999999999773,1,1.0
1785313421.0,R_100,823.24,0.18500000000000227,1,1.0
1785313422.0,R_100,823.22,0.009999999999990905,-1,1.0
1785313423.0,R_100,823.18,0.020000000000038654,-1,1.0
1785313424.0,R_100,823.13,0.024999999999977263,-1,1.0
1785313425.0,R_100,823.28,0.07499999999998863,1,1.0
1785313426.0,R_100,822.92,0.18000000000000682,-1,1.0
1785313427.0,R_100,822.96,0.020000000000038654,1,1.0
1785313428.0,R_100,822.96,0.0,0,1.0
1785313429.0,R_100,822.91,0.025000000000034106,-1,1.0
1785313430.0,R_100,822.84,0.03499999999996817,-1,1.0
1785313431.0,R_100,823.05,0.10499999999996135,1,1.0
1785313432.0,R_100,823.18,0.06499999999999773,1,1.0
1785313433.0,R_100,823.08,0.049999999999954525,-1,1.0
1785313434.0,R_100,823.04,0.020000000000038654,-1,1.0
1785313435.0,R_100,823.14,0.05000000000001137,1,1.0
1785313436.0,R_100,823.11,0.014999999999986358,-1,1.0
1785313437.0,R_100,823.06,0.025000000000034106,-1,1.0
1785313438.0,R_100,822.87,0.09499999999997044,-1,1.0
1785313439.0,R_100,822.95,0.040000000000020464,1,1.0
1785313440.0,R_100,822.87,0.040000000000020464,-1,1.0
1785313441.0,R_100,822.74,0.06499999999999773,-1,1.0
1785313442.0,R_100,822.65,0.045000000000015916,-1,1.0
1785313443.0,R_100,822.76,0.05500000000000682,1,1.0
1785313444.0,R_100,822.75,0.0049999999999954525,-1,1.0
1785313445.0,R_100,822.7,0.024999999999977263,-1,1.0
1785313446.0,R_100,822.82,0.060000000000002274,1,1.0
1785313447.0,R_100,822.87,0.024999999999977263,1,1.0
1785313448.0,R_100,822.59,0.13999999999998636,-1,1.0
1785313449.0,R_100,822.67,0.03999999999996362,1,1.0
1785313450.0,R_100,822.47,0.0999999999999659,-1,1.0
1785313451.0,R_100,822.12,0.17500000000001137,-1,1.0
1785313452.0,R_100,821.86,0.12999999999999545,-1,1.0
1785313453.0,R_100,821.71,0.07499999999998863,-1,1.0
1785313454.0,R_100,821.89,0.08999999999997499,1,1.0
1785313455.0,R_100,821.92,0.014999999999986358,1,1.0
1785313456.0,R_100,822.16,0.12000000000000455,1,1.0
1785313457.0,R_100,822.02,0.06999999999999318,-1,1.0
1785313458.0,R_100,822.27,0.125,1,1.0
1785313459.0,R_100,822.15,0.060000000000002274,-1,1.0
1785313460.0,R_100,822.16,0.0049999999999954525,1,1.0
1785313461.0,R_100,822.47,0.15500000000002956,1,1.0
1785313462.0,R_100,822.17,0.1500000000000341,-1,1.0
1785313463.0,R_100,822.09,0.03999999999996362,-1,1.0
1785313464.0,R_100,822.09,0.0,0,1.0
1785313465.0,R_100,822.14,0.024999999999977263,1,1.0
1785313466.0,R_100,822.3,0.07999999999998408,1,1.0
1785313467.0,R_100,822.49,0.09500000000002728,1,1.0
1785313468.0,R_100,822.47,0.009999999999990905,-1,1.0
1785313469.0,R_100,822.6,0.06499999999999773,1,1.0
1785313470.0,R_100,822.68,0.03999999999996362,1,1.0
1785313471.0,R_100,822.87,0.09500000000002728,1,1.0
1785313472.0,R_100,822.88,0.0049999999999954525,1,1.0
1785313473.0,R_100,822.72,0.07999999999998408,-1,1.0
1785313474.0,R_100,822.45,0.1349999999999909,-1,1.0
1785313475.0,R_100,822.49,0.01999999999998181,1,1.0
1785313476.0,R_100,822.15,0.17000000000001592,-1,1.0
1785313477.0,R_100,822.03,0.060000000000002274,-1,1.0
1785313478.0,R_100,821.94,0.04499999999995907,-1,1.0
1785313479.0,R_100,822.05,0.05499999999994998,1,1.0
1785313480.0,R_100,822.1,0.025000000000034106,1,1.0
1785313481.0,R_100,822.29,0.09499999999997044,1,1.0
1785313482.0,R_100,822.2,0.04499999999995907,-1,1.0
1785313483.0,R_100,822.2,0.0,0,1.0
1785313484.0,R_100,822.09,0.05500000000000682,-1,1.0
1785313485.0,R_100,822.0,0.045000000000015916,-1,1.0
1785313486.0,R_100,821.94,0.029999999999972715,-1,1.0
1785313487.0,R_100,822.06,0.05999999999994543,1,1.0
1785313488.0,R_100,822.13,0.03500000000002501,1,1.0
1785313489.0,R_100,822.14,0.0049999999999954525,1,1.0
1785313490.0,R_100,822.35,0.10500000000001819,1,1.0
1785313491.0,R_100,822.41,0.029999999999972715,1,1.0
1785313492.0,R_100,822.38,0.014999999999986358,-1,1.0
1785313493.0,R_100,822.43,0.024999999999977263,1,1.0
1785313494.0,R_100,822.25,0.08999999999997499,-1,1.0
1785313495.0,R_100,822.57,0.160000000000025,1,1.0
1785313496.0,R_100,822.81,0.1199999999999477,1,1.0
1785313497.0,R_100,822.79,0.009999999999990905,-1,1.0
1785313498.0,R_100,822.84,0.025000000000034106,1,1.0
1785313499.0,R_100,822.84,0.0,0,1.0
1785313500.0,R_100,822.88,0.01999999999998181,1,1.0
1785313501.0,R_100,822.87,0.0049999999999954525,-1,1.0
1785313502.0,R_100,822.87,0.0,0,1.0
1785313503.0,R_100,822.88,0.0049999999999954525,1,1.0
1785313504.0,R_100,822.9,0.009999999999990905,1,1.0
1785313505.0,R_100,823.09,0.09500000000002728,1,1.0
1785313506.0,R_100,823.01,0.040000000000020464,-1,1.0
1785313507.0,R_100,822.81,0.10000000000002274,-1,1.0
1785313508.0,R_100,822.79,0.009999999999990905,-1,1.0
1785313509.0,R_100,822.74,0.024999999999977263,-1,1.0
1785313510.0,R_100,822.71,0.014999999999986358,-1,1.0
1785313511.0,R_100,822.75,0.01999999999998181,1,1.0
1785313512.0,R_100,822.59,0.07999999999998408,-1,1.0
1785313513.0,R_100,822.78,0.09499999999997044,1,1.0
1785313514.0,R_100,822.77,0.0049999999999954525,-1,1.0
1785313515.0,R_100,822.73,0.01999999999998181,-1,1.0
1785313516.0,R_100,822.85,0.060000000000002274,1,1.0
1785313517.0,R_100,822.85,0.0,0,1.0
1785313518.0,R_100,822.95,0.05000000000001137,1,1.0
1785313519.0,R_100,822.9,0.025000000000034106,-1,1.0
1785313520.0,R_100,823.07,0.08500000000003638,1,1.0
1785313521.0,R_100,822.8,0.13500000000004775,-1,1.0
1785313522.0,R_100,822.95,0.07500000000004547,1,1.0
1785313523.0,R_100,823.08,0.06499999999999773,1,1.0
1785313524.0,R_100,823.16,0.03999999999996362,1,1.0
1785313525.0,R_100,823.07,0.04499999999995907,-1,1.0
1785313526.0,R_100,822.74,0.16500000000002046,-1,1.0
1785313527.0,R_100,822.71,0.014999999999986358,-1,1.0
1785313528.0,R_100,822.7,0.0049999999999954525,-1,1.0
1785313529.0,R_100,822.61,0.045000000000015916,-1,1.0
1785313530.0,R_100,822.64,0.014999999999986358,1,1.0
1785313531.0,R_100,822.63,0.0049999999999954525,-1,1.0
1785313532.0,R_100,822.71,0.040000000000020464,1,1.0
1785313533.0,R_100,822.68,0.015000000000043201,-1,1.0
1785313534.0,R_100,822.58,0.049999999999954525,-1,1.0
1785313535.0,R_100,822.35,0.1150000000000091,-1,1.0
1785313536.0,R_100,822.28,0.03500000000002501,-1,1.0
1785313537.0,R_100,822.24,0.01999999999998181,-1,1.0
1785313538.0,R_100,822.15,0.045000000000015916,-1,1.0
1785313539.0,R_100,822.07,0.03999999999996362,-1,1.0
1785313540.0,R_100,821.98,0.045000000000015916,-1,1.0
1785313541.0,R_100,822.01,0.014999999999986358,1,1.0
1785313542.0,R_100,821.96,0.024999999999977263,-1,1.0
1785313543.0,R_100,821.74,0.11000000000001364,-1,1.0
1785313544.0,R_100,821.87,0.06499999999999773,1,1.0
1785313545.0,R_100,821.64,0.1150000000000091,-1,1.0
1785313546.0,R_100,821.55,0.045000000000015916,-1,1.0
1785313547.0,R_100,821.42,0.06499999999999773,-1,1.0
1785313548.0,R_100,821.43,0.0049999999999954525,1,1.0
1785313549.0,R_100,821.58,0.07500000000004547,1,1.0
1785313550.0,R_100,821.54,0.020000000000038654,-1,1.0
1785313551.0,R_100,821.32,0.1099999999999568,-1,1.0
1785313552.0,R_100,821.26,0.03000000000002956,-1,1.0
1785313553.0,R_100,821.18,0.040000000000020464,-1,1.0
1785313554.0,R_100,821.49,0.15500000000002956,1,1.0
1785313555.0,R_100,821.34,0.07499999999998863,-1,1.0
1785313556.0,R_100,821.21,0.06499999999999773,-1,1.0
1785313557.0,R_100,821.28,0.03499999999996817,1,1.0
1785313558.0,R_100,821.29,0.0049999999999954525,1,1.0
1785313559.0,R_100,821.36,0.03500000000002501,1,1.0
1785313560.0,R_100,821.35,0.0049999999999954525,-1,1.0
1785313561.0,R_100,821.59,0.12000000000000455,1,1.0
1785313562.0,R_100,821.56,0.015000000000043201,-1,1.0
1785313563.0,R_100,821.37,0.09499999999997044,-1,1.0
1785313564.0,R_100,821.47,0.05000000000001137,1,1.0
1785313565.0,R_100,821.48,0.0049999999999954525,1,1.0
1785313566.0,R_100,821.63,0.07499999999998863,1,1.0
1785313567.0,R_100,821.61,0.009999999999990905,-1,1.0
1785313568.0,R_100,821.76,0.07499999999998863,1,1.0
1785313569.0,R_100,821.73,0.014999999999986358,-1,1.0
1785313570.0,R_100,821.6,0.06499999999999773,-1,1.0
1785313571.0,R_100,821.71,0.05500000000000682,1,1.0
1785313572.0,R_100,821.67,0.020000000000038654,-1,1.0
1785313573.0,R_100,822.01,0.17000000000001592,1,1.0
1785313574.0,R_100,822.15,0.06999999999999318,1,1.0
1785313575.0,R_100,822.24,0.045000000000015916,1,1.0
1785313576.0,R_100,822.37,0.06499999999999773,1,1.0
1785313577.0,R_100,822.27,0.05000000000001137,-1,1.0
1785313578.0,R_100,822.35,0.040000000000020464,1,1.0
1785313579.0,R_100,822.52,0.08499999999997954,1,1.0
1785313580.0,R_100,822.26,0.12999999999999545,-1,1.0
1785313581.0,R_100,822.19,0.03499999999996817,-1,1.0
1785313582.0,R_100,822.12,0.03500000000002501,-1,1.0
1785313583.0,R_100,822.28,0.07999999999998408,1,1.0
1785313584.0,R_100,822.49,0.10500000000001819,1,1.0
1785313585.0,R_100,822.53,0.01999999999998181,1,1.0
1785313586.0,R_100,822.4,0.06499999999999773,-1,1.0
1785313587.0,R_100,822.32,0.03999999999996362,-1,1.0
1785313588.0,R_100,822.25,0.03500000000002501,-1,1.0
1785313589.0,R_100,822.08,0.08499999999997954,-1,1.0
1785313590.0,R_100,822.07,0.0049999999999954525,-1,1.0
1785313591.0,R_100,822.12,0.024999999999977263,1,1.0
1785313592.0,R_100,822.14,0.009999999999990905,1,1.0
1785313593.0,R_100,821.9,0.12000000000000455,-1,1.0
1785313594.0,R_100,821.79,0.05500000000000682,-1,1.0
1785313595.0,R_100,821.78,0.0049999999999954525,-1,1.0
1785313596.0,R_100,821.91,0.06499999999999773,1,1.0
1785313597.0,R_100,821.97,0.03000000000002956,1,1.0
1785313598.0,R_100,821.87,0.05000000000001137,-1,1.0
1785313599.0,R_100,822.08,0.10500000000001819,1,1.0
1785313600.0,R_100,822.13,0.024999999999977263,1,1.0
1785313601.0,R_100,822.17,0.01999999999998181,1,1.0
1785313602.0,R_100,822.09,0.03999999999996362,-1,1.0
1785313603.0,R_100,822.04,0.025000000000034106,-1,1.0
1785313604.0,R_100,821.98,0.029999999999972715,-1,1.0
1785313605.0,R_100,821.89,0.045000000000015916,-1,1.0
1785313606.0,R_100,821.78,0.05500000000000682,-1,1.0
1785313607.0,R_100,821.64,0.06999999999999318,-1,1.0
1785313608.0,R_100,821.66,0.009999999999990905,1,1.0
1785313609.0,R_100,821.34,0.15999999999996817,-1,1.0
1785313610.0,R_100,821.23,0.05500000000000682,-1,1.0
1785313611.0,R_100,821.17,0.03000000000002956,-1,1.0
1785313612.0,R_100,821.18,0.0049999999999954525,1,1.0
1785313613.0,R_100,821.11,0.03499999999996817,-1,1.0
1785313614.0,R_100,821.02,0.045000000000015916,-1,1.0
1785313615.0,R_100,820.91,0.05500000000000682,-1,1.0
1785313616.0,R_100,820.79,0.060000000000002274,-1,1.0
1785313617.0,R_100,820.98,0.09500000000002728,1,1.0
1785313618.0,R_100,820.95,0.014999999999986358,-1,1.0
1785313619.0,R_100,820.89,0.03000000000002956,-1,1.0
1785313620.0,R_100,820.73,0.07999999999998408,-1,1.0
1785313621.0,R_100,820.87,0.06999999999999318,1,1.0
1785313622.0,R_100,820.68,0.09500000000002728,-1,1.0
1785313623.0,R_100,820.82,0.07000000000005002,1,1.0
1785313624.0,R_100,820.82,0.0,0,1.0
1785313625.0,R_100,820.54,0.1400000000000432,-1,1.0
1785313626.0,R_100,820.77,0.1150000000000091,1,1.0
1785313627.0,R_100,820.86,0.045000000000015916,1,1.0
1785313628.0,R_100,820.98,0.060000000000002274,1,1.0
1785313629.0,R_100,821.07,0.045000000000015916,1,1.0
1785313630.0,R_100,821.06,0.005000000000052296,-1,1.0
1785313631.0,R_100,821.08,0.010000000000047748,1,1.0
1785313632.0,R_100,820.8,0.1400000000000432,-1,1.0
1785313633.0,R_100,821.12,0.160000000000025,1,1.0
1785313634.0,R_100,821.15,0.014999999999986358,1,1.0
1785313635.0,R_100,821.08,0.03499999999996817,-1,1.0
1785313636.0,R_100,821.09,0.0049999999999954525,1,1.0
1785313637.0,R_100,821.1,0.0049999999999954525,1,1.0
1785313638.0,R_100,821.05,0.025000000000034106,-1,1.0
1785313639.0,R_100,821.15,0.05000000000001137,1,1.0
1785313640.0,R_100,821.08,0.03499999999996817,-1,1.0
1785313641.0,R_100,821.18,0.049999999999954525,1,1.0
1785313642.0,R_100,821.28,0.05000000000001137,1,1.0
1785313643.0,R_100,821.24,0.01999999999998181,-1,1.0
1785313644.0,R_100,821.24,0.0,0,1.0
1785313645.0,R_100,821.33,0.045000000000015916,1,1.0
1785313646.0,R_100,821.34,0.0049999999999954525,1,1.0
1785313647.0,R_100,821.16,0.09000000000003183,-1,1.0
1785313648.0,R_100,821.22,0.03000000000002956,1,1.0
1785313649.0,R_100,821.23,0.0049999999999954525,1,1.0
1785313650.0,R_100,821.25,0.009999999999990905,1,1.0
1785313651.0,R_100,821.26,0.0049999999999954525,1,1.0
1785313652.0,R_100,821.11,0.07499999999998863,-1,1.0
1785313653.0,R_100,821.04,0.03500000000002501,-1,1.0
1785313654.0,R_100,821.12,0.040000000000020464,1,1.0
1785313655.0,R_100,821.33,0.10500000000001819,1,1.0
1785313656.0,R_100,821.5,0.08499999999997954,1,1.0
1785313657.0,R_100,821.67,0.08499999999997954,1,1.0
1785313658.0,R_100,821.76,0.045000000000015916,1,1.0
1785313659.0,R_100,821.67,0.045000000000015916,-1,1.0
1785313660.0,R_100,821.63,0.01999999999998181,-1,1.0
1785313661.0,R_100,821.7,0.03500000000002501,1,1.0
1785313662.0,R_100,821.49,0.10500000000001819,-1,1.0
1785313663.0,R_100,821.53,0.01999999999998181,1,1.0
1785313664.0,R_100,821.52,0.0049999999999954525,-1,1.0
1785313665.0,R_100,821.29,0.1150000000000091,-1,1.0
1785313666.0,R_100,821.17,0.060000000000002274,-1,1.0
1785313667.0,R_100,820.97,0.0999999999999659,-1,1.0
1785313668.0,R_100,821.02,0.024999999999977263,1,1.0
1785313669.0,R_100,820.89,0.06499999999999773,-1,1.0
1785313670.0,R_100,820.66,0.1150000000000091,-1,1.0
1785313671.0,R_100,820.71,0.025000000000034106,1,1.0
1785313672.0,R_100,820.54,0.08500000000003638,-1,1.0
1785313673.0,R_100,820.59,0.025000000000034106,1,1.0
1785313674.0,R_100,820.72,0.06499999999999773,1,1.0
1785313675.0,R_100,820.63,0.045000000000015916,-1,1.0
1785313676.0,R_100,820.8,0.08499999999997954,1,1.0
1785313677.0,R_100,820.63,0.08499999999997954,-1,1.0
1785313678.0,R_100,820.79,0.07999999999998408,1,1.0
1785313679.0,R_100,820.93,0.06999999999999318,1,1.0
1785313680.0,R_100,820.85,0.03999999999996362,-1,1.0
1785313681.0,R_100,820.9,0.024999999999977263,1,1.0
1785313682.0,R_100,820.89,0.0049999999999954525,-1,1.0
1785313683.0,R_100,820.81,0.040000000000020464,-1,1.0
1785313684.0,R_100,820.85,0.020000000000038654,1,1.0
1785313685.0,R_100,820.73,0.060000000000002274,-1,1.0
1785313686.0,R_100,820.53,0.10000000000002274,-1,1.0
1785313687.0,R_100,820.66,0.06499999999999773,1,1.0
1785313688.0,R_100,820.44,0.1099999999999568,-1,1.0
1785313689.0,R_100,820.37,0.03500000000002501,-1,1.0
1785313690.0,R_100,820.26,0.05500000000000682,-1,1.0
1785313691.0,R_100,819.93,0.16500000000002046,-1,1.0
1785313692.0,R_100,820.04,0.05500000000000682,1,1.0
1785313693.0,R_100,820.06,0.009999999999990905,1,1.0
1785313694.0,R_100,820.01,0.024999999999977263,-1,1.0
1785313695.0,R_100,819.97,0.01999999999998181,-1,1.0
1785313696.0,R_100,819.94,0.014999999999986358,-1,1.0
1785313697.0,R_100,819.71,0.1150000000000091,-1,1.0
1785313698.0,R_100,819.86,0.07499999999998863,1,1.0
1785313699.0,R_100,819.85,0.0049999999999954525,-1,1.0
1785313700.0,R_100,819.69,0.07999999999998408,-1,1.0
1785313701.0,R_100,819.63,0.03000000000002956,-1,1.0
1785313702.0,R_100,819.56,0.03500000000002501,-1,1.0
1785313703.0,R_100,819.51,0.024999999999977263,-1,1.0
1785313704.0,R_100,819.72,0.10500000000001819,1,1.0
1785313705.0,R_100,819.73,0.0049999999999954525,1,1.0
1785313706.0,R_100,819.65,0.040000000000020464,-1,1.0
1785313707.0,R_100,819.7,0.025000000000034106,1,1.0
1785313708.0,R_100,819.74,0.01999999999998181,1,1.0
1785313709.0,R_100,819.53,0.10500000000001819,-1,1.0
1785313710.0,R_100,819.27,0.12999999999999545,-1,1.0
1785313711.0,R_100,819.03,0.12000000000000455,-1,1.0
1785313712.0,R_100,818.84,0.09499999999997044,-1,1.0
1785313713.0,R_100,819.22,0.18999999999999773,1,1.0
1785313714.0,R_100,819.14,0.040000000000020464,-1,1.0
1785313715.0,R_100,819.13,0.0049999999999954525,-1,1.0
1785313716.0,R_100,819.18,0.024999999999977263,1,1.0
1785313717.0,R_100,819.03,0.07499999999998863,-1,1.0
1785313718.0,R_100,819.0,0.014999999999986358,-1,1.0
1785313719.0,R_100,818.77,0.1150000000000091,-1,1.0
1785313720.0,R_100,819.02,0.125,1,1.0
1785313721.0,R_100,818.93,0.045000000000015916,-1,1.0
1785313722.0,R_100,818.79,0.06999999999999318,-1,1.0
1785313723.0,R_100,818.71,0.03999999999996362,-1,1.0
1785313724.0,R_100,818.7,0.0049999999999954525,-1,1.0
1785313725.0,R_100,818.73,0.014999999999986358,1,1.0
1785313726.0,R_100,818.78,0.024999999999977263,1,1.0
1785313727.0,R_100,818.53,0.125,-1,1.0
1785313728.0,R_100,818.84,0.15500000000002956,1,1.0
1785313729.0,R_100,818.89,0.024999999999977263,1,1.0
1785313730.0,R_100,818.95,0.03000000000002956,1,1.0
1785313731.0,R_100,818.8,0.07500000000004547,-1,1.0
1785313732.0,R_100,818.87,0.03500000000002501,1,1.0
1785313733.0,R_100,818.92,0.024999999999977263,1,1.0
1785313734.0,R_100,819.02,0.05000000000001137,1,1.0
1785313735.0,R_100,818.82,0.0999999999999659,-1,1.0
1785313736.0,R_100,818.75,0.03500000000002501,-1,1.0
1785313737.0,R_100,818.78,0.014999999999986358,1,1.0
1785313738.0,R_100,818.48,0.14999999999997726,-1,1.0
1785313739.0,R_100,818.33,0.07499999999998863,-1,1.0
1785313740.0,R_100,818.41,0.03999999999996362,1,1.0
1785313741.0,R_100,818.42,0.0049999999999954525,1,1.0
1785313742.0,R_100,818.25,0.08499999999997954,-1,1.0
1785313743.0,R_100,818.23,0.009999999999990905,-1,1.0
1785313744.0,R_100,818.29,0.029999999999972715,1,1.0
1785313745.0,R_100,818.11,0.08999999999997499,-1,1.0
1785313746.0,R_100,818.27,0.07999999999998408,1,1.0
1785313747.0,R_100,818.19,0.03999999999996362,-1,1.0
1785313748.0,R_100,818.07,0.060000000000002274,-1,1.0
1785313749.0,R_100,818.0,0.03500000000002501,-1,1.0
1785313750.0,R_100,817.84,0.07999999999998408,-1,1.0
1785313751.0,R_100,817.69,0.07499999999998863,-1,1.0
1785313752.0,R_100,817.44,0.125,-1,1.0
1785313753.0,R_100,817.5,0.029999999999972715,1,1.0
1785313754.0,R_100,817.66,0.07999999999998408,1,1.0
1785313755.0,R_100,817.76,0.05000000000001137,1,1.0
1785313756.0,R_100,817.45,0.15499999999997272,-1,1.0
1785313757.0,R_100,817.51,0.029999999999972715,1,1.0
1785313758.0,R_100,817.5,0.0049999999999954525,-1,1.0
1785313759.0,R_100,817.6,0.05000000000001137,1,1.0
1785313760.0,R_100,817.77,0.08499999999997954,1,1.0
1785313761.0,R_100,817.93,0.07999999999998408,1,1.0
1785313762.0,R_100,818.06,0.06499999999999773,1,1.0
1785313763.0,R_100,818.4,0.17000000000001592,1,1.0
1785313764.0,R_100,818.48,0.040000000000020464,1,1.0
1785313765.0,R_100,818.28,0.10000000000002274,-1,1.0
1785313766.0,R_100,818.08,0.0999999999999659,-1,1.0
1785313767.0,R_100,818.03,0.025000000000034106,-1,1.0
1785313768.0,R_100,818.07,0.020000000000038654,1,1.0
1785313769.0,R_100,817.91,0.08000000000004093,-1,1.0
1785313770.0,R_100,817.93,0.009999999999990905,1,1.0
1785313771.0,R_100,817.9,0.014999999999986358,-1,1.0
1785313772.0,R_100,817.89,0.0049999999999954525,-1,1.0
1785313773.0,R_100,818.05,0.07999999999998408,1,1.0
1785313774.0,R_100,818.08,0.015000000000043201,1,1.0
1785313775.0,R_100,817.97,0.05500000000000682,-1,1.0
1785313776.0,R_100,818.15,0.08999999999997499,1,1.0
1785313777.0,R_100,818.23,0.040000000000020464,1,1.0
1785313778.0,R_100,818.12,0.05500000000000682,-1,1.0
1785313779.0,R_100,818.44,0.160000000000025,1,1.0
1785313780.0,R_100,818.89,0.2249999999999659,1,1.0
1785313781.0,R_100,818.92,0.014999999999986358,1,1.0
1785313782.0,R_100,819.01,0.045000000000015916,1,1.0
1785313783.0,R_100,819.0,0.0049999999999954525,-1,1.0
1785313784.0,R_100,818.74,0.12999999999999545,-1,1.0
1785313785.0,R_100,818.73,0.0049999999999954525,-1,1.0
1785313786.0,R_100,818.59,0.06999999999999318,-1,1.0
1785313787.0,R_100,818.49,0.05000000000001137,-1,1.0
1785313788.0,R_100,818.59,0.05000000000001137,1,1.0
1785313789.0,R_100,818.49,0.05000000000001137,-1,1.0
1785313790.0,R_100,818.49,0.0,0,1.0
1785313791.0,R_100,818.5,0.0049999999999954525,1,1.0
1785313792.0,R_100,818.31,0.09500000000002728,-1,1.0
1785313793.0,R_100,818.27,0.01999999999998181,-1,1.0
1785313794.0,R_100,818.22,0.024999999999977263,-1,1.0
1785313795.0,R_100,818.3,0.03999999999996362,1,1.0
1785313796.0,R_100,818.43,0.06499999999999773,1,1.0
1785313797.0,R_100,818.29,0.06999999999999318,-1,1.0
1785313798.0,R_100,818.12,0.08499999999997954,-1,1.0
1785313799.0,R_100,818.11,0.0049999999999954525,-1,1.0
1785313800.0,R_100,818.09,0.009999999999990905,-1,1.0
1785313801.0,R_100,818.11,0.009999999999990905,1,1.0
1785313802.0,R_100,818.09,0.009999999999990905,-1,1.0
1785313803.0,R_100,817.81,0.1400000000000432,-1,1.0
1785313804.0,R_100,817.95,0.07000000000005002,1,1.0
1785313805.0,R_100,818.07,0.060000000000002274,1,1.0
1785313806.0,R_100,818.08,0.0049999999999954525,1,1.0
1785313807.0,R_100,818.02,0.03000000000002956,-1,1.0
1785313808.0,R_100,818.19,0.08500000000003638,1,1.0
1785313809.0,R_100,818.01,0.09000000000003183,-1,1.0
1785313810.0,R_100,818.25,0.12000000000000455,1,1.0
1785313811.0,R_100,818.28,0.014999999999986358,1,1.0
1785313812.0,R_100,818.53,0.125,1,1.0
1785313813.0,R_100,818.52,0.0049999999999954525,-1,1.0
1785313814.0,R_100,818.58,0.03000000000002956,1,1.0
1785313815.0,R_100,818.62,0.01999999999998181,1,1.0
1785313816.0,R_100,818.71,0.045000000000015916,1,1.0
1785313817.0,R_100,818.6,0.05500000000000682,-1,1.0
